{
    "release": "2019.Q1.G.02",
    "country_code": "531",
    "country_name": "Cura\u00e7ao",
    "X": "-68.95033464",
    "Y": "12.15058042",
    "goals": [
        {
            "goalCode": "7",
            "targets": [
                {
                    "targetCode": "7.1",
                    "indicators": [
                        {
                            "indicatorCode": "7.1.1",
                            "facts": [
                                {
                                    "seriesCode": "EG_ELC_ACCS",
                                    "seriesTitle": "Proportion of population with access to electricity, by urban/rural (%)",
                                    "hub": "81cf3e70351c4895828a2486efa2142c",
                                    "slice_dimensions": {
                                        "Location": "ALLAREA"
                                    },
                                    "text_type": "1",
                                    "fact_text": "The proportion of the population with access to electricity was <span class='fact-value'>100.00</span> <span class='fact-unit'>%</span> in <span class='fact-year'>2016</span>.",
                                    "fact_values": [
                                        "100.00"
                                    ],
                                    "fact_units": [
                                        "%"
                                    ],
                                    "fact_years": [
                                        "2016"
                                    ],
                                    "data_years": [
                                        "2006",
                                        "2005",
                                        "2002",
                                        "2000",
                                        "2001",
                                        "2003",
                                        "2004",
                                        "2012",
                                        "2015",
                                        "2013",
                                        "2014",
                                        "2016",
                                        "2008",
                                        "2009",
                                        "2007",
                                        "2011",
                                        "2010"
                                    ],
                                    "data_values": [
                                        "100.00",
                                        "100.00",
                                        "100.00",
                                        "100.00",
                                        "100.00",
                                        "100.00",
                                        "100.00",
                                        "100.00",
                                        "100.00",
                                        "100.00",
                                        "100.00",
                                        "100.00",
                                        "100.00",
                                        "100.00",
                                        "100.00",
                                        "100.00",
                                        "100.00"
                                    ],
                                    "data_is_censored": [
                                        false,
                                        false,
                                        false,
                                        false,
                                        false,
                                        false,
                                        false,
                                        false,
                                        false,
                                        false,
                                        false,
                                        false,
                                        false,
                                        false,
                                        false,
                                        false,
                                        false
                                    ],
                                    "data_numeric_part": [
                                        100.0,
                                        100.0,
                                        100.0,
                                        100.0,
                                        100.0,
                                        100.0,
                                        100.0,
                                        100.0,
                                        100.0,
                                        100.0,
                                        100.0,
                                        100.0,
                                        100.0,
                                        100.0,
                                        100.0,
                                        100.0,
                                        100.0
                                    ],
                                    "preferred_visualization": "time_series"
                                }
                            ]
                        }
                    ]
                }
            ]
        },
        {
            "goalCode": "8",
            "targets": [
                {
                    "targetCode": "8.5",
                    "indicators": [
                        {
                            "indicatorCode": "8.5.2",
                            "facts": [
                                {
                                    "seriesCode": "SL_TLF_UEM",
                                    "seriesTitle": "Unemployment rate, by sex and age (%)",
                                    "hub": "72c32323563d4a0b9432c9edcb85267a",
                                    "slice_dimensions": {
                                        "Age": "15+",
                                        "Sex": "BOTHSEX"
                                    },
                                    "text_type": "1",
                                    "fact_text": "The total unemployment rate was <span class='fact-value'>11.7</span> <span class='fact-unit'>%</span> in <span class='fact-year'>2015</span>.",
                                    "fact_values": [
                                        "11.7"
                                    ],
                                    "fact_units": [
                                        "%"
                                    ],
                                    "fact_years": [
                                        "2015"
                                    ],
                                    "data_years": [
                                        "2015",
                                        "2014",
                                        "2013",
                                        "2011"
                                    ],
                                    "data_values": [
                                        "11.7",
                                        "12.6",
                                        "13.0",
                                        "9.8"
                                    ],
                                    "data_is_censored": [
                                        false,
                                        false,
                                        false,
                                        false
                                    ],
                                    "data_numeric_part": [
                                        12.0,
                                        13.0,
                                        13.0,
                                        9.8
                                    ],
                                    "preferred_visualization": "time_series"
                                }
                            ]
                        }
                    ]
                },
                {
                    "targetCode": "8.1",
                    "indicators": [
                        {
                            "indicatorCode": "8.1.1",
                            "facts": [
                                {
                                    "seriesCode": "NY_GDP_PCAP",
                                    "seriesTitle": "Annual growth rate of real GDP per capita (%)",
                                    "hub": "3cb997d2497148e68dca6787fcb84ca5",
                                    "slice_dimensions": {},
                                    "text_type": "1",
                                    "fact_text": "The annual growth rate of real gross domestic product (GDP) per capita was <span class='fact-value'>-2.45</span> <span class='fact-unit'>%</span> in <span class='fact-year'>2017</span>.",
                                    "fact_values": [
                                        "-2.45"
                                    ],
                                    "fact_units": [
                                        "%"
                                    ],
                                    "fact_years": [
                                        "2017"
                                    ],
                                    "data_years": [
                                        "2007",
                                        "2008",
                                        "2009",
                                        "2010",
                                        "2006",
                                        "2011",
                                        "2017",
                                        "2016",
                                        "2015",
                                        "2012",
                                        "2013",
                                        "2014"
                                    ],
                                    "data_values": [
                                        "-0.25",
                                        "-0.91",
                                        "-3.44",
                                        "-2.41",
                                        "-0.29",
                                        "-1.38",
                                        "-2.45",
                                        "-1.83",
                                        "-0.67",
                                        "-1.70",
                                        "-2.02",
                                        "-2.16"
                                    ],
                                    "data_is_censored": [
                                        false,
                                        false,
                                        false,
                                        false,
                                        false,
                                        false,
                                        false,
                                        false,
                                        false,
                                        false,
                                        false,
                                        false
                                    ],
                                    "data_numeric_part": [
                                        -0.25,
                                        -0.91,
                                        -3.44,
                                        -2.41,
                                        -0.29,
                                        -1.38,
                                        -2.45,
                                        -1.83,
                                        -0.67,
                                        -1.7,
                                        -2.02,
                                        -2.16
                                    ],
                                    "preferred_visualization": "time_series"
                                }
                            ]
                        }
                    ]
                }
            ]
        },
        {
            "goalCode": "9",
            "targets": [
                {
                    "targetCode": "9.4",
                    "indicators": [
                        {
                            "indicatorCode": "9.4.1",
                            "facts": [
                                {
                                    "seriesCode": "EN_ATM_CO2GDP",
                                    "seriesTitle": "Carbon dioxide emissions per unit of GDP (kilogrammes of CO2 per constant 2010 United States dollars)",
                                    "hub": "b5ff535a5fa841659c576685489dfac7",
                                    "slice_dimensions": {},
                                    "text_type": "1",
                                    "fact_text": "The carbon dioxide emissions per unit of GDP decreased from <span class='fact-value'>2.68</span> <span class='fact-unit'> kilograms</span> in <span class='fact-year'>2000</span> to <span class='fact-value'>2.5 kilograms</span>  in  <span class='fact-year'>2016</span>.",
                                    "fact_values": [
                                        "2.68",
                                        "2.5"
                                    ],
                                    "fact_units": [
                                        " kilograms",
                                        " kilograms"
                                    ],
                                    "fact_years": [
                                        "2000",
                                        "2016"
                                    ],
                                    "data_years": [
                                        "2000",
                                        "2002",
                                        "2003",
                                        "2004",
                                        "2005",
                                        "2006",
                                        "2001",
                                        "2007",
                                        "2008",
                                        "2009",
                                        "2010",
                                        "2011",
                                        "2012",
                                        "2013",
                                        "2014",
                                        "2015",
                                        "2016"
                                    ],
                                    "data_values": [
                                        "2.68",
                                        "2.53",
                                        "2.52",
                                        "2.58",
                                        "2.66",
                                        "2.53",
                                        "2.64",
                                        "2.65",
                                        "2.58",
                                        "2.51",
                                        "1.82",
                                        "2.26",
                                        "2.72",
                                        "2.59",
                                        "2.74",
                                        "2.8",
                                        "2.5"
                                    ],
                                    "data_is_censored": [
                                        false,
                                        false,
                                        false,
                                        false,
                                        false,
                                        false,
                                        false,
                                        false,
                                        false,
                                        false,
                                        false,
                                        false,
                                        false,
                                        false,
                                        false,
                                        false,
                                        false
                                    ],
                                    "data_numeric_part": [
                                        2.7,
                                        2.5,
                                        2.5,
                                        2.6,
                                        2.7,
                                        2.5,
                                        2.6,
                                        2.7,
                                        2.6,
                                        2.5,
                                        1.8,
                                        2.3,
                                        2.7,
                                        2.6,
                                        2.7,
                                        2.8,
                                        2.5
                                    ],
                                    "preferred_visualization": "time_series"
                                }
                            ]
                        }
                    ]
                },
                {
                    "targetCode": "9.c",
                    "indicators": [
                        {
                            "indicatorCode": "9.c.1",
                            "facts": [
                                {
                                    "seriesCode": "IT_MOB_NTWK",
                                    "seriesTitle": "Proportion of population covered by a mobile network, by technology (%)",
                                    "hub": "8943ce6f81b44120b6124fedb3b094d8",
                                    "slice_dimensions": {
                                        "Type of mobile technology": "AL2G"
                                    },
                                    "text_type": "2",
                                    "fact_text": "In <span class='fact-year'>2017</span>, <span class='fact-value'>100.00</span> <span class='fact-unit'>% </span> of the population was in range of at least a second-generation (2G) cellular signal",
                                    "fact_values": [
                                        "100.00"
                                    ],
                                    "fact_units": [
                                        "% "
                                    ],
                                    "fact_years": [
                                        "2017"
                                    ],
                                    "data_years": [
                                        "2014",
                                        "2015",
                                        "2016",
                                        "2017"
                                    ],
                                    "data_values": [
                                        "100.00",
                                        "100.00",
                                        "100.00",
                                        "100.00"
                                    ],
                                    "data_is_censored": [
                                        false,
                                        false,
                                        false,
                                        false
                                    ],
                                    "data_numeric_part": [
                                        100.0,
                                        100.0,
                                        100.0,
                                        100.0
                                    ],
                                    "preferred_visualization": "time_series"
                                }
                            ]
                        }
                    ]
                }
            ]
        },
        {
            "goalCode": "14",
            "targets": [
                {
                    "targetCode": "14.5",
                    "indicators": [
                        {
                            "indicatorCode": "14.5.1",
                            "facts": [
                                {
                                    "seriesCode": "ER_MRN_MARIN",
                                    "seriesTitle": "Coverage of protected areas in relation to marine areas (Exclusive Economic Zones) (%)",
                                    "hub": "2a0cad7f76284e8c978bfcb0fa15cd76",
                                    "slice_dimensions": {},
                                    "text_type": "8",
                                    "fact_text": "In <span class='fact-year'> 2018</span> , <span class='fact-value'> 0.03817</span>  <span class='fact-unit'>% </span> of the marine environment under national jurisdiction (up to 200 nautical miles from shore) was under protection.",
                                    "fact_values": [
                                        "0.03817"
                                    ],
                                    "fact_units": [
                                        "% "
                                    ],
                                    "fact_years": [
                                        "2018"
                                    ],
                                    "data_years": [
                                        "2018"
                                    ],
                                    "data_values": [
                                        "0.03817"
                                    ],
                                    "data_is_censored": [
                                        false
                                    ],
                                    "data_numeric_part": [
                                        0.04
                                    ],
                                    "preferred_visualization": "singleton"
                                }
                            ]
                        }
                    ]
                }
            ]
        },
        {
            "goalCode": "15",
            "targets": [
                {
                    "targetCode": "15.1",
                    "indicators": [
                        {
                            "indicatorCode": "15.1.1",
                            "facts": [
                                {
                                    "seriesCode": "AG_LND_FRST",
                                    "seriesTitle": "Forest area as a proportion of total land area (%)",
                                    "hub": "e23061ce674142b5b33c46ea5e031658",
                                    "slice_dimensions": {},
                                    "text_type": "1",
                                    "fact_text": "Land area covered by forest was <span class='fact-value'>0.17342</span> <span class='fact-unit'>%</span> in <span class='fact-year'>2015</span>.",
                                    "fact_values": [
                                        "0.17342"
                                    ],
                                    "fact_units": [
                                        "%"
                                    ],
                                    "fact_years": [
                                        "2015"
                                    ],
                                    "data_years": [
                                        "2015",
                                        "2010",
                                        "2005",
                                        "2000"
                                    ],
                                    "data_values": [
                                        "0.17342",
                                        "0.17342",
                                        "0.17342",
                                        "0.17342"
                                    ],
                                    "data_is_censored": [
                                        false,
                                        false,
                                        false,
                                        false
                                    ],
                                    "data_numeric_part": [
                                        0.17,
                                        0.17,
                                        0.17,
                                        0.17
                                    ],
                                    "preferred_visualization": "time_series"
                                }
                            ]
                        },
                        {
                            "indicatorCode": "15.1.2",
                            "facts": [
                                {
                                    "seriesCode": "ER_PTD_TERRS",
                                    "seriesTitle": "Average proportion of Terrestrial Key Biodiversity Areas (KBAs) covered by protected areas (%)",
                                    "hub": "c2c0216c53744dd7b5278e398328bc99",
                                    "slice_dimensions": {
                                        "Bounds": "MP"
                                    },
                                    "text_type": "7",
                                    "fact_text": "The average proportion of terrestrial key biodiversity areas (KBAs) covered by protected areas was <span class='fact-value'> 50.51854</span>  <span class='fact-unit'>%</span>  in <span class='fact-year'> 2018</span> .",
                                    "fact_values": [
                                        "50.51854"
                                    ],
                                    "fact_units": [
                                        "%"
                                    ],
                                    "fact_years": [
                                        "2018"
                                    ],
                                    "data_years": [
                                        "2018",
                                        "2017",
                                        "2011",
                                        "2012",
                                        "2013",
                                        "2014",
                                        "2015",
                                        "2016",
                                        "2004",
                                        "2005",
                                        "2006",
                                        "2007",
                                        "2008",
                                        "2009",
                                        "2003",
                                        "2000",
                                        "2001",
                                        "2002",
                                        "2010"
                                    ],
                                    "data_values": [
                                        "50.51854",
                                        "50.51854",
                                        "7.61611",
                                        "7.61611",
                                        "50.51854",
                                        "50.51854",
                                        "50.51854",
                                        "50.51854",
                                        "7.61611",
                                        "7.61611",
                                        "7.61611",
                                        "7.61611",
                                        "7.61611",
                                        "7.61611",
                                        "7.61611",
                                        "7.61611",
                                        "7.61611",
                                        "7.61611",
                                        "7.61611"
                                    ],
                                    "data_is_censored": [
                                        false,
                                        false,
                                        false,
                                        false,
                                        false,
                                        false,
                                        false,
                                        false,
                                        false,
                                        false,
                                        false,
                                        false,
                                        false,
                                        false,
                                        false,
                                        false,
                                        false,
                                        false,
                                        false
                                    ],
                                    "data_numeric_part": [
                                        51.0,
                                        51.0,
                                        7.6,
                                        7.6,
                                        51.0,
                                        51.0,
                                        51.0,
                                        51.0,
                                        7.6,
                                        7.6,
                                        7.6,
                                        7.6,
                                        7.6,
                                        7.6,
                                        7.6,
                                        7.6,
                                        7.6,
                                        7.6,
                                        7.6
                                    ],
                                    "preferred_visualization": "time_series"
                                }
                            ]
                        }
                    ]
                }
            ]
        },
        {
            "goalCode": "17",
            "targets": [
                {
                    "targetCode": "17.6",
                    "indicators": [
                        {
                            "indicatorCode": "17.6.2",
                            "facts": [
                                {
                                    "seriesCode": "IT_NET_BBP",
                                    "seriesTitle": "Fixed Internet broadband subscriptions per 100\u00a0inhabitants, by speed (per 100 inhabitants)",
                                    "hub": "f59cf3f8a0ec41a2b601a28682e6f2c8",
                                    "slice_dimensions": {
                                        "Type of speed": "ANYS"
                                    },
                                    "text_type": "15",
                                    "fact_text": "In <span class='fact-year'> 2017</span> , fixed-broadband internet penetration reached <span class='fact-value'> 30.74</span>  <span class='fact-unit'>% of the population</span> .",
                                    "fact_values": [
                                        "% of the population"
                                    ],
                                    "fact_units": [
                                        "%"
                                    ],
                                    "fact_years": [
                                        "2017"
                                    ],
                                    "data_years": [
                                        "2012",
                                        "2013",
                                        "2011",
                                        "2014",
                                        "2015",
                                        "2016",
                                        "2017"
                                    ],
                                    "data_values": [
                                        "23.26",
                                        "23.89",
                                        "21.12",
                                        "24.70",
                                        "25.31",
                                        "26.80",
                                        "30.74"
                                    ],
                                    "data_is_censored": [
                                        false,
                                        false,
                                        false,
                                        false,
                                        false,
                                        false,
                                        false
                                    ],
                                    "data_numeric_part": [
                                        23.0,
                                        24.0,
                                        21.0,
                                        25.0,
                                        25.0,
                                        27.0,
                                        31.0
                                    ],
                                    "preferred_visualization": "time_series"
                                }
                            ]
                        }
                    ]
                },
                {
                    "targetCode": "17.18",
                    "indicators": [
                        {
                            "indicatorCode": "17.18.3",
                            "facts": [
                                {
                                    "seriesCode": "SG_STT_NSDSFND",
                                    "seriesTitle": "Countries with national statistical plans that are fully funded (1 = YES; 0 = NO)",
                                    "hub": "bc201a5c69e94e23b45bad86c828f1be",
                                    "slice_dimensions": {},
                                    "text_type": "12",
                                    "fact_text": "As of <span class='fact-year'> 2018</span> , Cura\u00e7ao has developed national statistical plans that are fully funded.",
                                    "fact_values": [
                                        "1"
                                    ],
                                    "fact_units": [
                                        ""
                                    ],
                                    "fact_years": [
                                        "2018"
                                    ],
                                    "data_years": [
                                        "2018"
                                    ],
                                    "data_values": [
                                        "1"
                                    ],
                                    "data_is_censored": [
                                        false
                                    ],
                                    "data_numeric_part": [
                                        1.0
                                    ],
                                    "preferred_visualization": "boolean"
                                }
                            ]
                        }
                    ]
                }
            ]
        }
    ]
}