{
    "release": "2019.Q1.G.02",
    "country_code": "20",
    "country_name": "Andorra",
    "X": "1.576257417",
    "Y": "42.54548611",
    "goals": [
        {
            "goalCode": "3",
            "targets": [
                {
                    "targetCode": "3.2",
                    "indicators": [
                        {
                            "indicatorCode": "3.2.1",
                            "facts": [
                                {
                                    "seriesCode": "SH_DYN_MORT",
                                    "seriesTitle": "Under-five mortality rate, by sex (deaths per 1,000 live births)",
                                    "hub": "216c7516b9444f289e8f7910c8726e9f",
                                    "slice_dimensions": {
                                        "Age": "<5Y",
                                        "Sex": "BOTHSEX"
                                    },
                                    "text_type": "1",
                                    "fact_text": "The mortality rate of children under age 5 fell from <span class='fact-value'>5</span> <span class='fact-unit'> per 1,000 live births</span> in <span class='fact-year'>2000</span> to <span class='fact-value'>3.3 per 1,000 live births</span>  in  <span class='fact-year'>2017</span>.",
                                    "fact_values": [
                                        "5",
                                        "3.3"
                                    ],
                                    "fact_units": [
                                        " per 1,000 live births",
                                        " per 1,000 live births"
                                    ],
                                    "fact_years": [
                                        "2000",
                                        "2017"
                                    ],
                                    "data_years": [
                                        "2006",
                                        "2007",
                                        "2008",
                                        "2002",
                                        "2000",
                                        "2001",
                                        "2005",
                                        "2003",
                                        "2004",
                                        "2016",
                                        "2017",
                                        "2015",
                                        "2010",
                                        "2011",
                                        "2009",
                                        "2013",
                                        "2014",
                                        "2012"
                                    ],
                                    "data_values": [
                                        "4.2",
                                        "4.2",
                                        "4.1",
                                        "4.7",
                                        "5",
                                        "4.8",
                                        "4.3",
                                        "4.5",
                                        "4.4",
                                        "3.4",
                                        "3.3",
                                        "3.5",
                                        "3.9",
                                        "3.9",
                                        "4",
                                        "3.7",
                                        "3.6",
                                        "3.8"
                                    ],
                                    "data_is_censored": [
                                        false,
                                        false,
                                        false,
                                        false,
                                        false,
                                        false,
                                        false,
                                        false,
                                        false,
                                        false,
                                        false,
                                        false,
                                        false,
                                        false,
                                        false,
                                        false,
                                        false,
                                        false
                                    ],
                                    "data_numeric_part": [
                                        4.2,
                                        4.2,
                                        4.1,
                                        4.7,
                                        5.0,
                                        4.8,
                                        4.3,
                                        4.5,
                                        4.4,
                                        3.4,
                                        3.3,
                                        3.5,
                                        3.9,
                                        3.9,
                                        4.0,
                                        3.7,
                                        3.6,
                                        3.8
                                    ],
                                    "preferred_visualization": "time_series"
                                }
                            ]
                        }
                    ]
                }
            ]
        },
        {
            "goalCode": "5",
            "targets": [
                {
                    "targetCode": "5.5",
                    "indicators": [
                        {
                            "indicatorCode": "5.5.1",
                            "facts": [
                                {
                                    "seriesCode": "SG_GEN_PARL",
                                    "seriesTitle": "Proportion of seats held by women in national parliaments (% of total number of seats)",
                                    "hub": "337524c727bd498c8726f9f6bc6512e1",
                                    "slice_dimensions": {
                                        "Sex": "FEMALE"
                                    },
                                    "text_type": "1",
                                    "fact_text": "The proportion of seats held by women in single or lower houses of parliament increased from <span class='fact-value'>7.1429</span> <span class='fact-unit'>%</span> in <span class='fact-year'>2000</span> to <span class='fact-value'>32.1429%</span>  in  <span class='fact-year'>2018</span>.",
                                    "fact_values": [
                                        "7.1429",
                                        "32.1429"
                                    ],
                                    "fact_units": [
                                        "%",
                                        "%"
                                    ],
                                    "fact_years": [
                                        "2000",
                                        "2018"
                                    ],
                                    "data_years": [
                                        "2016",
                                        "2013",
                                        "2017",
                                        "2015",
                                        "2018",
                                        "2014",
                                        "2004",
                                        "2006",
                                        "2005",
                                        "2001",
                                        "2000",
                                        "2003",
                                        "2002",
                                        "2011",
                                        "2010",
                                        "2012",
                                        "2007",
                                        "2009",
                                        "2008"
                                    ],
                                    "data_values": [
                                        "39.2857",
                                        "50",
                                        "32.1429",
                                        "50",
                                        "32.1429",
                                        "50",
                                        "14.2857",
                                        "28.5714",
                                        "14.2857",
                                        "7.1429",
                                        "7.1429",
                                        "14.2857",
                                        "14.2857",
                                        "35.7143",
                                        "35.7143",
                                        "50",
                                        "28.5714",
                                        "25",
                                        "25"
                                    ],
                                    "data_is_censored": [
                                        false,
                                        false,
                                        false,
                                        false,
                                        false,
                                        false,
                                        false,
                                        false,
                                        false,
                                        false,
                                        false,
                                        false,
                                        false,
                                        false,
                                        false,
                                        false,
                                        false,
                                        false,
                                        false
                                    ],
                                    "data_numeric_part": [
                                        39.0,
                                        50.0,
                                        32.0,
                                        50.0,
                                        32.0,
                                        50.0,
                                        14.0,
                                        29.0,
                                        14.0,
                                        7.1,
                                        7.1,
                                        14.0,
                                        14.0,
                                        36.0,
                                        36.0,
                                        50.0,
                                        29.0,
                                        25.0,
                                        25.0
                                    ],
                                    "preferred_visualization": "time_series"
                                }
                            ]
                        }
                    ]
                }
            ]
        },
        {
            "goalCode": "6",
            "targets": [
                {
                    "targetCode": "6.2",
                    "indicators": [
                        {
                            "indicatorCode": "6.2.1",
                            "facts": [
                                {
                                    "seriesCode": "SH_SAN_SAFE",
                                    "seriesTitle": "Proportion of population using safely managed sanitation services, by urban/rural (%)",
                                    "hub": "28a9a3072fd940aa9fb0f983d25ef65f",
                                    "slice_dimensions": {
                                        "Location": "ALLAREA"
                                    },
                                    "text_type": "2",
                                    "fact_text": "In <span class='fact-year'>2015</span>, <span class='fact-value'>100</span> <span class='fact-unit'>% </span> of the population used a \"safely managed\" sanitation service - a basic facility that safely disposes of human waste",
                                    "fact_values": [
                                        "100"
                                    ],
                                    "fact_units": [
                                        "% "
                                    ],
                                    "fact_years": [
                                        "2015"
                                    ],
                                    "data_years": [
                                        "2001",
                                        "2014",
                                        "2011",
                                        "2002",
                                        "2006",
                                        "2000",
                                        "2003",
                                        "2005",
                                        "2015",
                                        "2004",
                                        "2012",
                                        "2009",
                                        "2008",
                                        "2010",
                                        "2013",
                                        "2007"
                                    ],
                                    "data_values": [
                                        "15.31473",
                                        "100",
                                        "100",
                                        "24.16659",
                                        "59.57407",
                                        "6.46286",
                                        "33.01846",
                                        "50.7222",
                                        "100",
                                        "41.87033",
                                        "100",
                                        "86.12967",
                                        "77.2778",
                                        "94.98154",
                                        "100",
                                        "68.42593"
                                    ],
                                    "data_is_censored": [
                                        false,
                                        false,
                                        false,
                                        false,
                                        false,
                                        false,
                                        false,
                                        false,
                                        false,
                                        false,
                                        false,
                                        false,
                                        false,
                                        false,
                                        false,
                                        false
                                    ],
                                    "data_numeric_part": [
                                        15.0,
                                        100.0,
                                        100.0,
                                        24.0,
                                        60.0,
                                        6.5,
                                        33.0,
                                        51.0,
                                        100.0,
                                        42.0,
                                        100.0,
                                        86.0,
                                        77.0,
                                        95.0,
                                        100.0,
                                        68.0
                                    ],
                                    "preferred_visualization": "time_series"
                                }
                            ]
                        }
                    ]
                }
            ]
        },
        {
            "goalCode": "7",
            "targets": [
                {
                    "targetCode": "7.1",
                    "indicators": [
                        {
                            "indicatorCode": "7.1.1",
                            "facts": [
                                {
                                    "seriesCode": "EG_ELC_ACCS",
                                    "seriesTitle": "Proportion of population with access to electricity, by urban/rural (%)",
                                    "hub": "81cf3e70351c4895828a2486efa2142c",
                                    "slice_dimensions": {
                                        "Location": "ALLAREA"
                                    },
                                    "text_type": "1",
                                    "fact_text": "The proportion of the population with access to electricity was <span class='fact-value'>100.00</span> <span class='fact-unit'>%</span> in <span class='fact-year'>2016</span>.",
                                    "fact_values": [
                                        "100.00"
                                    ],
                                    "fact_units": [
                                        "%"
                                    ],
                                    "fact_years": [
                                        "2016"
                                    ],
                                    "data_years": [
                                        "2006",
                                        "2005",
                                        "2002",
                                        "2000",
                                        "2001",
                                        "2004",
                                        "2003",
                                        "2012",
                                        "2015",
                                        "2016",
                                        "2013",
                                        "2014",
                                        "2009",
                                        "2007",
                                        "2008",
                                        "2011",
                                        "2010"
                                    ],
                                    "data_values": [
                                        "100.00",
                                        "100.00",
                                        "100.00",
                                        "100.00",
                                        "100.00",
                                        "100.00",
                                        "100.00",
                                        "100.00",
                                        "100.00",
                                        "100.00",
                                        "100.00",
                                        "100.00",
                                        "100.00",
                                        "100.00",
                                        "100.00",
                                        "100.00",
                                        "100.00"
                                    ],
                                    "data_is_censored": [
                                        false,
                                        false,
                                        false,
                                        false,
                                        false,
                                        false,
                                        false,
                                        false,
                                        false,
                                        false,
                                        false,
                                        false,
                                        false,
                                        false,
                                        false,
                                        false,
                                        false
                                    ],
                                    "data_numeric_part": [
                                        100.0,
                                        100.0,
                                        100.0,
                                        100.0,
                                        100.0,
                                        100.0,
                                        100.0,
                                        100.0,
                                        100.0,
                                        100.0,
                                        100.0,
                                        100.0,
                                        100.0,
                                        100.0,
                                        100.0,
                                        100.0,
                                        100.0
                                    ],
                                    "preferred_visualization": "time_series"
                                }
                            ]
                        },
                        {
                            "indicatorCode": "7.1.2",
                            "facts": [
                                {
                                    "seriesCode": "EG_EGY_CLEAN",
                                    "seriesTitle": "Proportion of population with primary reliance on clean fuels and technology (%)",
                                    "hub": "b087399f0b874ab9948714edcd49cbdd",
                                    "slice_dimensions": {},
                                    "text_type": "8",
                                    "fact_text": "In <span class='fact-year'> 2017</span> , <span class='fact-value'> more than 95</span>  <span class='fact-unit'>% </span> of the population relied primarily on clean fuels and technology.",
                                    "fact_values": [
                                        "more than 95"
                                    ],
                                    "fact_units": [
                                        "% "
                                    ],
                                    "fact_years": [
                                        "2017"
                                    ],
                                    "data_years": [
                                        "2017",
                                        "2016",
                                        "2015",
                                        "2010",
                                        "2005",
                                        "2000"
                                    ],
                                    "data_values": [
                                        "more than 95",
                                        "more than 95",
                                        "more than 95",
                                        "more than 95",
                                        "more than 95",
                                        "more than 95"
                                    ],
                                    "data_is_censored": [
                                        true,
                                        true,
                                        true,
                                        true,
                                        true,
                                        true
                                    ],
                                    "data_numeric_part": [
                                        95.0,
                                        95.0,
                                        95.0,
                                        95.0,
                                        95.0,
                                        95.0
                                    ],
                                    "preferred_visualization": "time_series"
                                }
                            ]
                        }
                    ]
                }
            ]
        },
        {
            "goalCode": "8",
            "targets": [
                {
                    "targetCode": "8.1",
                    "indicators": [
                        {
                            "indicatorCode": "8.1.1",
                            "facts": [
                                {
                                    "seriesCode": "NY_GDP_PCAP",
                                    "seriesTitle": "Annual growth rate of real GDP per capita (%)",
                                    "hub": "3cb997d2497148e68dca6787fcb84ca5",
                                    "slice_dimensions": {},
                                    "text_type": "1",
                                    "fact_text": "The annual growth rate of real gross domestic product (GDP) per capita increased from <span class='fact-value'>-0.41</span> <span class='fact-unit'>%</span> in <span class='fact-year'>2000</span> to <span class='fact-value'>2.14%</span>  in  <span class='fact-year'>2017</span>.",
                                    "fact_values": [
                                        "-0.41",
                                        "2.14"
                                    ],
                                    "fact_units": [
                                        "%",
                                        "%"
                                    ],
                                    "fact_years": [
                                        "2000",
                                        "2017"
                                    ],
                                    "data_years": [
                                        "2009",
                                        "2010",
                                        "2011",
                                        "2012",
                                        "2004",
                                        "2005",
                                        "2008",
                                        "2007",
                                        "2006",
                                        "2013",
                                        "2014",
                                        "2015",
                                        "2016",
                                        "2017",
                                        "2003",
                                        "2000",
                                        "2002",
                                        "2001"
                                    ],
                                    "data_values": [
                                        "-4.38",
                                        "-5.34",
                                        "-3.85",
                                        "-0.04",
                                        "3.32",
                                        "3.83",
                                        "-9.87",
                                        "-2.01",
                                        "1.79",
                                        "2.39",
                                        "4.30",
                                        "2.40",
                                        "2.86",
                                        "2.14",
                                        "7.37",
                                        "-0.41",
                                        "2.35",
                                        "1.52"
                                    ],
                                    "data_is_censored": [
                                        false,
                                        false,
                                        false,
                                        false,
                                        false,
                                        false,
                                        false,
                                        false,
                                        false,
                                        false,
                                        false,
                                        false,
                                        false,
                                        false,
                                        false,
                                        false,
                                        false,
                                        false
                                    ],
                                    "data_numeric_part": [
                                        -4.38,
                                        -5.34,
                                        -3.85,
                                        -0.04,
                                        3.3,
                                        3.8,
                                        -9.87,
                                        -2.01,
                                        1.8,
                                        2.4,
                                        4.3,
                                        2.4,
                                        2.9,
                                        2.1,
                                        7.4,
                                        -0.41,
                                        2.4,
                                        1.5
                                    ],
                                    "preferred_visualization": "time_series"
                                }
                            ]
                        }
                    ]
                }
            ]
        },
        {
            "goalCode": "9",
            "targets": [
                {
                    "targetCode": "9.c",
                    "indicators": [
                        {
                            "indicatorCode": "9.c.1",
                            "facts": [
                                {
                                    "seriesCode": "IT_MOB_NTWK",
                                    "seriesTitle": "Proportion of population covered by a mobile network, by technology (%)",
                                    "hub": "8943ce6f81b44120b6124fedb3b094d8",
                                    "slice_dimensions": {
                                        "Type of mobile technology": "AL2G"
                                    },
                                    "text_type": "2",
                                    "fact_text": "In <span class='fact-year'>2017</span>, <span class='fact-value'>99.50</span> <span class='fact-unit'>% </span> of the population was in range of at least a second-generation (2G) cellular signal",
                                    "fact_values": [
                                        "99.50"
                                    ],
                                    "fact_units": [
                                        "% "
                                    ],
                                    "fact_years": [
                                        "2017"
                                    ],
                                    "data_years": [
                                        "2012",
                                        "2013",
                                        "2014",
                                        "2007",
                                        "2017",
                                        "2006",
                                        "2009",
                                        "2016",
                                        "2008",
                                        "2010",
                                        "2015",
                                        "2005",
                                        "2001",
                                        "2011"
                                    ],
                                    "data_values": [
                                        "99.10",
                                        "99.10",
                                        "99.10",
                                        "99.00",
                                        "99.50",
                                        "91.30",
                                        "99.10",
                                        "99.50",
                                        "99.00",
                                        "99.10",
                                        "99.50",
                                        "91.30",
                                        "91.00",
                                        "99.10"
                                    ],
                                    "data_is_censored": [
                                        false,
                                        false,
                                        false,
                                        false,
                                        false,
                                        false,
                                        false,
                                        false,
                                        false,
                                        false,
                                        false,
                                        false,
                                        false,
                                        false
                                    ],
                                    "data_numeric_part": [
                                        99.0,
                                        99.0,
                                        99.0,
                                        99.0,
                                        100.0,
                                        91.0,
                                        99.0,
                                        100.0,
                                        99.0,
                                        99.0,
                                        100.0,
                                        91.0,
                                        91.0,
                                        99.0
                                    ],
                                    "preferred_visualization": "time_series"
                                }
                            ]
                        }
                    ]
                }
            ]
        },
        {
            "goalCode": "11",
            "targets": [
                {
                    "targetCode": "11.6",
                    "indicators": [
                        {
                            "indicatorCode": "11.6.2",
                            "facts": [
                                {
                                    "seriesCode": "EN_ATM_PM25",
                                    "seriesTitle": "Annual mean levels of fine particulate matter in cities, urban population (micrograms per cubic meter)",
                                    "hub": "5b43bb59961a46daa3b8af9384f60103",
                                    "slice_dimensions": {
                                        "Location": "ALLAREA"
                                    },
                                    "text_type": "10",
                                    "fact_text": "In <span class='fact-year'> 2016</span> , the annual population-weighted average mean concentration of fine suspended particles of less than 2.5 microns in diameters (PM2.5) was about <span class='fact-value'> 9.9491825103760</span>  <span class='fact-unit'> micrograms per cubic metre</span> .  This is below the maximum level for safety set by WHO of 10 micrograms per cubic metre.",
                                    "fact_values": [
                                        "9.9491825103760"
                                    ],
                                    "fact_units": [
                                        " micrograms per cubic metre"
                                    ],
                                    "fact_years": [
                                        "2016"
                                    ],
                                    "data_years": [
                                        "2016"
                                    ],
                                    "data_values": [
                                        "9.9491825103760"
                                    ],
                                    "data_is_censored": [
                                        false
                                    ],
                                    "data_numeric_part": [
                                        9.9
                                    ],
                                    "preferred_visualization": "threshold"
                                }
                            ]
                        }
                    ]
                }
            ]
        },
        {
            "goalCode": "15",
            "targets": [
                {
                    "targetCode": "15.1",
                    "indicators": [
                        {
                            "indicatorCode": "15.1.1",
                            "facts": [
                                {
                                    "seriesCode": "AG_LND_FRST",
                                    "seriesTitle": "Forest area as a proportion of total land area (%)",
                                    "hub": "e23061ce674142b5b33c46ea5e031658",
                                    "slice_dimensions": {},
                                    "text_type": "1",
                                    "fact_text": "Land area covered by forest was <span class='fact-value'>34.04255</span> <span class='fact-unit'>%</span> in <span class='fact-year'>2015</span>.",
                                    "fact_values": [
                                        "34.04255"
                                    ],
                                    "fact_units": [
                                        "%"
                                    ],
                                    "fact_years": [
                                        "2015"
                                    ],
                                    "data_years": [
                                        "2005",
                                        "2010",
                                        "2015",
                                        "2000"
                                    ],
                                    "data_values": [
                                        "34.04255",
                                        "34.04255",
                                        "34.04255",
                                        "34.04255"
                                    ],
                                    "data_is_censored": [
                                        false,
                                        false,
                                        false,
                                        false
                                    ],
                                    "data_numeric_part": [
                                        34.0,
                                        34.0,
                                        34.0,
                                        34.0
                                    ],
                                    "preferred_visualization": "time_series"
                                }
                            ]
                        },
                        {
                            "indicatorCode": "15.1.2",
                            "facts": [
                                {
                                    "seriesCode": "ER_PTD_TERRS",
                                    "seriesTitle": "Average proportion of Terrestrial Key Biodiversity Areas (KBAs) covered by protected areas (%)",
                                    "hub": "c2c0216c53744dd7b5278e398328bc99",
                                    "slice_dimensions": {
                                        "Bounds": "MP"
                                    },
                                    "text_type": "7",
                                    "fact_text": "The average proportion of terrestrial key biodiversity areas (KBAs) covered by protected areas was <span class='fact-value'> 26.08191</span>  <span class='fact-unit'>%</span>  in <span class='fact-year'> 2018</span> .",
                                    "fact_values": [
                                        "26.08191"
                                    ],
                                    "fact_units": [
                                        "%"
                                    ],
                                    "fact_years": [
                                        "2018"
                                    ],
                                    "data_years": [
                                        "2010",
                                        "2009",
                                        "2012",
                                        "2011",
                                        "2007",
                                        "2006",
                                        "2008",
                                        "2017",
                                        "2018",
                                        "2014",
                                        "2013",
                                        "2016",
                                        "2015",
                                        "2003",
                                        "2002",
                                        "2005",
                                        "2004",
                                        "2001",
                                        "2000"
                                    ],
                                    "data_values": [
                                        "17.89569",
                                        "17.89569",
                                        "17.89569",
                                        "17.89569",
                                        "17.89569",
                                        "17.89569",
                                        "17.89569",
                                        "26.08191",
                                        "26.08191",
                                        "26.08191",
                                        "26.08191",
                                        "26.08191",
                                        "26.08191",
                                        "17.89569",
                                        "14.67156",
                                        "17.89569",
                                        "17.89569",
                                        "14.67156",
                                        "14.67156"
                                    ],
                                    "data_is_censored": [
                                        false,
                                        false,
                                        false,
                                        false,
                                        false,
                                        false,
                                        false,
                                        false,
                                        false,
                                        false,
                                        false,
                                        false,
                                        false,
                                        false,
                                        false,
                                        false,
                                        false,
                                        false,
                                        false
                                    ],
                                    "data_numeric_part": [
                                        18.0,
                                        18.0,
                                        18.0,
                                        18.0,
                                        18.0,
                                        18.0,
                                        18.0,
                                        26.0,
                                        26.0,
                                        26.0,
                                        26.0,
                                        26.0,
                                        26.0,
                                        18.0,
                                        15.0,
                                        18.0,
                                        18.0,
                                        15.0,
                                        15.0
                                    ],
                                    "preferred_visualization": "time_series"
                                }
                            ]
                        }
                    ]
                }
            ]
        },
        {
            "goalCode": "16",
            "targets": [
                {
                    "targetCode": "16.1",
                    "indicators": [
                        {
                            "indicatorCode": "16.1.1",
                            "facts": [
                                {
                                    "seriesCode": "VC_IHR_PSRC",
                                    "seriesTitle": "Number of victims of intentional homicide per 100,000 population, by sex (victims per 100,000 population)",
                                    "hub": "b65e89e905a744e5992889ddc27f8fc7",
                                    "slice_dimensions": {},
                                    "text_type": "11",
                                    "fact_text": "In <span class='fact-year'> 2015</span> , the intentional homicide rate was <span class='fact-value'> 0.00</span>  <span class='fact-unit'> per 100,000 population</span> . ",
                                    "fact_values": [
                                        "0.00"
                                    ],
                                    "fact_units": [
                                        " per 100,000 population"
                                    ],
                                    "fact_years": [
                                        "2015"
                                    ],
                                    "data_years": [
                                        "2013",
                                        "2014",
                                        "2015",
                                        "2010",
                                        "2011",
                                        "2012"
                                    ],
                                    "data_values": [
                                        "0.00",
                                        "0.00",
                                        "0.00",
                                        "0.00",
                                        "1.19",
                                        "0.00"
                                    ],
                                    "data_is_censored": [
                                        false,
                                        false,
                                        false,
                                        false,
                                        false,
                                        false
                                    ],
                                    "data_numeric_part": [
                                        0.0,
                                        0.0,
                                        0.0,
                                        0.0,
                                        1.2,
                                        0.0
                                    ],
                                    "preferred_visualization": "time_series"
                                }
                            ]
                        }
                    ]
                },
                {
                    "targetCode": "16.9",
                    "indicators": [
                        {
                            "indicatorCode": "16.9.1",
                            "facts": [
                                {
                                    "seriesCode": "SG_REG_BRTH",
                                    "seriesTitle": "Proportion of children under 5 years of age whose births have been registered with a civil authority (% of children under 5 years of age)",
                                    "hub": "",
                                    "slice_dimensions": {
                                        "Age": "<5Y"
                                    },
                                    "text_type": "3",
                                    "fact_text": "In <span class='fact-year'> 2012</span> , there were about <span class='fact-value'> 100</span> <span class='fact-unit'>%</span>  of children under age 5 whose births were registered with a civil authority",
                                    "fact_values": [
                                        "100"
                                    ],
                                    "fact_units": [
                                        "%"
                                    ],
                                    "fact_years": [
                                        "2012"
                                    ],
                                    "data_years": [
                                        "2012"
                                    ],
                                    "data_values": [
                                        "100"
                                    ],
                                    "data_is_censored": [
                                        false
                                    ],
                                    "data_numeric_part": [
                                        100.0
                                    ],
                                    "preferred_visualization": "singleton"
                                }
                            ]
                        }
                    ]
                }
            ]
        },
        {
            "goalCode": "17",
            "targets": [
                {
                    "targetCode": "17.6",
                    "indicators": [
                        {
                            "indicatorCode": "17.6.2",
                            "facts": [
                                {
                                    "seriesCode": "IT_NET_BBP",
                                    "seriesTitle": "Fixed Internet broadband subscriptions per 100\u00a0inhabitants, by speed (per 100 inhabitants)",
                                    "hub": "f59cf3f8a0ec41a2b601a28682e6f2c8",
                                    "slice_dimensions": {
                                        "Type of speed": "ANYS"
                                    },
                                    "text_type": "15",
                                    "fact_text": "In <span class='fact-year'> 2017</span> , fixed-broadband internet penetration reached <span class='fact-value'> 44.54</span>  <span class='fact-unit'>% of the population</span> , up from 1.6% of the population in <span class='fact-year'> 2002</span> .",
                                    "fact_values": [
                                        "1.64",
                                        "44.54"
                                    ],
                                    "fact_units": [
                                        "% of the population",
                                        "% of the population"
                                    ],
                                    "fact_years": [
                                        "2002",
                                        "2017"
                                    ],
                                    "data_years": [
                                        "2013",
                                        "2014",
                                        "2012",
                                        "2016",
                                        "2015",
                                        "2017",
                                        "2010",
                                        "2003",
                                        "2002",
                                        "2004",
                                        "2009",
                                        "2011",
                                        "2006",
                                        "2005",
                                        "2008",
                                        "2007"
                                    ],
                                    "data_values": [
                                        "34.33",
                                        "36.32",
                                        "32.64",
                                        "42.04",
                                        "39.34",
                                        "44.54",
                                        "29.01",
                                        "4.92",
                                        "1.64",
                                        "8.24",
                                        "27.16",
                                        "30.76",
                                        "18.05",
                                        "13.11",
                                        "24.65",
                                        "22.41"
                                    ],
                                    "data_is_censored": [
                                        false,
                                        false,
                                        false,
                                        false,
                                        false,
                                        false,
                                        false,
                                        false,
                                        false,
                                        false,
                                        false,
                                        false,
                                        false,
                                        false,
                                        false,
                                        false
                                    ],
                                    "data_numeric_part": [
                                        34.0,
                                        36.0,
                                        33.0,
                                        42.0,
                                        39.0,
                                        45.0,
                                        29.0,
                                        4.9,
                                        1.6,
                                        8.2,
                                        27.0,
                                        31.0,
                                        18.0,
                                        13.0,
                                        25.0,
                                        22.0
                                    ],
                                    "preferred_visualization": "time_series"
                                }
                            ]
                        }
                    ]
                }
            ]
        }
    ]
}