{
    "release": "2019.Q1.G.02",
    "country_code": "654",
    "country_name": "Saint Helena",
    "X": "-5.705752501",
    "Y": "-15.96503946",
    "goals": [
        {
            "goalCode": "9",
            "targets": [
                {
                    "targetCode": "9.c",
                    "indicators": [
                        {
                            "indicatorCode": "9.c.1",
                            "facts": [
                                {
                                    "seriesCode": "IT_MOB_NTWK",
                                    "seriesTitle": "Proportion of population covered by a mobile network, by technology (%)",
                                    "hub": "8943ce6f81b44120b6124fedb3b094d8",
                                    "slice_dimensions": {
                                        "Type of mobile technology": "AL2G"
                                    },
                                    "text_type": "2",
                                    "fact_text": "In <span class='fact-year'>2017</span>, <span class='fact-value'>98.00</span> <span class='fact-unit'>% </span> of the population was in range of at least a second-generation (2G) cellular signal",
                                    "fact_values": [
                                        "98.00"
                                    ],
                                    "fact_units": [
                                        "% "
                                    ],
                                    "fact_years": [
                                        "2017"
                                    ],
                                    "data_years": [
                                        "2017",
                                        "2016",
                                        "2015",
                                        "2005",
                                        "2004",
                                        "2003",
                                        "2002",
                                        "2006"
                                    ],
                                    "data_values": [
                                        "98.00",
                                        "98.00",
                                        "98.00",
                                        "0.00",
                                        "0.00",
                                        "0.00",
                                        "0.00",
                                        "0.00"
                                    ],
                                    "data_is_censored": [
                                        false,
                                        false,
                                        false,
                                        false,
                                        false,
                                        false,
                                        false,
                                        false
                                    ],
                                    "data_numeric_part": [
                                        98.0,
                                        98.0,
                                        98.0,
                                        0.0,
                                        0.0,
                                        0.0,
                                        0.0,
                                        0.0
                                    ],
                                    "preferred_visualization": "time_series"
                                }
                            ]
                        }
                    ]
                }
            ]
        },
        {
            "goalCode": "14",
            "targets": [
                {
                    "targetCode": "14.5",
                    "indicators": [
                        {
                            "indicatorCode": "14.5.1",
                            "facts": [
                                {
                                    "seriesCode": "ER_MRN_MARIN",
                                    "seriesTitle": "Coverage of protected areas in relation to marine areas (Exclusive Economic Zones) (%)",
                                    "hub": "2a0cad7f76284e8c978bfcb0fa15cd76",
                                    "slice_dimensions": {},
                                    "text_type": "8",
                                    "fact_text": "In <span class='fact-year'> 2018</span> , <span class='fact-value'> 27.38674</span>  <span class='fact-unit'>% </span> of the marine environment under national jurisdiction (up to 200 nautical miles from shore) was under protection.",
                                    "fact_values": [
                                        "27.38674"
                                    ],
                                    "fact_units": [
                                        "% "
                                    ],
                                    "fact_years": [
                                        "2018"
                                    ],
                                    "data_years": [
                                        "2018"
                                    ],
                                    "data_values": [
                                        "27.38674"
                                    ],
                                    "data_is_censored": [
                                        false
                                    ],
                                    "data_numeric_part": [
                                        27.0
                                    ],
                                    "preferred_visualization": "singleton"
                                }
                            ]
                        }
                    ]
                }
            ]
        },
        {
            "goalCode": "15",
            "targets": [
                {
                    "targetCode": "15.1",
                    "indicators": [
                        {
                            "indicatorCode": "15.1.1",
                            "facts": [
                                {
                                    "seriesCode": "AG_LND_FRST",
                                    "seriesTitle": "Forest area as a proportion of total land area (%)",
                                    "hub": "e23061ce674142b5b33c46ea5e031658",
                                    "slice_dimensions": {},
                                    "text_type": "1",
                                    "fact_text": "Land area covered by forest was <span class='fact-value'>5.12821</span> <span class='fact-unit'>%</span> in <span class='fact-year'>2015</span>.",
                                    "fact_values": [
                                        "5.12821"
                                    ],
                                    "fact_units": [
                                        "%"
                                    ],
                                    "fact_years": [
                                        "2015"
                                    ],
                                    "data_years": [
                                        "2015",
                                        "2010",
                                        "2005",
                                        "2000"
                                    ],
                                    "data_values": [
                                        "5.12821",
                                        "5.12821",
                                        "5.12821",
                                        "5.12821"
                                    ],
                                    "data_is_censored": [
                                        false,
                                        false,
                                        false,
                                        false
                                    ],
                                    "data_numeric_part": [
                                        5.1,
                                        5.1,
                                        5.1,
                                        5.1
                                    ],
                                    "preferred_visualization": "time_series"
                                }
                            ]
                        },
                        {
                            "indicatorCode": "15.1.2",
                            "facts": [
                                {
                                    "seriesCode": "ER_PTD_TERRS",
                                    "seriesTitle": "Average proportion of Terrestrial Key Biodiversity Areas (KBAs) covered by protected areas (%)",
                                    "hub": "c2c0216c53744dd7b5278e398328bc99",
                                    "slice_dimensions": {
                                        "Bounds": "MP"
                                    },
                                    "text_type": "7",
                                    "fact_text": "The average proportion of terrestrial key biodiversity areas (KBAs) covered by protected areas was <span class='fact-value'> 54.84923</span>  <span class='fact-unit'>%</span>  in <span class='fact-year'> 2018</span> .",
                                    "fact_values": [
                                        "54.84923"
                                    ],
                                    "fact_units": [
                                        "%"
                                    ],
                                    "fact_years": [
                                        "2018"
                                    ],
                                    "data_years": [
                                        "2009",
                                        "2007",
                                        "2008",
                                        "2010",
                                        "2013",
                                        "2011",
                                        "2012",
                                        "2006",
                                        "2001",
                                        "2000",
                                        "2002",
                                        "2005",
                                        "2014",
                                        "2004",
                                        "2003",
                                        "2017",
                                        "2018",
                                        "2015",
                                        "2016"
                                    ],
                                    "data_values": [
                                        "16.66667",
                                        "16.66667",
                                        "16.66667",
                                        "16.66667",
                                        "34.44182",
                                        "16.66667",
                                        "34.44182",
                                        "16.66667",
                                        "16.66667",
                                        "16.66667",
                                        "16.66667",
                                        "16.66667",
                                        "51.10848",
                                        "16.66667",
                                        "16.66667",
                                        "54.84923",
                                        "54.84923",
                                        "54.84923",
                                        "54.84923"
                                    ],
                                    "data_is_censored": [
                                        false,
                                        false,
                                        false,
                                        false,
                                        false,
                                        false,
                                        false,
                                        false,
                                        false,
                                        false,
                                        false,
                                        false,
                                        false,
                                        false,
                                        false,
                                        false,
                                        false,
                                        false,
                                        false
                                    ],
                                    "data_numeric_part": [
                                        17.0,
                                        17.0,
                                        17.0,
                                        17.0,
                                        34.0,
                                        17.0,
                                        34.0,
                                        17.0,
                                        17.0,
                                        17.0,
                                        17.0,
                                        17.0,
                                        51.0,
                                        17.0,
                                        17.0,
                                        55.0,
                                        55.0,
                                        55.0,
                                        55.0
                                    ],
                                    "preferred_visualization": "time_series"
                                }
                            ]
                        }
                    ]
                }
            ]
        },
        {
            "goalCode": "17",
            "targets": [
                {
                    "targetCode": "17.6",
                    "indicators": [
                        {
                            "indicatorCode": "17.6.2",
                            "facts": [
                                {
                                    "seriesCode": "IT_NET_BBP",
                                    "seriesTitle": "Fixed Internet broadband subscriptions per 100\u00a0inhabitants, by speed (per 100 inhabitants)",
                                    "hub": "f59cf3f8a0ec41a2b601a28682e6f2c8",
                                    "slice_dimensions": {
                                        "Type of speed": "ANYS"
                                    },
                                    "text_type": "15",
                                    "fact_text": "In <span class='fact-year'> 2017</span> , fixed-broadband internet penetration reached <span class='fact-value'> 24.70</span>  <span class='fact-unit'>% of the population</span> , up from 0.07% of the population in <span class='fact-year'> 2003</span> .",
                                    "fact_values": [
                                        "0.07",
                                        "24.70"
                                    ],
                                    "fact_units": [
                                        "% of the population",
                                        "% of the population"
                                    ],
                                    "fact_years": [
                                        "2003",
                                        "2017"
                                    ],
                                    "data_years": [
                                        "2007",
                                        "2008",
                                        "2009",
                                        "2003",
                                        "2004",
                                        "2005",
                                        "2006",
                                        "2010",
                                        "2014",
                                        "2015",
                                        "2016",
                                        "2011",
                                        "2012",
                                        "2013",
                                        "2017"
                                    ],
                                    "data_values": [
                                        "0.48",
                                        "5.38",
                                        "9.94",
                                        "0.07",
                                        "0.27",
                                        "0.35",
                                        "0.38",
                                        "12.86",
                                        "30.71",
                                        "33.14",
                                        "33.38",
                                        "19.24",
                                        "6.85",
                                        "27.13",
                                        "24.70"
                                    ],
                                    "data_is_censored": [
                                        false,
                                        false,
                                        false,
                                        false,
                                        false,
                                        false,
                                        false,
                                        false,
                                        false,
                                        false,
                                        false,
                                        false,
                                        false,
                                        false,
                                        false
                                    ],
                                    "data_numeric_part": [
                                        0.48,
                                        5.4,
                                        9.9,
                                        0.07,
                                        0.27,
                                        0.35,
                                        0.38,
                                        13.0,
                                        31.0,
                                        33.0,
                                        33.0,
                                        19.0,
                                        6.9,
                                        27.0,
                                        25.0
                                    ],
                                    "preferred_visualization": "time_series"
                                }
                            ]
                        }
                    ]
                }
            ]
        }
    ]
}