{
    "release": "2019.Q1.G.02",
    "country_code": "226",
    "country_name": "Equatorial Guinea",
    "X": "10.46535826",
    "Y": "1.565792376",
    "goals": [
        {
            "goalCode": "1",
            "targets": [
                {
                    "targetCode": "1.2",
                    "indicators": [
                        {
                            "indicatorCode": "1.2.1",
                            "facts": [
                                {
                                    "seriesCode": "SI_POV_NAHC",
                                    "seriesTitle": "Proportion of population living below the national poverty line (%)",
                                    "hub": "f4cb37d065aa4b6981d93e8266f63fd0",
                                    "slice_dimensions": {
                                        "Location": "ALLAREA"
                                    },
                                    "text_type": "1",
                                    "fact_text": "The proportion of population living below the national poverty line was <span class='fact-value'>76.8</span> <span class='fact-unit'>%</span> in <span class='fact-year'>2006</span>.",
                                    "fact_values": [
                                        "76.8"
                                    ],
                                    "fact_units": [
                                        "%"
                                    ],
                                    "fact_years": [
                                        "2006"
                                    ],
                                    "data_years": [
                                        "2006"
                                    ],
                                    "data_values": [
                                        "76.8"
                                    ],
                                    "data_is_censored": [
                                        false
                                    ],
                                    "data_numeric_part": [
                                        77.0
                                    ],
                                    "preferred_visualization": "singleton"
                                }
                            ]
                        }
                    ]
                }
            ]
        },
        {
            "goalCode": "2",
            "targets": [
                {
                    "targetCode": "2.2",
                    "indicators": [
                        {
                            "indicatorCode": "2.2.1",
                            "facts": [
                                {
                                    "seriesCode": "SH_STA_STUNT",
                                    "seriesTitle": "Proportion of children moderately or severely stunted (%)",
                                    "hub": "8c0866ad73ae486ba647f5490fed5529",
                                    "slice_dimensions": {
                                        "Age": "<5Y",
                                        "Bounds": "MP"
                                    },
                                    "text_type": "2",
                                    "fact_text": "In <span class='fact-year'>2011</span>, <span class='fact-value'>26.2</span> <span class='fact-unit'>% </span> of children under age 5 had stunted growth",
                                    "fact_values": [
                                        "26.2"
                                    ],
                                    "fact_units": [
                                        "% "
                                    ],
                                    "fact_years": [
                                        "2011"
                                    ],
                                    "data_years": [
                                        "2000",
                                        "2004",
                                        "2011"
                                    ],
                                    "data_values": [
                                        "42.6",
                                        "35.0",
                                        "26.2"
                                    ],
                                    "data_is_censored": [
                                        false,
                                        false,
                                        false
                                    ],
                                    "data_numeric_part": [
                                        43.0,
                                        35.0,
                                        26.0
                                    ],
                                    "preferred_visualization": "singleton"
                                }
                            ]
                        },
                        {
                            "indicatorCode": "2.2.2",
                            "facts": [
                                {
                                    "seriesCode": "SH_STA_OVRWGT",
                                    "seriesTitle": "Proportion of children moderately or severely overweight (%)",
                                    "hub": "a012070afbd3486d9c0596352b9698d6",
                                    "slice_dimensions": {
                                        "Age": "<5Y",
                                        "Bounds": "MP"
                                    },
                                    "text_type": "1",
                                    "fact_text": "The share of overweight children under age 5 decreased from <span class='fact-value'>14.0</span> <span class='fact-unit'>%</span> in <span class='fact-year'>2000</span> to <span class='fact-value'>9.7%</span>  in  <span class='fact-year'>2011</span>.",
                                    "fact_values": [
                                        "14.0",
                                        "9.7"
                                    ],
                                    "fact_units": [
                                        "%",
                                        "%"
                                    ],
                                    "fact_years": [
                                        "2000",
                                        "2011"
                                    ],
                                    "data_years": [
                                        "2000",
                                        "2004",
                                        "2011"
                                    ],
                                    "data_values": [
                                        "14.0",
                                        "8.3",
                                        "9.7"
                                    ],
                                    "data_is_censored": [
                                        false,
                                        false,
                                        false
                                    ],
                                    "data_numeric_part": [
                                        14.0,
                                        8.3,
                                        9.7
                                    ],
                                    "preferred_visualization": "singleton"
                                }
                            ]
                        }
                    ]
                }
            ]
        },
        {
            "goalCode": "3",
            "targets": [
                {
                    "targetCode": "3.1",
                    "indicators": [
                        {
                            "indicatorCode": "3.1.1",
                            "facts": [
                                {
                                    "seriesCode": "SH_STA_MMR",
                                    "seriesTitle": "Maternal mortality ratio",
                                    "hub": "0c846dfa5bab411c9a1a21ae40dd0232",
                                    "slice_dimensions": {
                                        "Bounds": "MP"
                                    },
                                    "text_type": "14",
                                    "fact_text": "The maternal mortality ratio decreased from <span class='fact-value'>1310</span>  <span class='fact-unit'> per 100,000 live births</span>  in <span class='fact-year'> 1990</span>  to <span class='fact-value'> 342</span>  <span class='fact-unit'> per 100,000 live births</span>  in <span class='fact-year'> 2015</span> .",
                                    "fact_values": [
                                        "1310",
                                        "342"
                                    ],
                                    "fact_units": [
                                        " per 100,000 live births",
                                        " per 100,000 live births"
                                    ],
                                    "fact_years": [
                                        "1990",
                                        "2015"
                                    ],
                                    "data_years": [
                                        "2000",
                                        "1999",
                                        "1998",
                                        "1997",
                                        "2001",
                                        "2005",
                                        "2004",
                                        "2003",
                                        "2002",
                                        "1991",
                                        "1990",
                                        "1992",
                                        "1996",
                                        "1995",
                                        "1994",
                                        "1993",
                                        "2006",
                                        "2015",
                                        "2009",
                                        "2008",
                                        "2007",
                                        "2010",
                                        "2014",
                                        "2013",
                                        "2012",
                                        "2011"
                                    ],
                                    "data_values": [
                                        "702",
                                        "751",
                                        "818",
                                        "876",
                                        "659",
                                        "483",
                                        "523",
                                        "564",
                                        "611",
                                        "1290",
                                        "1310",
                                        "1260",
                                        "949",
                                        "1050",
                                        "1170",
                                        "1230",
                                        "450",
                                        "342",
                                        "391",
                                        "408",
                                        "426",
                                        "379",
                                        "351",
                                        "356",
                                        "361",
                                        "364"
                                    ],
                                    "data_is_censored": [
                                        false,
                                        false,
                                        false,
                                        false,
                                        false,
                                        false,
                                        false,
                                        false,
                                        false,
                                        false,
                                        false,
                                        false,
                                        false,
                                        false,
                                        false,
                                        false,
                                        false,
                                        false,
                                        false,
                                        false,
                                        false,
                                        false,
                                        false,
                                        false,
                                        false,
                                        false
                                    ],
                                    "data_numeric_part": [
                                        702.0,
                                        751.0,
                                        818.0,
                                        876.0,
                                        659.0,
                                        483.0,
                                        523.0,
                                        564.0,
                                        611.0,
                                        1290.0,
                                        1310.0,
                                        1260.0,
                                        949.0,
                                        1050.0,
                                        1170.0,
                                        1230.0,
                                        450.0,
                                        342.0,
                                        391.0,
                                        408.0,
                                        426.0,
                                        379.0,
                                        351.0,
                                        356.0,
                                        361.0,
                                        364.0
                                    ],
                                    "preferred_visualization": "time_series"
                                }
                            ]
                        }
                    ]
                },
                {
                    "targetCode": "3.2",
                    "indicators": [
                        {
                            "indicatorCode": "3.2.1",
                            "facts": [
                                {
                                    "seriesCode": "SH_DYN_MORT",
                                    "seriesTitle": "Under-five mortality rate, by sex (deaths per 1,000 live births)",
                                    "hub": "216c7516b9444f289e8f7910c8726e9f",
                                    "slice_dimensions": {
                                        "Age": "<5Y",
                                        "Sex": "BOTHSEX"
                                    },
                                    "text_type": "1",
                                    "fact_text": "The mortality rate of children under age 5 fell from <span class='fact-value'>156.4</span> <span class='fact-unit'> per 1,000 live births</span> in <span class='fact-year'>2000</span> to <span class='fact-value'>89.6 per 1,000 live births</span>  in  <span class='fact-year'>2017</span>.",
                                    "fact_values": [
                                        "156.4",
                                        "89.6"
                                    ],
                                    "fact_units": [
                                        " per 1,000 live births",
                                        " per 1,000 live births"
                                    ],
                                    "fact_years": [
                                        "2000",
                                        "2017"
                                    ],
                                    "data_years": [
                                        "2008",
                                        "2007",
                                        "2006",
                                        "2002",
                                        "2000",
                                        "2001",
                                        "2004",
                                        "2005",
                                        "2003",
                                        "2016",
                                        "2014",
                                        "2015",
                                        "2017",
                                        "2010",
                                        "2011",
                                        "2009",
                                        "2013",
                                        "2012"
                                    ],
                                    "data_values": [
                                        "121.6",
                                        "126",
                                        "130.4",
                                        "148",
                                        "156.4",
                                        "152.4",
                                        "139.3",
                                        "134.8",
                                        "143.7",
                                        "92.8",
                                        "99.3",
                                        "96",
                                        "89.6",
                                        "113.5",
                                        "109.8",
                                        "117.3",
                                        "102.8",
                                        "106.4"
                                    ],
                                    "data_is_censored": [
                                        false,
                                        false,
                                        false,
                                        false,
                                        false,
                                        false,
                                        false,
                                        false,
                                        false,
                                        false,
                                        false,
                                        false,
                                        false,
                                        false,
                                        false,
                                        false,
                                        false,
                                        false
                                    ],
                                    "data_numeric_part": [
                                        122.0,
                                        126.0,
                                        130.0,
                                        148.0,
                                        156.0,
                                        152.0,
                                        139.0,
                                        135.0,
                                        144.0,
                                        93.0,
                                        99.0,
                                        96.0,
                                        90.0,
                                        114.0,
                                        110.0,
                                        117.0,
                                        103.0,
                                        106.0
                                    ],
                                    "preferred_visualization": "time_series"
                                }
                            ]
                        }
                    ]
                },
                {
                    "targetCode": "3.3",
                    "indicators": [
                        {
                            "indicatorCode": "3.3.1",
                            "facts": [
                                {
                                    "seriesCode": "SH_HIV_INCD",
                                    "seriesTitle": "Number of new HIV infections per 1,000 uninfected population, by sex and age (per 1,000 uninfected population)",
                                    "hub": "954b5087e440421ba26a3213c99d9a9f",
                                    "slice_dimensions": {
                                        "Age": "ALLAGE",
                                        "Sex": "BOTHSEX"
                                    },
                                    "text_type": "13",
                                    "fact_text": "In <span class='fact-year'> 2017</span> , there were about <span class='fact-value'> 3.45</span>  <span class='fact-unit'> people</span>  in every 100,000 uninfected population that became newly infected with HIV.",
                                    "fact_values": [
                                        "3.45"
                                    ],
                                    "fact_units": [
                                        " people"
                                    ],
                                    "fact_years": [
                                        "2017"
                                    ],
                                    "data_years": [
                                        "2017",
                                        "2016",
                                        "2000",
                                        "2001",
                                        "2002",
                                        "2003",
                                        "2004",
                                        "2011",
                                        "2012",
                                        "2013",
                                        "2014",
                                        "2015",
                                        "2005",
                                        "2010",
                                        "2006",
                                        "2007",
                                        "2008",
                                        "2009"
                                    ],
                                    "data_values": [
                                        "3.45",
                                        "3.59",
                                        "3.22",
                                        "3.37",
                                        "3.60",
                                        "3.62",
                                        "3.76",
                                        "4.23",
                                        "4.21",
                                        "4.01",
                                        "3.72",
                                        "3.74",
                                        "3.85",
                                        "4.14",
                                        "3.98",
                                        "4.00",
                                        "4.08",
                                        "4.17"
                                    ],
                                    "data_is_censored": [
                                        false,
                                        false,
                                        false,
                                        false,
                                        false,
                                        false,
                                        false,
                                        false,
                                        false,
                                        false,
                                        false,
                                        false,
                                        false,
                                        false,
                                        false,
                                        false,
                                        false,
                                        false
                                    ],
                                    "data_numeric_part": [
                                        3.5,
                                        3.6,
                                        3.2,
                                        3.4,
                                        3.6,
                                        3.6,
                                        3.8,
                                        4.2,
                                        4.2,
                                        4.0,
                                        3.7,
                                        3.7,
                                        3.9,
                                        4.1,
                                        4.0,
                                        4.0,
                                        4.1,
                                        4.2
                                    ],
                                    "preferred_visualization": "time_series"
                                }
                            ]
                        }
                    ]
                },
                {
                    "targetCode": "3.4",
                    "indicators": [
                        {
                            "indicatorCode": "3.4.1",
                            "facts": [
                                {
                                    "seriesCode": "SH_DTH_NCOM",
                                    "seriesTitle": "Mortality rate attributed to cardiovascular disease, cancer, diabetes or chronic respiratory disease (probability)",
                                    "hub": "512b7b1d05a14b90853ea5ca1d003b1b",
                                    "slice_dimensions": {
                                        "Age": "30-70",
                                        "Sex": "BOTHSEX"
                                    },
                                    "text_type": "1",
                                    "fact_text": "The risk of dying between the ages of 30 and 70 from one of four main non-communicable diseases (NCDs) - cardiovascular disease, cancer, diabetes or chronic respiratory disease - fell from <span class='fact-value'>26.4</span> <span class='fact-unit'>%</span> in <span class='fact-year'>2000</span> to <span class='fact-value'>22%</span>  in  <span class='fact-year'>2016</span>.",
                                    "fact_values": [
                                        "26.4",
                                        "22"
                                    ],
                                    "fact_units": [
                                        "%",
                                        "%"
                                    ],
                                    "fact_years": [
                                        "2000",
                                        "2016"
                                    ],
                                    "data_years": [
                                        "2000",
                                        "2015",
                                        "2010",
                                        "2005",
                                        "2016"
                                    ],
                                    "data_values": [
                                        "26.4",
                                        "22",
                                        "23",
                                        "23.6",
                                        "22"
                                    ],
                                    "data_is_censored": [
                                        false,
                                        false,
                                        false,
                                        false,
                                        false
                                    ],
                                    "data_numeric_part": [
                                        26.0,
                                        22.0,
                                        23.0,
                                        24.0,
                                        22.0
                                    ],
                                    "preferred_visualization": "time_series"
                                }
                            ]
                        }
                    ]
                }
            ]
        },
        {
            "goalCode": "4",
            "targets": [
                {
                    "targetCode": "4.2",
                    "indicators": [
                        {
                            "indicatorCode": "4.2.2",
                            "facts": [
                                {
                                    "seriesCode": "SE_PRE_PARTN",
                                    "seriesTitle": "Participation rate in organized learning (one year before the official primary entry age), by sex (%)",
                                    "hub": "3459681b792a4979a9d9731c75f7f80d",
                                    "slice_dimensions": {
                                        "Sex": "BOTHSEX"
                                    },
                                    "text_type": "2",
                                    "fact_text": "In <span class='fact-year'>2015</span>, <span class='fact-value'>43.87584</span> <span class='fact-unit'>% </span> of children participated in pre-primary or primary education in the year prior to the official entrance age for primary school",
                                    "fact_values": [
                                        "43.87584"
                                    ],
                                    "fact_units": [
                                        "% "
                                    ],
                                    "fact_years": [
                                        "2015"
                                    ],
                                    "data_years": [
                                        "2011",
                                        "2000",
                                        "2003",
                                        "2015"
                                    ],
                                    "data_values": [
                                        "53.82205",
                                        "44.86721",
                                        "6.16316",
                                        "43.87584"
                                    ],
                                    "data_is_censored": [
                                        false,
                                        false,
                                        false,
                                        false
                                    ],
                                    "data_numeric_part": [
                                        54.0,
                                        45.0,
                                        6.2,
                                        44.0
                                    ],
                                    "preferred_visualization": "time_series"
                                }
                            ]
                        }
                    ]
                }
            ]
        },
        {
            "goalCode": "5",
            "targets": [
                {
                    "targetCode": "5.3",
                    "indicators": [
                        {
                            "indicatorCode": "5.3.1",
                            "facts": [
                                {
                                    "seriesCode": "SP_DYN_MRBF18",
                                    "seriesTitle": "Proportion of women aged 20-24 years who were married or in a union before age 18 (%)",
                                    "hub": "2186448878244705a5295710c140b8c3",
                                    "slice_dimensions": {
                                        "Age": "20-24",
                                        "Sex": "FEMALE"
                                    },
                                    "text_type": "2",
                                    "fact_text": "In <span class='fact-year'>2011</span>, <span class='fact-value'>29.5</span> <span class='fact-unit'>% </span> of women aged 20 to 24 reported that they were married before their eighteenth birthday",
                                    "fact_values": [
                                        "29.5"
                                    ],
                                    "fact_units": [
                                        "% "
                                    ],
                                    "fact_years": [
                                        "2011"
                                    ],
                                    "data_years": [
                                        "2011"
                                    ],
                                    "data_values": [
                                        "29.5"
                                    ],
                                    "data_is_censored": [
                                        false
                                    ],
                                    "data_numeric_part": [
                                        30.0
                                    ],
                                    "preferred_visualization": "singleton"
                                }
                            ]
                        }
                    ]
                },
                {
                    "targetCode": "5.5",
                    "indicators": [
                        {
                            "indicatorCode": "5.5.1",
                            "facts": [
                                {
                                    "seriesCode": "SG_GEN_PARL",
                                    "seriesTitle": "Proportion of seats held by women in national parliaments (% of total number of seats)",
                                    "hub": "337524c727bd498c8726f9f6bc6512e1",
                                    "slice_dimensions": {
                                        "Sex": "FEMALE"
                                    },
                                    "text_type": "1",
                                    "fact_text": "The proportion of seats held by women in single or lower houses of parliament increased from <span class='fact-value'>5</span> <span class='fact-unit'>%</span> in <span class='fact-year'>2000</span> to <span class='fact-value'>20%</span>  in  <span class='fact-year'>2018</span>.",
                                    "fact_values": [
                                        "5",
                                        "20"
                                    ],
                                    "fact_units": [
                                        "%",
                                        "%"
                                    ],
                                    "fact_years": [
                                        "2000",
                                        "2018"
                                    ],
                                    "data_years": [
                                        "2016",
                                        "2018",
                                        "2013",
                                        "2015",
                                        "2017",
                                        "2014",
                                        "2004",
                                        "2003",
                                        "2006",
                                        "2005",
                                        "2001",
                                        "2000",
                                        "2002",
                                        "2010",
                                        "2012",
                                        "2011",
                                        "2007",
                                        "2009",
                                        "2008"
                                    ],
                                    "data_values": [
                                        "24",
                                        "20",
                                        "10",
                                        "24",
                                        "24",
                                        "24",
                                        "5",
                                        "5",
                                        "18",
                                        "18",
                                        "5",
                                        "5",
                                        "5",
                                        "10",
                                        "10",
                                        "10",
                                        "18",
                                        "6",
                                        "18"
                                    ],
                                    "data_is_censored": [
                                        false,
                                        false,
                                        false,
                                        false,
                                        false,
                                        false,
                                        false,
                                        false,
                                        false,
                                        false,
                                        false,
                                        false,
                                        false,
                                        false,
                                        false,
                                        false,
                                        false,
                                        false,
                                        false
                                    ],
                                    "data_numeric_part": [
                                        24.0,
                                        20.0,
                                        10.0,
                                        24.0,
                                        24.0,
                                        24.0,
                                        5.0,
                                        5.0,
                                        18.0,
                                        18.0,
                                        5.0,
                                        5.0,
                                        5.0,
                                        10.0,
                                        10.0,
                                        10.0,
                                        18.0,
                                        6.0,
                                        18.0
                                    ],
                                    "preferred_visualization": "time_series"
                                }
                            ]
                        }
                    ]
                }
            ]
        },
        {
            "goalCode": "7",
            "targets": [
                {
                    "targetCode": "7.1",
                    "indicators": [
                        {
                            "indicatorCode": "7.1.1",
                            "facts": [
                                {
                                    "seriesCode": "EG_ELC_ACCS",
                                    "seriesTitle": "Proportion of population with access to electricity, by urban/rural (%)",
                                    "hub": "81cf3e70351c4895828a2486efa2142c",
                                    "slice_dimensions": {
                                        "Location": "ALLAREA"
                                    },
                                    "text_type": "1",
                                    "fact_text": "The proportion of the population with access to electricity increased from <span class='fact-value'>62.41</span> <span class='fact-unit'>%</span> in <span class='fact-year'>2000</span> to <span class='fact-value'>67.89%</span>  in  <span class='fact-year'>2016</span>.",
                                    "fact_values": [
                                        "62.41",
                                        "67.89"
                                    ],
                                    "fact_units": [
                                        "%",
                                        "%"
                                    ],
                                    "fact_years": [
                                        "2000",
                                        "2016"
                                    ],
                                    "data_years": [
                                        "2004",
                                        "2006",
                                        "2005",
                                        "2000",
                                        "2002",
                                        "2001",
                                        "2003",
                                        "2012",
                                        "2015",
                                        "2013",
                                        "2014",
                                        "2016",
                                        "2008",
                                        "2009",
                                        "2007",
                                        "2011",
                                        "2010"
                                    ],
                                    "data_values": [
                                        "63.53",
                                        "64.10",
                                        "63.81",
                                        "62.41",
                                        "62.98",
                                        "62.70",
                                        "63.26",
                                        "66.24",
                                        "67.47",
                                        "66.65",
                                        "67.06",
                                        "67.89",
                                        "64.74",
                                        "65.09",
                                        "64.41",
                                        "66.10",
                                        "65.46"
                                    ],
                                    "data_is_censored": [
                                        false,
                                        false,
                                        false,
                                        false,
                                        false,
                                        false,
                                        false,
                                        false,
                                        false,
                                        false,
                                        false,
                                        false,
                                        false,
                                        false,
                                        false,
                                        false,
                                        false
                                    ],
                                    "data_numeric_part": [
                                        64.0,
                                        64.0,
                                        64.0,
                                        62.0,
                                        63.0,
                                        63.0,
                                        63.0,
                                        66.0,
                                        67.0,
                                        67.0,
                                        67.0,
                                        68.0,
                                        65.0,
                                        65.0,
                                        64.0,
                                        66.0,
                                        65.0
                                    ],
                                    "preferred_visualization": "time_series"
                                }
                            ]
                        },
                        {
                            "indicatorCode": "7.1.2",
                            "facts": [
                                {
                                    "seriesCode": "EG_EGY_CLEAN",
                                    "seriesTitle": "Proportion of population with primary reliance on clean fuels and technology (%)",
                                    "hub": "b087399f0b874ab9948714edcd49cbdd",
                                    "slice_dimensions": {},
                                    "text_type": "8",
                                    "fact_text": "In <span class='fact-year'> 2017</span> , <span class='fact-value'> 37</span>  <span class='fact-unit'>% </span> of the population relied primarily on clean fuels and technology.",
                                    "fact_values": [
                                        "37"
                                    ],
                                    "fact_units": [
                                        "% "
                                    ],
                                    "fact_years": [
                                        "2017"
                                    ],
                                    "data_years": [
                                        "2017",
                                        "2016",
                                        "2015",
                                        "2010",
                                        "2005",
                                        "2000"
                                    ],
                                    "data_values": [
                                        "37",
                                        "37",
                                        "36",
                                        "29",
                                        "21",
                                        "14"
                                    ],
                                    "data_is_censored": [
                                        false,
                                        false,
                                        false,
                                        false,
                                        false,
                                        false
                                    ],
                                    "data_numeric_part": [
                                        37.0,
                                        37.0,
                                        36.0,
                                        29.0,
                                        21.0,
                                        14.0
                                    ],
                                    "preferred_visualization": "time_series"
                                }
                            ]
                        }
                    ]
                }
            ]
        },
        {
            "goalCode": "8",
            "targets": [
                {
                    "targetCode": "8.4",
                    "indicators": [
                        {
                            "indicatorCode": "8.4.2",
                            "facts": [
                                {
                                    "seriesCode": "EN_MAT_DOMCMPC",
                                    "seriesTitle": "Domestic material consumption per capita, by type of raw material (tonnes)",
                                    "hub": "995242b2ec9f4a21975ef7d47b5657bb",
                                    "slice_dimensions": {
                                        "Type of product": "RAW"
                                    },
                                    "text_type": "1",
                                    "fact_text": "Domestic material consumption increased from <span class='fact-value'>12.9243</span> <span class='fact-unit'> metric tons per capita</span> in <span class='fact-year'>2000</span> to <span class='fact-value'>19.21658 metric tons per capita</span>  in  <span class='fact-year'>2017</span>.",
                                    "fact_values": [
                                        "12.9243",
                                        "19.21658"
                                    ],
                                    "fact_units": [
                                        " metric tons per capita",
                                        " metric tons per capita"
                                    ],
                                    "fact_years": [
                                        "2000",
                                        "2017"
                                    ],
                                    "data_years": [
                                        "2006",
                                        "2007",
                                        "2005",
                                        "2010",
                                        "2009",
                                        "2008",
                                        "2000",
                                        "2004",
                                        "2001",
                                        "2003",
                                        "2002",
                                        "2017",
                                        "2013",
                                        "2012",
                                        "2011",
                                        "2016",
                                        "2015",
                                        "2014"
                                    ],
                                    "data_values": [
                                        "25.48822",
                                        "25.11173",
                                        "27.17896",
                                        "21.3866",
                                        "24.26596",
                                        "27.28859",
                                        "12.9243",
                                        "26.71524",
                                        "19.41273",
                                        "25.69512",
                                        "22.89805",
                                        "19.21658",
                                        "18.80911",
                                        "20.55007",
                                        "22.03913",
                                        "19.11907",
                                        "19.01223",
                                        "18.88446"
                                    ],
                                    "data_is_censored": [
                                        false,
                                        false,
                                        false,
                                        false,
                                        false,
                                        false,
                                        false,
                                        false,
                                        false,
                                        false,
                                        false,
                                        false,
                                        false,
                                        false,
                                        false,
                                        false,
                                        false,
                                        false
                                    ],
                                    "data_numeric_part": [
                                        25.0,
                                        25.0,
                                        27.0,
                                        21.0,
                                        24.0,
                                        27.0,
                                        13.0,
                                        27.0,
                                        19.0,
                                        26.0,
                                        23.0,
                                        19.0,
                                        19.0,
                                        21.0,
                                        22.0,
                                        19.0,
                                        19.0,
                                        19.0
                                    ],
                                    "preferred_visualization": "time_series"
                                }
                            ]
                        }
                    ]
                },
                {
                    "targetCode": "8.1",
                    "indicators": [
                        {
                            "indicatorCode": "8.1.1",
                            "facts": [
                                {
                                    "seriesCode": "NY_GDP_PCAP",
                                    "seriesTitle": "Annual growth rate of real GDP per capita (%)",
                                    "hub": "3cb997d2497148e68dca6787fcb84ca5",
                                    "slice_dimensions": {},
                                    "text_type": "1",
                                    "fact_text": "The annual growth rate of real gross domestic product (GDP) per capita was <span class='fact-value'>-6.75</span> <span class='fact-unit'>%</span> in <span class='fact-year'>2017</span>.",
                                    "fact_values": [
                                        "-6.75"
                                    ],
                                    "fact_units": [
                                        "%"
                                    ],
                                    "fact_years": [
                                        "2017"
                                    ],
                                    "data_years": [
                                        "2012",
                                        "2011",
                                        "2013",
                                        "2014",
                                        "2015",
                                        "2007",
                                        "2008",
                                        "2009",
                                        "2010",
                                        "2016",
                                        "2017",
                                        "2006",
                                        "2002",
                                        "2003",
                                        "2004",
                                        "2005",
                                        "2001",
                                        "2000"
                                    ],
                                    "data_values": [
                                        "3.69",
                                        "1.90",
                                        "-8.13",
                                        "-3.65",
                                        "-12.64",
                                        "10.12",
                                        "12.50",
                                        "-3.19",
                                        "-12.95",
                                        "-12.03",
                                        "-6.75",
                                        "0.66",
                                        "15.36",
                                        "8.98",
                                        "18.88",
                                        "4.23",
                                        "61.14",
                                        "8.60"
                                    ],
                                    "data_is_censored": [
                                        false,
                                        false,
                                        false,
                                        false,
                                        false,
                                        false,
                                        false,
                                        false,
                                        false,
                                        false,
                                        false,
                                        false,
                                        false,
                                        false,
                                        false,
                                        false,
                                        false,
                                        false
                                    ],
                                    "data_numeric_part": [
                                        3.7,
                                        1.9,
                                        -8.13,
                                        -3.65,
                                        -12.64,
                                        10.0,
                                        13.0,
                                        -3.19,
                                        -12.95,
                                        -12.03,
                                        -6.75,
                                        0.66,
                                        15.0,
                                        9.0,
                                        19.0,
                                        4.2,
                                        61.0,
                                        8.6
                                    ],
                                    "preferred_visualization": "time_series"
                                }
                            ]
                        }
                    ]
                }
            ]
        },
        {
            "goalCode": "9",
            "targets": [
                {
                    "targetCode": "9.c",
                    "indicators": [
                        {
                            "indicatorCode": "9.c.1",
                            "facts": [
                                {
                                    "seriesCode": "IT_MOB_NTWK",
                                    "seriesTitle": "Proportion of population covered by a mobile network, by technology (%)",
                                    "hub": "8943ce6f81b44120b6124fedb3b094d8",
                                    "slice_dimensions": {
                                        "Type of mobile technology": "AL2G"
                                    },
                                    "text_type": "2",
                                    "fact_text": "In <span class='fact-year'>2017</span>, <span class='fact-value'>70.00</span> <span class='fact-unit'>% </span> of the population was in range of at least a second-generation (2G) cellular signal",
                                    "fact_values": [
                                        "70.00"
                                    ],
                                    "fact_units": [
                                        "% "
                                    ],
                                    "fact_years": [
                                        "2017"
                                    ],
                                    "data_years": [
                                        "2015",
                                        "2017",
                                        "2016"
                                    ],
                                    "data_values": [
                                        "92.00",
                                        "70.00",
                                        "92.00"
                                    ],
                                    "data_is_censored": [
                                        false,
                                        false,
                                        false
                                    ],
                                    "data_numeric_part": [
                                        92.0,
                                        70.0,
                                        92.0
                                    ],
                                    "preferred_visualization": "singleton"
                                }
                            ]
                        }
                    ]
                }
            ]
        },
        {
            "goalCode": "11",
            "targets": [
                {
                    "targetCode": "11.1",
                    "indicators": [
                        {
                            "indicatorCode": "11.1.1",
                            "facts": [
                                {
                                    "seriesCode": "EN_LND_SLUM",
                                    "seriesTitle": "Proportion of urban population living in slums (%)",
                                    "hub": "f158f819bd284fd5b35e456a152a069c",
                                    "slice_dimensions": {},
                                    "text_type": "1",
                                    "fact_text": "The proportion of the urban population living in slums was <span class='fact-value'>66.2</span> <span class='fact-unit'>%</span> in <span class='fact-year'>2014</span>.",
                                    "fact_values": [
                                        "66.2"
                                    ],
                                    "fact_units": [
                                        "%"
                                    ],
                                    "fact_years": [
                                        "2014"
                                    ],
                                    "data_years": [
                                        "2005",
                                        "2014"
                                    ],
                                    "data_values": [
                                        "66.3",
                                        "66.2"
                                    ],
                                    "data_is_censored": [
                                        false,
                                        false
                                    ],
                                    "data_numeric_part": [
                                        66.0,
                                        66.0
                                    ],
                                    "preferred_visualization": "singleton"
                                }
                            ]
                        }
                    ]
                },
                {
                    "targetCode": "11.6",
                    "indicators": [
                        {
                            "indicatorCode": "11.6.2",
                            "facts": [
                                {
                                    "seriesCode": "EN_ATM_PM25",
                                    "seriesTitle": "Annual mean levels of fine particulate matter in cities, urban population (micrograms per cubic meter)",
                                    "hub": "5b43bb59961a46daa3b8af9384f60103",
                                    "slice_dimensions": {
                                        "Location": "ALLAREA"
                                    },
                                    "text_type": "10",
                                    "fact_text": "In <span class='fact-year'> 2016</span> , the annual population-weighted average mean concentration of fine suspended particles of less than 2.5 microns in diameters (PM2.5) was about <span class='fact-value'> 45.9029464721680</span>  <span class='fact-unit'> micrograms per cubic metre</span> .  This is above the maximum level for safety set by WHO of 10 micrograms per cubic metre.",
                                    "fact_values": [
                                        "45.9029464721680"
                                    ],
                                    "fact_units": [
                                        " micrograms per cubic metre"
                                    ],
                                    "fact_years": [
                                        "2016"
                                    ],
                                    "data_years": [
                                        "2016"
                                    ],
                                    "data_values": [
                                        "45.9029464721680"
                                    ],
                                    "data_is_censored": [
                                        false
                                    ],
                                    "data_numeric_part": [
                                        46.0
                                    ],
                                    "preferred_visualization": "threshold"
                                }
                            ]
                        }
                    ]
                }
            ]
        },
        {
            "goalCode": "12",
            "targets": [
                {
                    "targetCode": "12.2",
                    "indicators": [
                        {
                            "indicatorCode": "12.2.2",
                            "facts": [
                                {
                                    "seriesCode": "EN_MAT_DOMCMPC",
                                    "seriesTitle": "Domestic material consumption per capita, by type of raw material (tonnes)",
                                    "hub": "995242b2ec9f4a21975ef7d47b5657bb",
                                    "slice_dimensions": {
                                        "Type of product": "RAW"
                                    },
                                    "text_type": "1",
                                    "fact_text": "Domestic material consumption increased from <span class='fact-value'>12.9243</span> <span class='fact-unit'> metric tons per capita</span> in <span class='fact-year'>2000</span> to <span class='fact-value'>19.21658 metric tons per capita</span>  in  <span class='fact-year'>2017</span>.",
                                    "fact_values": [
                                        "12.9243",
                                        "19.21658"
                                    ],
                                    "fact_units": [
                                        " metric tons per capita",
                                        " metric tons per capita"
                                    ],
                                    "fact_years": [
                                        "2000",
                                        "2017"
                                    ],
                                    "data_years": [
                                        "2006",
                                        "2007",
                                        "2005",
                                        "2010",
                                        "2009",
                                        "2008",
                                        "2000",
                                        "2004",
                                        "2001",
                                        "2003",
                                        "2002",
                                        "2017",
                                        "2013",
                                        "2012",
                                        "2011",
                                        "2016",
                                        "2015",
                                        "2014"
                                    ],
                                    "data_values": [
                                        "25.48822",
                                        "25.11173",
                                        "27.17896",
                                        "21.3866",
                                        "24.26596",
                                        "27.28859",
                                        "12.9243",
                                        "26.71524",
                                        "19.41273",
                                        "25.69512",
                                        "22.89805",
                                        "19.21658",
                                        "18.80911",
                                        "20.55007",
                                        "22.03913",
                                        "19.11907",
                                        "19.01223",
                                        "18.88446"
                                    ],
                                    "data_is_censored": [
                                        false,
                                        false,
                                        false,
                                        false,
                                        false,
                                        false,
                                        false,
                                        false,
                                        false,
                                        false,
                                        false,
                                        false,
                                        false,
                                        false,
                                        false,
                                        false,
                                        false,
                                        false
                                    ],
                                    "data_numeric_part": [
                                        25.0,
                                        25.0,
                                        27.0,
                                        21.0,
                                        24.0,
                                        27.0,
                                        13.0,
                                        27.0,
                                        19.0,
                                        26.0,
                                        23.0,
                                        19.0,
                                        19.0,
                                        21.0,
                                        22.0,
                                        19.0,
                                        19.0,
                                        19.0
                                    ],
                                    "preferred_visualization": "time_series"
                                }
                            ]
                        }
                    ]
                }
            ]
        },
        {
            "goalCode": "14",
            "targets": [
                {
                    "targetCode": "14.5",
                    "indicators": [
                        {
                            "indicatorCode": "14.5.1",
                            "facts": [
                                {
                                    "seriesCode": "ER_MRN_MARIN",
                                    "seriesTitle": "Coverage of protected areas in relation to marine areas (Exclusive Economic Zones) (%)",
                                    "hub": "2a0cad7f76284e8c978bfcb0fa15cd76",
                                    "slice_dimensions": {},
                                    "text_type": "8",
                                    "fact_text": "In <span class='fact-year'> 2018</span> , <span class='fact-value'> 0.2618</span>  <span class='fact-unit'>% </span> of the marine environment under national jurisdiction (up to 200 nautical miles from shore) was under protection.",
                                    "fact_values": [
                                        "0.2618"
                                    ],
                                    "fact_units": [
                                        "% "
                                    ],
                                    "fact_years": [
                                        "2018"
                                    ],
                                    "data_years": [
                                        "2018"
                                    ],
                                    "data_values": [
                                        "0.2618"
                                    ],
                                    "data_is_censored": [
                                        false
                                    ],
                                    "data_numeric_part": [
                                        0.26
                                    ],
                                    "preferred_visualization": "singleton"
                                }
                            ]
                        }
                    ]
                }
            ]
        },
        {
            "goalCode": "15",
            "targets": [
                {
                    "targetCode": "15.1",
                    "indicators": [
                        {
                            "indicatorCode": "15.1.1",
                            "facts": [
                                {
                                    "seriesCode": "AG_LND_FRST",
                                    "seriesTitle": "Forest area as a proportion of total land area (%)",
                                    "hub": "e23061ce674142b5b33c46ea5e031658",
                                    "slice_dimensions": {},
                                    "text_type": "1",
                                    "fact_text": "Land area covered by forest declined from <span class='fact-value'>62.13904</span> <span class='fact-unit'>%</span> in <span class='fact-year'>2000</span> to <span class='fact-value'>55.90018%</span>  in  <span class='fact-year'>2015</span>.",
                                    "fact_values": [
                                        "62.13904",
                                        "55.90018"
                                    ],
                                    "fact_units": [
                                        "%",
                                        "%"
                                    ],
                                    "fact_years": [
                                        "2000",
                                        "2015"
                                    ],
                                    "data_years": [
                                        "2000",
                                        "2015",
                                        "2005",
                                        "2010"
                                    ],
                                    "data_values": [
                                        "62.13904",
                                        "55.90018",
                                        "60.0713",
                                        "57.96791"
                                    ],
                                    "data_is_censored": [
                                        false,
                                        false,
                                        false,
                                        false
                                    ],
                                    "data_numeric_part": [
                                        62.0,
                                        56.0,
                                        60.0,
                                        58.0
                                    ],
                                    "preferred_visualization": "time_series"
                                }
                            ]
                        },
                        {
                            "indicatorCode": "15.1.2",
                            "facts": [
                                {
                                    "seriesCode": "ER_PTD_TERRS",
                                    "seriesTitle": "Average proportion of Terrestrial Key Biodiversity Areas (KBAs) covered by protected areas (%)",
                                    "hub": "c2c0216c53744dd7b5278e398328bc99",
                                    "slice_dimensions": {
                                        "Bounds": "MP"
                                    },
                                    "text_type": "7",
                                    "fact_text": "The average proportion of terrestrial key biodiversity areas (KBAs) covered by protected areas was <span class='fact-value'> 99.99711</span>  <span class='fact-unit'>%</span>  in <span class='fact-year'> 2018</span> .",
                                    "fact_values": [
                                        "99.99711"
                                    ],
                                    "fact_units": [
                                        "%"
                                    ],
                                    "fact_years": [
                                        "2018"
                                    ],
                                    "data_years": [
                                        "2004",
                                        "2003",
                                        "2002",
                                        "2005",
                                        "2008",
                                        "2007",
                                        "2006",
                                        "2001",
                                        "2000",
                                        "2018",
                                        "2017",
                                        "2016",
                                        "2012",
                                        "2011",
                                        "2010",
                                        "2009",
                                        "2015",
                                        "2014",
                                        "2013"
                                    ],
                                    "data_values": [
                                        "99.99711",
                                        "99.99711",
                                        "99.99711",
                                        "99.99711",
                                        "99.99711",
                                        "99.99711",
                                        "99.99711",
                                        "99.99711",
                                        "99.99711",
                                        "99.99711",
                                        "99.99711",
                                        "99.99711",
                                        "99.99711",
                                        "99.99711",
                                        "99.99711",
                                        "99.99711",
                                        "99.99711",
                                        "99.99711",
                                        "99.99711"
                                    ],
                                    "data_is_censored": [
                                        false,
                                        false,
                                        false,
                                        false,
                                        false,
                                        false,
                                        false,
                                        false,
                                        false,
                                        false,
                                        false,
                                        false,
                                        false,
                                        false,
                                        false,
                                        false,
                                        false,
                                        false,
                                        false
                                    ],
                                    "data_numeric_part": [
                                        100.0,
                                        100.0,
                                        100.0,
                                        100.0,
                                        100.0,
                                        100.0,
                                        100.0,
                                        100.0,
                                        100.0,
                                        100.0,
                                        100.0,
                                        100.0,
                                        100.0,
                                        100.0,
                                        100.0,
                                        100.0,
                                        100.0,
                                        100.0,
                                        100.0
                                    ],
                                    "preferred_visualization": "time_series"
                                }
                            ]
                        }
                    ]
                }
            ]
        },
        {
            "goalCode": "16",
            "targets": [
                {
                    "targetCode": "16.1",
                    "indicators": [
                        {
                            "indicatorCode": "16.1.1",
                            "facts": [
                                {
                                    "seriesCode": "VC_IHR_PSRC",
                                    "seriesTitle": "Number of victims of intentional homicide per 100,000 population, by sex (victims per 100,000 population)",
                                    "hub": "b65e89e905a744e5992889ddc27f8fc7",
                                    "slice_dimensions": {},
                                    "text_type": "11",
                                    "fact_text": "In <span class='fact-year'> 2015</span> , the intentional homicide rate was <span class='fact-value'> 2.31</span>  <span class='fact-unit'> per 100,000 population</span> . ",
                                    "fact_values": [
                                        "2.31"
                                    ],
                                    "fact_units": [
                                        " per 100,000 population"
                                    ],
                                    "fact_years": [
                                        "2015"
                                    ],
                                    "data_years": [
                                        "2015",
                                        "2010"
                                    ],
                                    "data_values": [
                                        "2.31",
                                        "2.59"
                                    ],
                                    "data_is_censored": [
                                        false,
                                        false
                                    ],
                                    "data_numeric_part": [
                                        2.3,
                                        2.6
                                    ],
                                    "preferred_visualization": "singleton"
                                }
                            ]
                        }
                    ]
                },
                {
                    "targetCode": "16.9",
                    "indicators": [
                        {
                            "indicatorCode": "16.9.1",
                            "facts": [
                                {
                                    "seriesCode": "SG_REG_BRTH",
                                    "seriesTitle": "Proportion of children under 5 years of age whose births have been registered with a civil authority (% of children under 5 years of age)",
                                    "hub": "",
                                    "slice_dimensions": {
                                        "Age": "<5Y"
                                    },
                                    "text_type": "3",
                                    "fact_text": "In <span class='fact-year'> 2011</span> , there were about <span class='fact-value'> 53.5</span> <span class='fact-unit'>%</span>  of children under age 5 whose births were registered with a civil authority",
                                    "fact_values": [
                                        "53.5"
                                    ],
                                    "fact_units": [
                                        "%"
                                    ],
                                    "fact_years": [
                                        "2011"
                                    ],
                                    "data_years": [
                                        "2011"
                                    ],
                                    "data_values": [
                                        "53.5"
                                    ],
                                    "data_is_censored": [
                                        false
                                    ],
                                    "data_numeric_part": [
                                        54.0
                                    ],
                                    "preferred_visualization": "singleton"
                                }
                            ]
                        }
                    ]
                }
            ]
        },
        {
            "goalCode": "17",
            "targets": [
                {
                    "targetCode": "17.3",
                    "indicators": [
                        {
                            "indicatorCode": "17.3.2",
                            "facts": [
                                {
                                    "seriesCode": "BX_TRF_PWKR",
                                    "seriesTitle": "Volume of remittances (in United States dollars) as a proportion of total GDP (%)",
                                    "hub": "68e9ec78abe543889762bbdd36cd3d31",
                                    "slice_dimensions": {},
                                    "text_type": "9",
                                    "fact_text": "In <span class='fact-year'> 1996</span> , the inflow of personal remittances was <span class='fact-value'> 0.07</span>  <span class='fact-unit'>% of GDP</span> .",
                                    "fact_values": [
                                        "0.07"
                                    ],
                                    "fact_units": [
                                        "% of GDP"
                                    ],
                                    "fact_years": [
                                        "1996"
                                    ],
                                    "data_years": [
                                        "1992",
                                        "1995",
                                        "1993",
                                        "1994",
                                        "1996"
                                    ],
                                    "data_values": [
                                        "0.98",
                                        "0.07",
                                        "0.67",
                                        "0.50",
                                        "0.07"
                                    ],
                                    "data_is_censored": [
                                        false,
                                        false,
                                        false,
                                        false,
                                        false
                                    ],
                                    "data_numeric_part": [
                                        0.98,
                                        0.07,
                                        0.67,
                                        0.5,
                                        0.07
                                    ],
                                    "preferred_visualization": "time_series"
                                }
                            ]
                        }
                    ]
                },
                {
                    "targetCode": "17.6",
                    "indicators": [
                        {
                            "indicatorCode": "17.6.2",
                            "facts": [
                                {
                                    "seriesCode": "IT_NET_BBP",
                                    "seriesTitle": "Fixed Internet broadband subscriptions per 100\u00a0inhabitants, by speed (per 100 inhabitants)",
                                    "hub": "f59cf3f8a0ec41a2b601a28682e6f2c8",
                                    "slice_dimensions": {
                                        "Type of speed": "ANYS"
                                    },
                                    "text_type": "15",
                                    "fact_text": "In <span class='fact-year'> 2017</span> , fixed-broadband internet penetration reached <span class='fact-value'> 0.15</span>  <span class='fact-unit'>% of the population</span> , up from 0.02% of the population in <span class='fact-year'> 2005</span> .",
                                    "fact_values": [
                                        "0.02",
                                        "0.15"
                                    ],
                                    "fact_units": [
                                        "% of the population",
                                        "% of the population"
                                    ],
                                    "fact_years": [
                                        "2005",
                                        "2017"
                                    ],
                                    "data_years": [
                                        "2010",
                                        "2011",
                                        "2012",
                                        "2014",
                                        "2015",
                                        "2013",
                                        "2009",
                                        "2005",
                                        "2007",
                                        "2008",
                                        "2006",
                                        "2016",
                                        "2017"
                                    ],
                                    "data_values": [
                                        "0.12",
                                        "0.14",
                                        "0.14",
                                        "0.34",
                                        "0.32",
                                        "0.32",
                                        "0.02",
                                        "0.02",
                                        "0.02",
                                        "0.02",
                                        "0.02",
                                        "0.28",
                                        "0.15"
                                    ],
                                    "data_is_censored": [
                                        false,
                                        false,
                                        false,
                                        false,
                                        false,
                                        false,
                                        false,
                                        false,
                                        false,
                                        false,
                                        false,
                                        false,
                                        false
                                    ],
                                    "data_numeric_part": [
                                        0.12,
                                        0.14,
                                        0.14,
                                        0.34,
                                        0.32,
                                        0.32,
                                        0.02,
                                        0.02,
                                        0.02,
                                        0.02,
                                        0.02,
                                        0.28,
                                        0.15
                                    ],
                                    "preferred_visualization": "time_series"
                                }
                            ]
                        }
                    ]
                },
                {
                    "targetCode": "17.18",
                    "indicators": [
                        {
                            "indicatorCode": "17.18.3",
                            "facts": [
                                {
                                    "seriesCode": "SG_STT_NSDSFND",
                                    "seriesTitle": "Countries with national statistical plans that are fully funded (1 = YES; 0 = NO)",
                                    "hub": "bc201a5c69e94e23b45bad86c828f1be",
                                    "slice_dimensions": {},
                                    "text_type": "12",
                                    "fact_text": "As of <span class='fact-year'> 2018</span> , Equatorial Guinea has developed national statistical plans that are fully funded.",
                                    "fact_values": [
                                        "1"
                                    ],
                                    "fact_units": [
                                        ""
                                    ],
                                    "fact_years": [
                                        "2018"
                                    ],
                                    "data_years": [
                                        "2018"
                                    ],
                                    "data_values": [
                                        "1"
                                    ],
                                    "data_is_censored": [
                                        false
                                    ],
                                    "data_numeric_part": [
                                        1.0
                                    ],
                                    "preferred_visualization": "boolean"
                                }
                            ]
                        }
                    ]
                }
            ]
        }
    ]
}