{
    "release": "2019.Q1.G.02",
    "country_code": "334",
    "country_name": "Heard Island and McDonald Islands",
    "X": "73.52633626",
    "Y": "-53.09106147",
    "goals": [
        {
            "goalCode": "14",
            "targets": [
                {
                    "targetCode": "14.5",
                    "indicators": [
                        {
                            "indicatorCode": "14.5.1",
                            "facts": [
                                {
                                    "seriesCode": "ER_MRN_MARIN",
                                    "seriesTitle": "Coverage of protected areas in relation to marine areas (Exclusive Economic Zones) (%)",
                                    "hub": "2a0cad7f76284e8c978bfcb0fa15cd76",
                                    "slice_dimensions": {},
                                    "text_type": "8",
                                    "fact_text": "In <span class='fact-year'> 2018</span> , <span class='fact-value'> 16.91529</span>  <span class='fact-unit'>% </span> of the marine environment under national jurisdiction (up to 200 nautical miles from shore) was under protection.",
                                    "fact_values": [
                                        "16.91529"
                                    ],
                                    "fact_units": [
                                        "% "
                                    ],
                                    "fact_years": [
                                        "2018"
                                    ],
                                    "data_years": [
                                        "2018"
                                    ],
                                    "data_values": [
                                        "16.91529"
                                    ],
                                    "data_is_censored": [
                                        false
                                    ],
                                    "data_numeric_part": [
                                        17.0
                                    ],
                                    "preferred_visualization": "singleton"
                                }
                            ]
                        }
                    ]
                }
            ]
        },
        {
            "goalCode": "15",
            "targets": [
                {
                    "targetCode": "15.1",
                    "indicators": [
                        {
                            "indicatorCode": "15.1.2",
                            "facts": [
                                {
                                    "seriesCode": "ER_PTD_TERRS",
                                    "seriesTitle": "Average proportion of Terrestrial Key Biodiversity Areas (KBAs) covered by protected areas (%)",
                                    "hub": "c2c0216c53744dd7b5278e398328bc99",
                                    "slice_dimensions": {
                                        "Bounds": "MP"
                                    },
                                    "text_type": "7",
                                    "fact_text": "The average proportion of terrestrial key biodiversity areas (KBAs) covered by protected areas was <span class='fact-value'> 100</span>  <span class='fact-unit'>%</span>  in <span class='fact-year'> 2018</span> .",
                                    "fact_values": [
                                        "100"
                                    ],
                                    "fact_units": [
                                        "%"
                                    ],
                                    "fact_years": [
                                        "2018"
                                    ],
                                    "data_years": [
                                        "2011",
                                        "2012",
                                        "2013",
                                        "2015",
                                        "2016",
                                        "2017",
                                        "2014",
                                        "2010",
                                        "2004",
                                        "2005",
                                        "2006",
                                        "2007",
                                        "2008",
                                        "2009",
                                        "2018",
                                        "2003",
                                        "2000",
                                        "2001",
                                        "2002"
                                    ],
                                    "data_values": [
                                        "100",
                                        "100",
                                        "100",
                                        "100",
                                        "100",
                                        "100",
                                        "100",
                                        "100",
                                        "100",
                                        "100",
                                        "100",
                                        "100",
                                        "100",
                                        "100",
                                        "100",
                                        "100",
                                        "100",
                                        "100",
                                        "100"
                                    ],
                                    "data_is_censored": [
                                        false,
                                        false,
                                        false,
                                        false,
                                        false,
                                        false,
                                        false,
                                        false,
                                        false,
                                        false,
                                        false,
                                        false,
                                        false,
                                        false,
                                        false,
                                        false,
                                        false,
                                        false,
                                        false
                                    ],
                                    "data_numeric_part": [
                                        100.0,
                                        100.0,
                                        100.0,
                                        100.0,
                                        100.0,
                                        100.0,
                                        100.0,
                                        100.0,
                                        100.0,
                                        100.0,
                                        100.0,
                                        100.0,
                                        100.0,
                                        100.0,
                                        100.0,
                                        100.0,
                                        100.0,
                                        100.0,
                                        100.0
                                    ],
                                    "preferred_visualization": "time_series"
                                }
                            ]
                        }
                    ]
                }
            ]
        }
    ]
}