{
    "release": "2019.Q1.G.02",
    "country_code": "659",
    "country_name": "Saint Kitts and Nevis",
    "X": "-62.76628613",
    "Y": "17.33994219",
    "goals": [
        {
            "goalCode": "1",
            "targets": [
                {
                    "targetCode": "1.5",
                    "indicators": [
                        {
                            "indicatorCode": "1.5.3",
                            "facts": [
                                {
                                    "seriesCode": "SG_DSR_LEGREG",
                                    "seriesTitle": "Countries with legislative and/or regulatory provisions been made for managing disaster risk (1 = YES; 0 = NO)",
                                    "hub": "d675ccc2f7054d82b371e64fb2cbface",
                                    "slice_dimensions": {},
                                    "text_type": "12",
                                    "fact_text": "As of <span class='fact-year'> 2015</span> , Saint Kitts and Nevis has developed national and local disaster reduction strategies.",
                                    "fact_values": [
                                        "1"
                                    ],
                                    "fact_units": [
                                        ""
                                    ],
                                    "fact_years": [
                                        "2015"
                                    ],
                                    "data_years": [
                                        "2013",
                                        "2015"
                                    ],
                                    "data_values": [
                                        "1",
                                        "1"
                                    ],
                                    "data_is_censored": [
                                        false,
                                        false
                                    ],
                                    "data_numeric_part": [
                                        1.0,
                                        1.0
                                    ],
                                    "preferred_visualization": "boolean"
                                }
                            ]
                        }
                    ]
                }
            ]
        },
        {
            "goalCode": "3",
            "targets": [
                {
                    "targetCode": "3.2",
                    "indicators": [
                        {
                            "indicatorCode": "3.2.1",
                            "facts": [
                                {
                                    "seriesCode": "SH_DYN_MORT",
                                    "seriesTitle": "Under-five mortality rate, by sex (deaths per 1,000 live births)",
                                    "hub": "216c7516b9444f289e8f7910c8726e9f",
                                    "slice_dimensions": {
                                        "Age": "<5Y",
                                        "Sex": "BOTHSEX"
                                    },
                                    "text_type": "1",
                                    "fact_text": "The mortality rate of children under age 5 fell from <span class='fact-value'>22.5</span> <span class='fact-unit'> per 1,000 live births</span> in <span class='fact-year'>2000</span> to <span class='fact-value'>13.7 per 1,000 live births</span>  in  <span class='fact-year'>2017</span>.",
                                    "fact_values": [
                                        "22.5",
                                        "13.7"
                                    ],
                                    "fact_units": [
                                        " per 1,000 live births",
                                        " per 1,000 live births"
                                    ],
                                    "fact_years": [
                                        "2000",
                                        "2017"
                                    ],
                                    "data_years": [
                                        "2005",
                                        "2006",
                                        "2007",
                                        "2001",
                                        "2000",
                                        "2004",
                                        "2002",
                                        "2003",
                                        "2015",
                                        "2016",
                                        "2014",
                                        "2017",
                                        "2010",
                                        "2008",
                                        "2009",
                                        "2013",
                                        "2011",
                                        "2012"
                                    ],
                                    "data_values": [
                                        "16.7",
                                        "15.9",
                                        "15.3",
                                        "21.1",
                                        "22.5",
                                        "17.6",
                                        "19.8",
                                        "18.7",
                                        "13.9",
                                        "13.8",
                                        "13.9",
                                        "13.7",
                                        "14.2",
                                        "14.8",
                                        "14.4",
                                        "13.9",
                                        "14",
                                        "13.9"
                                    ],
                                    "data_is_censored": [
                                        false,
                                        false,
                                        false,
                                        false,
                                        false,
                                        false,
                                        false,
                                        false,
                                        false,
                                        false,
                                        false,
                                        false,
                                        false,
                                        false,
                                        false,
                                        false,
                                        false,
                                        false
                                    ],
                                    "data_numeric_part": [
                                        17.0,
                                        16.0,
                                        15.0,
                                        21.0,
                                        23.0,
                                        18.0,
                                        20.0,
                                        19.0,
                                        14.0,
                                        14.0,
                                        14.0,
                                        14.0,
                                        14.0,
                                        15.0,
                                        14.0,
                                        14.0,
                                        14.0,
                                        14.0
                                    ],
                                    "preferred_visualization": "time_series"
                                }
                            ]
                        }
                    ]
                }
            ]
        },
        {
            "goalCode": "5",
            "targets": [
                {
                    "targetCode": "5.5",
                    "indicators": [
                        {
                            "indicatorCode": "5.5.1",
                            "facts": [
                                {
                                    "seriesCode": "SG_GEN_PARL",
                                    "seriesTitle": "Proportion of seats held by women in national parliaments (% of total number of seats)",
                                    "hub": "337524c727bd498c8726f9f6bc6512e1",
                                    "slice_dimensions": {
                                        "Sex": "FEMALE"
                                    },
                                    "text_type": "1",
                                    "fact_text": "The proportion of seats held by women in single or lower houses of parliament was <span class='fact-value'>13.3333</span> <span class='fact-unit'>%</span> in <span class='fact-year'>2018</span>.",
                                    "fact_values": [
                                        "13.3333"
                                    ],
                                    "fact_units": [
                                        "%"
                                    ],
                                    "fact_years": [
                                        "2018"
                                    ],
                                    "data_years": [
                                        "2018",
                                        "2017",
                                        "2014",
                                        "2016",
                                        "2013",
                                        "2015",
                                        "2004",
                                        "2003",
                                        "2005",
                                        "2000",
                                        "2002",
                                        "2001",
                                        "2010",
                                        "2009",
                                        "2012",
                                        "2011",
                                        "2007",
                                        "2006",
                                        "2008"
                                    ],
                                    "data_values": [
                                        "13.3333",
                                        "13.3333",
                                        "6.6667",
                                        "13.3333",
                                        "6.6667",
                                        "6.6667",
                                        "13.3333",
                                        "13.3333",
                                        "0",
                                        "13.3333",
                                        "13.3333",
                                        "13.3333",
                                        "6.6667",
                                        "6.6667",
                                        "6.6667",
                                        "6.6667",
                                        "0",
                                        "0",
                                        "6.6667"
                                    ],
                                    "data_is_censored": [
                                        false,
                                        false,
                                        false,
                                        false,
                                        false,
                                        false,
                                        false,
                                        false,
                                        false,
                                        false,
                                        false,
                                        false,
                                        false,
                                        false,
                                        false,
                                        false,
                                        false,
                                        false,
                                        false
                                    ],
                                    "data_numeric_part": [
                                        13.0,
                                        13.0,
                                        6.7,
                                        13.0,
                                        6.7,
                                        6.7,
                                        13.0,
                                        13.0,
                                        0.0,
                                        13.0,
                                        13.0,
                                        13.0,
                                        6.7,
                                        6.7,
                                        6.7,
                                        6.7,
                                        0.0,
                                        0.0,
                                        6.7
                                    ],
                                    "preferred_visualization": "time_series"
                                }
                            ]
                        }
                    ]
                }
            ]
        },
        {
            "goalCode": "7",
            "targets": [
                {
                    "targetCode": "7.1",
                    "indicators": [
                        {
                            "indicatorCode": "7.1.1",
                            "facts": [
                                {
                                    "seriesCode": "EG_ELC_ACCS",
                                    "seriesTitle": "Proportion of population with access to electricity, by urban/rural (%)",
                                    "hub": "81cf3e70351c4895828a2486efa2142c",
                                    "slice_dimensions": {
                                        "Location": "ALLAREA"
                                    },
                                    "text_type": "1",
                                    "fact_text": "The proportion of the population with access to electricity increased from <span class='fact-value'>93.03</span> <span class='fact-unit'>%</span> in <span class='fact-year'>2000</span> to <span class='fact-value'>100.00%</span>  in  <span class='fact-year'>2016</span>.",
                                    "fact_values": [
                                        "93.03",
                                        "100.00"
                                    ],
                                    "fact_units": [
                                        "%",
                                        "%"
                                    ],
                                    "fact_years": [
                                        "2000",
                                        "2016"
                                    ],
                                    "data_years": [
                                        "2004",
                                        "2005",
                                        "2006",
                                        "2001",
                                        "2000",
                                        "2003",
                                        "2002",
                                        "2014",
                                        "2015",
                                        "2012",
                                        "2013",
                                        "2016",
                                        "2008",
                                        "2007",
                                        "2010",
                                        "2011",
                                        "2009"
                                    ],
                                    "data_values": [
                                        "94.82",
                                        "95.27",
                                        "95.72",
                                        "93.53",
                                        "93.03",
                                        "94.38",
                                        "93.94",
                                        "99.74",
                                        "99.93",
                                        "98.86",
                                        "99.37",
                                        "100.00",
                                        "96.70",
                                        "96.20",
                                        "97.75",
                                        "98.31",
                                        "97.22"
                                    ],
                                    "data_is_censored": [
                                        false,
                                        false,
                                        false,
                                        false,
                                        false,
                                        false,
                                        false,
                                        false,
                                        false,
                                        false,
                                        false,
                                        false,
                                        false,
                                        false,
                                        false,
                                        false,
                                        false
                                    ],
                                    "data_numeric_part": [
                                        95.0,
                                        95.0,
                                        96.0,
                                        94.0,
                                        93.0,
                                        94.0,
                                        94.0,
                                        100.0,
                                        100.0,
                                        99.0,
                                        99.0,
                                        100.0,
                                        97.0,
                                        96.0,
                                        98.0,
                                        98.0,
                                        97.0
                                    ],
                                    "preferred_visualization": "time_series"
                                }
                            ]
                        },
                        {
                            "indicatorCode": "7.1.2",
                            "facts": [
                                {
                                    "seriesCode": "EG_EGY_CLEAN",
                                    "seriesTitle": "Proportion of population with primary reliance on clean fuels and technology (%)",
                                    "hub": "b087399f0b874ab9948714edcd49cbdd",
                                    "slice_dimensions": {},
                                    "text_type": "8",
                                    "fact_text": "In <span class='fact-year'> 2017</span> , <span class='fact-value'> more than 95</span>  <span class='fact-unit'>% </span> of the population relied primarily on clean fuels and technology.",
                                    "fact_values": [
                                        "more than 95"
                                    ],
                                    "fact_units": [
                                        "% "
                                    ],
                                    "fact_years": [
                                        "2017"
                                    ],
                                    "data_years": [
                                        "2017",
                                        "2016",
                                        "2015",
                                        "2010",
                                        "2005",
                                        "2000"
                                    ],
                                    "data_values": [
                                        "more than 95",
                                        "more than 95",
                                        "more than 95",
                                        "more than 95",
                                        "more than 95",
                                        "more than 95"
                                    ],
                                    "data_is_censored": [
                                        true,
                                        true,
                                        true,
                                        true,
                                        true,
                                        true
                                    ],
                                    "data_numeric_part": [
                                        95.0,
                                        95.0,
                                        95.0,
                                        95.0,
                                        95.0,
                                        95.0
                                    ],
                                    "preferred_visualization": "time_series"
                                }
                            ]
                        }
                    ]
                }
            ]
        },
        {
            "goalCode": "8",
            "targets": [
                {
                    "targetCode": "8.5",
                    "indicators": [
                        {
                            "indicatorCode": "8.5.2",
                            "facts": [
                                {
                                    "seriesCode": "SL_TLF_UEM",
                                    "seriesTitle": "Unemployment rate, by sex and age (%)",
                                    "hub": "72c32323563d4a0b9432c9edcb85267a",
                                    "slice_dimensions": {
                                        "Age": "15+",
                                        "Sex": "BOTHSEX"
                                    },
                                    "text_type": "1",
                                    "fact_text": "The total unemployment rate was <span class='fact-value'>5.1</span> <span class='fact-unit'>%</span> in <span class='fact-year'>2001</span>.",
                                    "fact_values": [
                                        "5.1"
                                    ],
                                    "fact_units": [
                                        "%"
                                    ],
                                    "fact_years": [
                                        "2001"
                                    ],
                                    "data_years": [
                                        "2001"
                                    ],
                                    "data_values": [
                                        "5.1"
                                    ],
                                    "data_is_censored": [
                                        false
                                    ],
                                    "data_numeric_part": [
                                        5.1
                                    ],
                                    "preferred_visualization": "singleton"
                                }
                            ]
                        }
                    ]
                },
                {
                    "targetCode": "8.1",
                    "indicators": [
                        {
                            "indicatorCode": "8.1.1",
                            "facts": [
                                {
                                    "seriesCode": "NY_GDP_PCAP",
                                    "seriesTitle": "Annual growth rate of real GDP per capita (%)",
                                    "hub": "3cb997d2497148e68dca6787fcb84ca5",
                                    "slice_dimensions": {},
                                    "text_type": "1",
                                    "fact_text": "The annual growth rate of real gross domestic product (GDP) per capita was <span class='fact-value'>0.21</span> <span class='fact-unit'>%</span> in <span class='fact-year'>2017</span>.",
                                    "fact_values": [
                                        "0.21"
                                    ],
                                    "fact_units": [
                                        "%"
                                    ],
                                    "fact_years": [
                                        "2017"
                                    ],
                                    "data_years": [
                                        "2006",
                                        "2005",
                                        "2004",
                                        "2002",
                                        "2001",
                                        "2000",
                                        "2003",
                                        "2007",
                                        "2008",
                                        "2009",
                                        "2016",
                                        "2015",
                                        "2014",
                                        "2017",
                                        "2013",
                                        "2012",
                                        "2011",
                                        "2010"
                                    ],
                                    "data_values": [
                                        "0.60",
                                        "7.34",
                                        "2.17",
                                        "1.15",
                                        "4.05",
                                        "9.35",
                                        "-4.97",
                                        "-1.36",
                                        "5.13",
                                        "-4.08",
                                        "1.22",
                                        "2.92",
                                        "4.84",
                                        "0.21",
                                        "5.07",
                                        "-1.71",
                                        "1.29",
                                        "-3.31"
                                    ],
                                    "data_is_censored": [
                                        false,
                                        false,
                                        false,
                                        false,
                                        false,
                                        false,
                                        false,
                                        false,
                                        false,
                                        false,
                                        false,
                                        false,
                                        false,
                                        false,
                                        false,
                                        false,
                                        false,
                                        false
                                    ],
                                    "data_numeric_part": [
                                        0.6,
                                        7.3,
                                        2.2,
                                        1.2,
                                        4.1,
                                        9.4,
                                        -4.97,
                                        -1.36,
                                        5.1,
                                        -4.08,
                                        1.2,
                                        2.9,
                                        4.8,
                                        0.21,
                                        5.1,
                                        -1.71,
                                        1.3,
                                        -3.31
                                    ],
                                    "preferred_visualization": "time_series"
                                }
                            ]
                        }
                    ]
                }
            ]
        },
        {
            "goalCode": "9",
            "targets": [
                {
                    "targetCode": "9.c",
                    "indicators": [
                        {
                            "indicatorCode": "9.c.1",
                            "facts": [
                                {
                                    "seriesCode": "IT_MOB_NTWK",
                                    "seriesTitle": "Proportion of population covered by a mobile network, by technology (%)",
                                    "hub": "8943ce6f81b44120b6124fedb3b094d8",
                                    "slice_dimensions": {
                                        "Type of mobile technology": "AL2G"
                                    },
                                    "text_type": "2",
                                    "fact_text": "In <span class='fact-year'>2017</span>, <span class='fact-value'>100.00</span> <span class='fact-unit'>% </span> of the population was in range of at least a second-generation (2G) cellular signal",
                                    "fact_values": [
                                        "100.00"
                                    ],
                                    "fact_units": [
                                        "% "
                                    ],
                                    "fact_years": [
                                        "2017"
                                    ],
                                    "data_years": [
                                        "2015",
                                        "2014",
                                        "2017",
                                        "2016"
                                    ],
                                    "data_values": [
                                        "100.00",
                                        "100.00",
                                        "100.00",
                                        "100.00"
                                    ],
                                    "data_is_censored": [
                                        false,
                                        false,
                                        false,
                                        false
                                    ],
                                    "data_numeric_part": [
                                        100.0,
                                        100.0,
                                        100.0,
                                        100.0
                                    ],
                                    "preferred_visualization": "time_series"
                                }
                            ]
                        }
                    ]
                }
            ]
        },
        {
            "goalCode": "11",
            "targets": [
                {
                    "targetCode": "11.6",
                    "indicators": [
                        {
                            "indicatorCode": "11.6.2",
                            "facts": [
                                {
                                    "seriesCode": "EN_ATM_PM25",
                                    "seriesTitle": "Annual mean levels of fine particulate matter in cities, urban population (micrograms per cubic meter)",
                                    "hub": "5b43bb59961a46daa3b8af9384f60103",
                                    "slice_dimensions": {
                                        "Location": "ALLAREA"
                                    },
                                    "text_type": "10",
                                    "fact_text": "In <span class='fact-year'> 2016</span> , the annual population-weighted average mean concentration of fine suspended particles of less than 2.5 microns in diameters (PM2.5) was about <span class='fact-value'> 12.3100748062134</span>  <span class='fact-unit'> micrograms per cubic metre</span> .  This is above the maximum level for safety set by WHO of 10 micrograms per cubic metre.",
                                    "fact_values": [
                                        "12.3100748062134"
                                    ],
                                    "fact_units": [
                                        " micrograms per cubic metre"
                                    ],
                                    "fact_years": [
                                        "2016"
                                    ],
                                    "data_years": [
                                        "2016"
                                    ],
                                    "data_values": [
                                        "12.3100748062134"
                                    ],
                                    "data_is_censored": [
                                        false
                                    ],
                                    "data_numeric_part": [
                                        12.0
                                    ],
                                    "preferred_visualization": "threshold"
                                }
                            ]
                        }
                    ]
                },
                {
                    "targetCode": "11.b",
                    "indicators": [
                        {
                            "indicatorCode": "11.b.1",
                            "facts": [
                                {
                                    "seriesCode": "SG_DSR_LEGREG",
                                    "seriesTitle": "Countries with legislative and/or regulatory provisions been made for managing disaster risk (1 = YES; 0 = NO)",
                                    "hub": "d675ccc2f7054d82b371e64fb2cbface",
                                    "slice_dimensions": {},
                                    "text_type": "12",
                                    "fact_text": "As of <span class='fact-year'> 2015</span> , Saint Kitts and Nevis has developed national and local disaster reduction strategies.",
                                    "fact_values": [
                                        "1"
                                    ],
                                    "fact_units": [
                                        ""
                                    ],
                                    "fact_years": [
                                        "2015"
                                    ],
                                    "data_years": [
                                        "2013",
                                        "2015"
                                    ],
                                    "data_values": [
                                        "1",
                                        "1"
                                    ],
                                    "data_is_censored": [
                                        false,
                                        false
                                    ],
                                    "data_numeric_part": [
                                        1.0,
                                        1.0
                                    ],
                                    "preferred_visualization": "boolean"
                                }
                            ]
                        }
                    ]
                }
            ]
        },
        {
            "goalCode": "13",
            "targets": [
                {
                    "targetCode": "13.1",
                    "indicators": [
                        {
                            "indicatorCode": "13.1.2",
                            "facts": [
                                {
                                    "seriesCode": "SG_DSR_LEGREG",
                                    "seriesTitle": "Countries with legislative and/or regulatory provisions been made for managing disaster risk (1 = YES; 0 = NO)",
                                    "hub": "d675ccc2f7054d82b371e64fb2cbface",
                                    "slice_dimensions": {},
                                    "text_type": "12",
                                    "fact_text": "As of <span class='fact-year'> 2015</span> , Saint Kitts and Nevis has developed national and local disaster reduction strategies.",
                                    "fact_values": [
                                        "1"
                                    ],
                                    "fact_units": [
                                        ""
                                    ],
                                    "fact_years": [
                                        "2015"
                                    ],
                                    "data_years": [
                                        "2013",
                                        "2015"
                                    ],
                                    "data_values": [
                                        "1",
                                        "1"
                                    ],
                                    "data_is_censored": [
                                        false,
                                        false
                                    ],
                                    "data_numeric_part": [
                                        1.0,
                                        1.0
                                    ],
                                    "preferred_visualization": "boolean"
                                }
                            ]
                        }
                    ]
                }
            ]
        },
        {
            "goalCode": "14",
            "targets": [
                {
                    "targetCode": "14.5",
                    "indicators": [
                        {
                            "indicatorCode": "14.5.1",
                            "facts": [
                                {
                                    "seriesCode": "ER_MRN_MARIN",
                                    "seriesTitle": "Coverage of protected areas in relation to marine areas (Exclusive Economic Zones) (%)",
                                    "hub": "2a0cad7f76284e8c978bfcb0fa15cd76",
                                    "slice_dimensions": {},
                                    "text_type": "8",
                                    "fact_text": "In <span class='fact-year'> 2018</span> , <span class='fact-value'> 0.16956</span>  <span class='fact-unit'>% </span> of the marine environment under national jurisdiction (up to 200 nautical miles from shore) was under protection.",
                                    "fact_values": [
                                        "0.16956"
                                    ],
                                    "fact_units": [
                                        "% "
                                    ],
                                    "fact_years": [
                                        "2018"
                                    ],
                                    "data_years": [
                                        "2018"
                                    ],
                                    "data_values": [
                                        "0.16956"
                                    ],
                                    "data_is_censored": [
                                        false
                                    ],
                                    "data_numeric_part": [
                                        0.17
                                    ],
                                    "preferred_visualization": "singleton"
                                }
                            ]
                        }
                    ]
                }
            ]
        },
        {
            "goalCode": "15",
            "targets": [
                {
                    "targetCode": "15.1",
                    "indicators": [
                        {
                            "indicatorCode": "15.1.1",
                            "facts": [
                                {
                                    "seriesCode": "AG_LND_FRST",
                                    "seriesTitle": "Forest area as a proportion of total land area (%)",
                                    "hub": "e23061ce674142b5b33c46ea5e031658",
                                    "slice_dimensions": {},
                                    "text_type": "1",
                                    "fact_text": "Land area covered by forest was <span class='fact-value'>42.30769</span> <span class='fact-unit'>%</span> in <span class='fact-year'>2015</span>.",
                                    "fact_values": [
                                        "42.30769"
                                    ],
                                    "fact_units": [
                                        "%"
                                    ],
                                    "fact_years": [
                                        "2015"
                                    ],
                                    "data_years": [
                                        "2015",
                                        "2010",
                                        "2005",
                                        "2000"
                                    ],
                                    "data_values": [
                                        "42.30769",
                                        "42.30769",
                                        "42.30769",
                                        "42.30769"
                                    ],
                                    "data_is_censored": [
                                        false,
                                        false,
                                        false,
                                        false
                                    ],
                                    "data_numeric_part": [
                                        42.0,
                                        42.0,
                                        42.0,
                                        42.0
                                    ],
                                    "preferred_visualization": "time_series"
                                }
                            ]
                        },
                        {
                            "indicatorCode": "15.1.2",
                            "facts": [
                                {
                                    "seriesCode": "ER_PTD_TERRS",
                                    "seriesTitle": "Average proportion of Terrestrial Key Biodiversity Areas (KBAs) covered by protected areas (%)",
                                    "hub": "c2c0216c53744dd7b5278e398328bc99",
                                    "slice_dimensions": {
                                        "Bounds": "MP"
                                    },
                                    "text_type": "7",
                                    "fact_text": "The average proportion of terrestrial key biodiversity areas (KBAs) covered by protected areas was <span class='fact-value'> 29.20138</span>  <span class='fact-unit'>%</span>  in <span class='fact-year'> 2018</span> .",
                                    "fact_values": [
                                        "29.20138"
                                    ],
                                    "fact_units": [
                                        "%"
                                    ],
                                    "fact_years": [
                                        "2018"
                                    ],
                                    "data_years": [
                                        "2014",
                                        "2015",
                                        "2012",
                                        "2013",
                                        "2018",
                                        "2016",
                                        "2017",
                                        "2006",
                                        "2007",
                                        "2004",
                                        "2005",
                                        "2010",
                                        "2011",
                                        "2008",
                                        "2009",
                                        "2002",
                                        "2003",
                                        "2000",
                                        "2001"
                                    ],
                                    "data_values": [
                                        "29.20138",
                                        "29.20138",
                                        "29.20138",
                                        "29.20138",
                                        "29.20138",
                                        "29.20138",
                                        "29.20138",
                                        "29.20138",
                                        "29.20138",
                                        "29.20138",
                                        "29.20138",
                                        "29.20138",
                                        "29.20138",
                                        "29.20138",
                                        "29.20138",
                                        "29.20138",
                                        "29.20138",
                                        "29.20138",
                                        "29.20138"
                                    ],
                                    "data_is_censored": [
                                        false,
                                        false,
                                        false,
                                        false,
                                        false,
                                        false,
                                        false,
                                        false,
                                        false,
                                        false,
                                        false,
                                        false,
                                        false,
                                        false,
                                        false,
                                        false,
                                        false,
                                        false,
                                        false
                                    ],
                                    "data_numeric_part": [
                                        29.0,
                                        29.0,
                                        29.0,
                                        29.0,
                                        29.0,
                                        29.0,
                                        29.0,
                                        29.0,
                                        29.0,
                                        29.0,
                                        29.0,
                                        29.0,
                                        29.0,
                                        29.0,
                                        29.0,
                                        29.0,
                                        29.0,
                                        29.0,
                                        29.0
                                    ],
                                    "preferred_visualization": "time_series"
                                }
                            ]
                        }
                    ]
                }
            ]
        },
        {
            "goalCode": "16",
            "targets": [
                {
                    "targetCode": "16.1",
                    "indicators": [
                        {
                            "indicatorCode": "16.1.1",
                            "facts": [
                                {
                                    "seriesCode": "VC_IHR_PSRC",
                                    "seriesTitle": "Number of victims of intentional homicide per 100,000 population, by sex (victims per 100,000 population)",
                                    "hub": "b65e89e905a744e5992889ddc27f8fc7",
                                    "slice_dimensions": {},
                                    "text_type": "11",
                                    "fact_text": "In <span class='fact-year'> 2012</span> , the intentional homicide rate was <span class='fact-value'> 34.23</span>  <span class='fact-unit'> per 100,000 population</span> . ",
                                    "fact_values": [
                                        "34.23"
                                    ],
                                    "fact_units": [
                                        " per 100,000 population"
                                    ],
                                    "fact_years": [
                                        "2012"
                                    ],
                                    "data_years": [
                                        "2012",
                                        "2011",
                                        "2010"
                                    ],
                                    "data_values": [
                                        "34.23",
                                        "65.38",
                                        "40.82"
                                    ],
                                    "data_is_censored": [
                                        false,
                                        false,
                                        false
                                    ],
                                    "data_numeric_part": [
                                        34.0,
                                        65.0,
                                        41.0
                                    ],
                                    "preferred_visualization": "singleton"
                                }
                            ]
                        }
                    ]
                }
            ]
        },
        {
            "goalCode": "17",
            "targets": [
                {
                    "targetCode": "17.3",
                    "indicators": [
                        {
                            "indicatorCode": "17.3.2",
                            "facts": [
                                {
                                    "seriesCode": "BX_TRF_PWKR",
                                    "seriesTitle": "Volume of remittances (in United States dollars) as a proportion of total GDP (%)",
                                    "hub": "68e9ec78abe543889762bbdd36cd3d31",
                                    "slice_dimensions": {},
                                    "text_type": "9",
                                    "fact_text": "In <span class='fact-year'> 2016</span> , the inflow of personal remittances was <span class='fact-value'> 1.14</span>  <span class='fact-unit'>% of GDP</span> .",
                                    "fact_values": [
                                        "1.14"
                                    ],
                                    "fact_units": [
                                        "% of GDP"
                                    ],
                                    "fact_years": [
                                        "2016"
                                    ],
                                    "data_years": [
                                        "2008",
                                        "2016",
                                        "2012",
                                        "2007",
                                        "2014",
                                        "2010",
                                        "2013",
                                        "2015",
                                        "2009",
                                        "2011",
                                        "1991",
                                        "1992",
                                        "1990",
                                        "1994",
                                        "1995",
                                        "1993",
                                        "2003",
                                        "2004",
                                        "2002",
                                        "2006",
                                        "2005",
                                        "1998",
                                        "1996",
                                        "1997",
                                        "2000",
                                        "2001",
                                        "1999"
                                    ],
                                    "data_values": [
                                        "5.43",
                                        "1.14",
                                        "6.95",
                                        "5.36",
                                        "2.39",
                                        "6.67",
                                        "6.54",
                                        "2.30",
                                        "5.37",
                                        "5.93",
                                        "0.71",
                                        "0.64",
                                        "9.24",
                                        "6.34",
                                        "6.18",
                                        "6.06",
                                        "5.76",
                                        "5.66",
                                        "5.25",
                                        "5.16",
                                        "5.57",
                                        "5.89",
                                        "5.95",
                                        "5.52",
                                        "5.77",
                                        "5.37",
                                        "5.94"
                                    ],
                                    "data_is_censored": [
                                        false,
                                        false,
                                        false,
                                        false,
                                        false,
                                        false,
                                        false,
                                        false,
                                        false,
                                        false,
                                        false,
                                        false,
                                        false,
                                        false,
                                        false,
                                        false,
                                        false,
                                        false,
                                        false,
                                        false,
                                        false,
                                        false,
                                        false,
                                        false,
                                        false,
                                        false,
                                        false
                                    ],
                                    "data_numeric_part": [
                                        5.4,
                                        1.1,
                                        7.0,
                                        5.4,
                                        2.4,
                                        6.7,
                                        6.5,
                                        2.3,
                                        5.4,
                                        5.9,
                                        0.71,
                                        0.64,
                                        9.2,
                                        6.3,
                                        6.2,
                                        6.1,
                                        5.8,
                                        5.7,
                                        5.3,
                                        5.2,
                                        5.6,
                                        5.9,
                                        6.0,
                                        5.5,
                                        5.8,
                                        5.4,
                                        5.9
                                    ],
                                    "preferred_visualization": "time_series"
                                }
                            ]
                        }
                    ]
                },
                {
                    "targetCode": "17.6",
                    "indicators": [
                        {
                            "indicatorCode": "17.6.2",
                            "facts": [
                                {
                                    "seriesCode": "IT_NET_BBP",
                                    "seriesTitle": "Fixed Internet broadband subscriptions per 100\u00a0inhabitants, by speed (per 100 inhabitants)",
                                    "hub": "f59cf3f8a0ec41a2b601a28682e6f2c8",
                                    "slice_dimensions": {
                                        "Type of speed": "ANYS"
                                    },
                                    "text_type": "15",
                                    "fact_text": "In <span class='fact-year'> 2017</span> , fixed-broadband internet penetration reached <span class='fact-value'> 15.65</span>  <span class='fact-unit'>% of the population</span> , up from 1.1% of the population in <span class='fact-year'> 2002</span> .",
                                    "fact_values": [
                                        "1.07",
                                        "15.65"
                                    ],
                                    "fact_units": [
                                        "% of the population",
                                        "% of the population"
                                    ],
                                    "fact_years": [
                                        "2002",
                                        "2017"
                                    ],
                                    "data_years": [
                                        "2005",
                                        "2006",
                                        "2007",
                                        "2004",
                                        "2002",
                                        "2003",
                                        "2012",
                                        "2013",
                                        "2014",
                                        "2008",
                                        "2009",
                                        "2011",
                                        "2010",
                                        "2015",
                                        "2016",
                                        "2017"
                                    ],
                                    "data_values": [
                                        "13.37",
                                        "17.88",
                                        "19.28",
                                        "9.17",
                                        "1.07",
                                        "4.23",
                                        "24.72",
                                        "25.01",
                                        "26.09",
                                        "22.06",
                                        "25.55",
                                        "24.23",
                                        "28.38",
                                        "30.17",
                                        "25.86",
                                        "15.65"
                                    ],
                                    "data_is_censored": [
                                        false,
                                        false,
                                        false,
                                        false,
                                        false,
                                        false,
                                        false,
                                        false,
                                        false,
                                        false,
                                        false,
                                        false,
                                        false,
                                        false,
                                        false,
                                        false
                                    ],
                                    "data_numeric_part": [
                                        13.0,
                                        18.0,
                                        19.0,
                                        9.2,
                                        1.1,
                                        4.2,
                                        25.0,
                                        25.0,
                                        26.0,
                                        22.0,
                                        26.0,
                                        24.0,
                                        28.0,
                                        30.0,
                                        26.0,
                                        16.0
                                    ],
                                    "preferred_visualization": "time_series"
                                }
                            ]
                        }
                    ]
                },
                {
                    "targetCode": "17.18",
                    "indicators": [
                        {
                            "indicatorCode": "17.18.3",
                            "facts": [
                                {
                                    "seriesCode": "SG_STT_NSDSFND",
                                    "seriesTitle": "Countries with national statistical plans that are fully funded (1 = YES; 0 = NO)",
                                    "hub": "bc201a5c69e94e23b45bad86c828f1be",
                                    "slice_dimensions": {},
                                    "text_type": "12",
                                    "fact_text": "As of <span class='fact-year'> 2018</span> , Saint Kitts and Nevis does not have national statistical plans that are fully funded.",
                                    "fact_values": [
                                        "0"
                                    ],
                                    "fact_units": [
                                        ""
                                    ],
                                    "fact_years": [
                                        "2018"
                                    ],
                                    "data_years": [
                                        "2018"
                                    ],
                                    "data_values": [
                                        "0"
                                    ],
                                    "data_is_censored": [
                                        false
                                    ],
                                    "data_numeric_part": [
                                        0.0
                                    ],
                                    "preferred_visualization": "boolean"
                                }
                            ]
                        }
                    ]
                }
            ]
        }
    ]
}