{
    "release": "2019.Q1.G.02",
    "country_code": "520",
    "country_name": "Nauru",
    "X": "166.92313",
    "Y": "-0.528742623",
    "goals": [
        {
            "goalCode": "1",
            "targets": [
                {
                    "targetCode": "1.5",
                    "indicators": [
                        {
                            "indicatorCode": "1.5.3",
                            "facts": [
                                {
                                    "seriesCode": "SG_DSR_LEGREG",
                                    "seriesTitle": "Countries with legislative and/or regulatory provisions been made for managing disaster risk (1 = YES; 0 = NO)",
                                    "hub": "d675ccc2f7054d82b371e64fb2cbface",
                                    "slice_dimensions": {},
                                    "text_type": "12",
                                    "fact_text": "As of <span class='fact-year'> 2013</span> , Nauru has developed national and local disaster reduction strategies.",
                                    "fact_values": [
                                        "1"
                                    ],
                                    "fact_units": [
                                        ""
                                    ],
                                    "fact_years": [
                                        "2013"
                                    ],
                                    "data_years": [
                                        "2013"
                                    ],
                                    "data_values": [
                                        "1"
                                    ],
                                    "data_is_censored": [
                                        false
                                    ],
                                    "data_numeric_part": [
                                        1.0
                                    ],
                                    "preferred_visualization": "boolean"
                                }
                            ]
                        }
                    ]
                }
            ]
        },
        {
            "goalCode": "2",
            "targets": [
                {
                    "targetCode": "2.2",
                    "indicators": [
                        {
                            "indicatorCode": "2.2.1",
                            "facts": [
                                {
                                    "seriesCode": "SH_STA_STUNT",
                                    "seriesTitle": "Proportion of children moderately or severely stunted (%)",
                                    "hub": "8c0866ad73ae486ba647f5490fed5529",
                                    "slice_dimensions": {
                                        "Age": "<5Y",
                                        "Bounds": "MP"
                                    },
                                    "text_type": "2",
                                    "fact_text": "In <span class='fact-year'>2007</span>, <span class='fact-value'>24.0</span> <span class='fact-unit'>% </span> of children under age 5 had stunted growth",
                                    "fact_values": [
                                        "24.0"
                                    ],
                                    "fact_units": [
                                        "% "
                                    ],
                                    "fact_years": [
                                        "2007"
                                    ],
                                    "data_years": [
                                        "2007"
                                    ],
                                    "data_values": [
                                        "24.0"
                                    ],
                                    "data_is_censored": [
                                        false
                                    ],
                                    "data_numeric_part": [
                                        24.0
                                    ],
                                    "preferred_visualization": "singleton"
                                }
                            ]
                        },
                        {
                            "indicatorCode": "2.2.2",
                            "facts": [
                                {
                                    "seriesCode": "SH_STA_OVRWGT",
                                    "seriesTitle": "Proportion of children moderately or severely overweight (%)",
                                    "hub": "a012070afbd3486d9c0596352b9698d6",
                                    "slice_dimensions": {
                                        "Age": "<5Y",
                                        "Bounds": "MP"
                                    },
                                    "text_type": "1",
                                    "fact_text": "The share of overweight children under age 5 was <span class='fact-value'>2.8</span> <span class='fact-unit'>%</span> in <span class='fact-year'>2007</span>.",
                                    "fact_values": [
                                        "2.8"
                                    ],
                                    "fact_units": [
                                        "%"
                                    ],
                                    "fact_years": [
                                        "2007"
                                    ],
                                    "data_years": [
                                        "2007"
                                    ],
                                    "data_values": [
                                        "2.8"
                                    ],
                                    "data_is_censored": [
                                        false
                                    ],
                                    "data_numeric_part": [
                                        2.8
                                    ],
                                    "preferred_visualization": "singleton"
                                }
                            ]
                        }
                    ]
                }
            ]
        },
        {
            "goalCode": "3",
            "targets": [
                {
                    "targetCode": "3.2",
                    "indicators": [
                        {
                            "indicatorCode": "3.2.1",
                            "facts": [
                                {
                                    "seriesCode": "SH_DYN_MORT",
                                    "seriesTitle": "Under-five mortality rate, by sex (deaths per 1,000 live births)",
                                    "hub": "216c7516b9444f289e8f7910c8726e9f",
                                    "slice_dimensions": {
                                        "Age": "<5Y",
                                        "Sex": "BOTHSEX"
                                    },
                                    "text_type": "1",
                                    "fact_text": "The mortality rate of children under age 5 fell from <span class='fact-value'>41.3</span> <span class='fact-unit'> per 1,000 live births</span> in <span class='fact-year'>2000</span> to <span class='fact-value'>33 per 1,000 live births</span>  in  <span class='fact-year'>2017</span>.",
                                    "fact_values": [
                                        "41.3",
                                        "33"
                                    ],
                                    "fact_units": [
                                        " per 1,000 live births",
                                        " per 1,000 live births"
                                    ],
                                    "fact_years": [
                                        "2000",
                                        "2017"
                                    ],
                                    "data_years": [
                                        "2005",
                                        "2007",
                                        "2006",
                                        "2001",
                                        "2002",
                                        "2000",
                                        "2004",
                                        "2003",
                                        "2015",
                                        "2016",
                                        "2014",
                                        "2017",
                                        "2010",
                                        "2008",
                                        "2009",
                                        "2013",
                                        "2011",
                                        "2012"
                                    ],
                                    "data_values": [
                                        "38.5",
                                        "38.9",
                                        "38.6",
                                        "40.3",
                                        "39.5",
                                        "41.3",
                                        "38.6",
                                        "38.9",
                                        "35",
                                        "34",
                                        "35.9",
                                        "33",
                                        "38.8",
                                        "39.2",
                                        "39.2",
                                        "36.8",
                                        "38.3",
                                        "37.6"
                                    ],
                                    "data_is_censored": [
                                        false,
                                        false,
                                        false,
                                        false,
                                        false,
                                        false,
                                        false,
                                        false,
                                        false,
                                        false,
                                        false,
                                        false,
                                        false,
                                        false,
                                        false,
                                        false,
                                        false,
                                        false
                                    ],
                                    "data_numeric_part": [
                                        39.0,
                                        39.0,
                                        39.0,
                                        40.0,
                                        40.0,
                                        41.0,
                                        39.0,
                                        39.0,
                                        35.0,
                                        34.0,
                                        36.0,
                                        33.0,
                                        39.0,
                                        39.0,
                                        39.0,
                                        37.0,
                                        38.0,
                                        38.0
                                    ],
                                    "preferred_visualization": "time_series"
                                }
                            ]
                        }
                    ]
                }
            ]
        },
        {
            "goalCode": "4",
            "targets": [
                {
                    "targetCode": "4.2",
                    "indicators": [
                        {
                            "indicatorCode": "4.2.2",
                            "facts": [
                                {
                                    "seriesCode": "SE_PRE_PARTN",
                                    "seriesTitle": "Participation rate in organized learning (one year before the official primary entry age), by sex (%)",
                                    "hub": "3459681b792a4979a9d9731c75f7f80d",
                                    "slice_dimensions": {
                                        "Sex": "BOTHSEX"
                                    },
                                    "text_type": "2",
                                    "fact_text": "In <span class='fact-year'>2016</span>, <span class='fact-value'>74.7851</span> <span class='fact-unit'>% </span> of children participated in pre-primary or primary education in the year prior to the official entrance age for primary school",
                                    "fact_values": [
                                        "74.7851"
                                    ],
                                    "fact_units": [
                                        "% "
                                    ],
                                    "fact_years": [
                                        "2016"
                                    ],
                                    "data_years": [
                                        "2007",
                                        "2012",
                                        "2016"
                                    ],
                                    "data_values": [
                                        "89.38121",
                                        "80.65693",
                                        "74.7851"
                                    ],
                                    "data_is_censored": [
                                        false,
                                        false,
                                        false
                                    ],
                                    "data_numeric_part": [
                                        89.0,
                                        81.0,
                                        75.0
                                    ],
                                    "preferred_visualization": "singleton"
                                }
                            ]
                        }
                    ]
                }
            ]
        },
        {
            "goalCode": "5",
            "targets": [
                {
                    "targetCode": "5.3",
                    "indicators": [
                        {
                            "indicatorCode": "5.3.1",
                            "facts": [
                                {
                                    "seriesCode": "SP_DYN_MRBF18",
                                    "seriesTitle": "Proportion of women aged 20-24 years who were married or in a union before age 18 (%)",
                                    "hub": "2186448878244705a5295710c140b8c3",
                                    "slice_dimensions": {
                                        "Age": "20-24",
                                        "Sex": "FEMALE"
                                    },
                                    "text_type": "2",
                                    "fact_text": "In <span class='fact-year'>2007</span>, <span class='fact-value'>26.8</span> <span class='fact-unit'>% </span> of women aged 20 to 24 reported that they were married before their eighteenth birthday",
                                    "fact_values": [
                                        "26.8"
                                    ],
                                    "fact_units": [
                                        "% "
                                    ],
                                    "fact_years": [
                                        "2007"
                                    ],
                                    "data_years": [
                                        "2007"
                                    ],
                                    "data_values": [
                                        "26.8"
                                    ],
                                    "data_is_censored": [
                                        false
                                    ],
                                    "data_numeric_part": [
                                        27.0
                                    ],
                                    "preferred_visualization": "singleton"
                                }
                            ]
                        }
                    ]
                },
                {
                    "targetCode": "5.5",
                    "indicators": [
                        {
                            "indicatorCode": "5.5.1",
                            "facts": [
                                {
                                    "seriesCode": "SG_GEN_PARL",
                                    "seriesTitle": "Proportion of seats held by women in national parliaments (% of total number of seats)",
                                    "hub": "337524c727bd498c8726f9f6bc6512e1",
                                    "slice_dimensions": {
                                        "Sex": "FEMALE"
                                    },
                                    "text_type": "1",
                                    "fact_text": "The proportion of seats held by women in single or lower houses of parliament increased from <span class='fact-value'>0</span> <span class='fact-unit'>%</span> in <span class='fact-year'>2000</span> to <span class='fact-value'>10.5263%</span>  in  <span class='fact-year'>2018</span>.",
                                    "fact_values": [
                                        "0",
                                        "10.5263"
                                    ],
                                    "fact_units": [
                                        "%",
                                        "%"
                                    ],
                                    "fact_years": [
                                        "2000",
                                        "2018"
                                    ],
                                    "data_years": [
                                        "2013",
                                        "2016",
                                        "2018",
                                        "2017",
                                        "2014",
                                        "2015",
                                        "2004",
                                        "2003",
                                        "2005",
                                        "2000",
                                        "2002",
                                        "2001",
                                        "2010",
                                        "2009",
                                        "2012",
                                        "2011",
                                        "2007",
                                        "2006",
                                        "2008"
                                    ],
                                    "data_values": [
                                        "0",
                                        "5.2632",
                                        "10.5263",
                                        "10.5263",
                                        "5.2632",
                                        "5.2632",
                                        "0",
                                        "0",
                                        "0",
                                        "0",
                                        "0",
                                        "0",
                                        "0",
                                        "0",
                                        "0",
                                        "0",
                                        "0",
                                        "0",
                                        "0"
                                    ],
                                    "data_is_censored": [
                                        false,
                                        false,
                                        false,
                                        false,
                                        false,
                                        false,
                                        false,
                                        false,
                                        false,
                                        false,
                                        false,
                                        false,
                                        false,
                                        false,
                                        false,
                                        false,
                                        false,
                                        false,
                                        false
                                    ],
                                    "data_numeric_part": [
                                        0.0,
                                        5.3,
                                        11.0,
                                        11.0,
                                        5.3,
                                        5.3,
                                        0.0,
                                        0.0,
                                        0.0,
                                        0.0,
                                        0.0,
                                        0.0,
                                        0.0,
                                        0.0,
                                        0.0,
                                        0.0,
                                        0.0,
                                        0.0,
                                        0.0
                                    ],
                                    "preferred_visualization": "time_series"
                                }
                            ]
                        }
                    ]
                }
            ]
        },
        {
            "goalCode": "7",
            "targets": [
                {
                    "targetCode": "7.1",
                    "indicators": [
                        {
                            "indicatorCode": "7.1.1",
                            "facts": [
                                {
                                    "seriesCode": "EG_ELC_ACCS",
                                    "seriesTitle": "Proportion of population with access to electricity, by urban/rural (%)",
                                    "hub": "81cf3e70351c4895828a2486efa2142c",
                                    "slice_dimensions": {
                                        "Location": "ALLAREA"
                                    },
                                    "text_type": "1",
                                    "fact_text": "The proportion of the population with access to electricity was <span class='fact-value'>99.20</span> <span class='fact-unit'>%</span> in <span class='fact-year'>2016</span>.",
                                    "fact_values": [
                                        "99.20"
                                    ],
                                    "fact_units": [
                                        "%"
                                    ],
                                    "fact_years": [
                                        "2016"
                                    ],
                                    "data_years": [
                                        "2004",
                                        "2006",
                                        "2005",
                                        "2000",
                                        "2001",
                                        "2003",
                                        "2002",
                                        "2014",
                                        "2015",
                                        "2012",
                                        "2013",
                                        "2016",
                                        "2008",
                                        "2007",
                                        "2011",
                                        "2009",
                                        "2010"
                                    ],
                                    "data_values": [
                                        "99.63",
                                        "99.41",
                                        "99.51",
                                        "99.98",
                                        "99.94",
                                        "99.75",
                                        "99.86",
                                        "99.17",
                                        "99.00",
                                        "99.16",
                                        "99.16",
                                        "99.20",
                                        "99.25",
                                        "99.80",
                                        "99.00",
                                        "99.21",
                                        "99.18"
                                    ],
                                    "data_is_censored": [
                                        false,
                                        false,
                                        false,
                                        false,
                                        false,
                                        false,
                                        false,
                                        false,
                                        false,
                                        false,
                                        false,
                                        false,
                                        false,
                                        false,
                                        false,
                                        false,
                                        false
                                    ],
                                    "data_numeric_part": [
                                        100.0,
                                        99.0,
                                        100.0,
                                        100.0,
                                        100.0,
                                        100.0,
                                        100.0,
                                        99.0,
                                        99.0,
                                        99.0,
                                        99.0,
                                        99.0,
                                        99.0,
                                        100.0,
                                        99.0,
                                        99.0,
                                        99.0
                                    ],
                                    "preferred_visualization": "time_series"
                                }
                            ]
                        },
                        {
                            "indicatorCode": "7.1.2",
                            "facts": [
                                {
                                    "seriesCode": "EG_EGY_CLEAN",
                                    "seriesTitle": "Proportion of population with primary reliance on clean fuels and technology (%)",
                                    "hub": "b087399f0b874ab9948714edcd49cbdd",
                                    "slice_dimensions": {},
                                    "text_type": "8",
                                    "fact_text": "In <span class='fact-year'> 2017</span> , <span class='fact-value'> 92</span>  <span class='fact-unit'>% </span> of the population relied primarily on clean fuels and technology.",
                                    "fact_values": [
                                        "92"
                                    ],
                                    "fact_units": [
                                        "% "
                                    ],
                                    "fact_years": [
                                        "2017"
                                    ],
                                    "data_years": [
                                        "2000",
                                        "2005",
                                        "2010",
                                        "2015",
                                        "2016",
                                        "2017"
                                    ],
                                    "data_values": [
                                        "72",
                                        "83",
                                        "89",
                                        "92",
                                        "92",
                                        "92"
                                    ],
                                    "data_is_censored": [
                                        false,
                                        false,
                                        false,
                                        false,
                                        false,
                                        false
                                    ],
                                    "data_numeric_part": [
                                        72.0,
                                        83.0,
                                        89.0,
                                        92.0,
                                        92.0,
                                        92.0
                                    ],
                                    "preferred_visualization": "time_series"
                                }
                            ]
                        }
                    ]
                }
            ]
        },
        {
            "goalCode": "8",
            "targets": [
                {
                    "targetCode": "8.5",
                    "indicators": [
                        {
                            "indicatorCode": "8.5.2",
                            "facts": [
                                {
                                    "seriesCode": "SL_TLF_UEM",
                                    "seriesTitle": "Unemployment rate, by sex and age (%)",
                                    "hub": "72c32323563d4a0b9432c9edcb85267a",
                                    "slice_dimensions": {
                                        "Age": "15+",
                                        "Sex": "BOTHSEX"
                                    },
                                    "text_type": "1",
                                    "fact_text": "The total unemployment rate was <span class='fact-value'>23.0</span> <span class='fact-unit'>%</span> in <span class='fact-year'>2011</span>.",
                                    "fact_values": [
                                        "23.0"
                                    ],
                                    "fact_units": [
                                        "%"
                                    ],
                                    "fact_years": [
                                        "2011"
                                    ],
                                    "data_years": [
                                        "2011"
                                    ],
                                    "data_values": [
                                        "23.0"
                                    ],
                                    "data_is_censored": [
                                        false
                                    ],
                                    "data_numeric_part": [
                                        23.0
                                    ],
                                    "preferred_visualization": "singleton"
                                }
                            ]
                        }
                    ]
                },
                {
                    "targetCode": "8.1",
                    "indicators": [
                        {
                            "indicatorCode": "8.1.1",
                            "facts": [
                                {
                                    "seriesCode": "NY_GDP_PCAP",
                                    "seriesTitle": "Annual growth rate of real GDP per capita (%)",
                                    "hub": "3cb997d2497148e68dca6787fcb84ca5",
                                    "slice_dimensions": {},
                                    "text_type": "1",
                                    "fact_text": "The annual growth rate of real gross domestic product (GDP) per capita increased from <span class='fact-value'>-6.83</span> <span class='fact-unit'>%</span> in <span class='fact-year'>2000</span> to <span class='fact-value'>3.85%</span>  in  <span class='fact-year'>2017</span>.",
                                    "fact_values": [
                                        "-6.83",
                                        "3.85"
                                    ],
                                    "fact_units": [
                                        "%",
                                        "%"
                                    ],
                                    "fact_years": [
                                        "2000",
                                        "2017"
                                    ],
                                    "data_years": [
                                        "2017",
                                        "2016",
                                        "2015",
                                        "2014",
                                        "2003",
                                        "2002",
                                        "2001",
                                        "2004",
                                        "2000",
                                        "2013",
                                        "2012",
                                        "2011",
                                        "2010",
                                        "2005",
                                        "2008",
                                        "2007",
                                        "2006",
                                        "2009"
                                    ],
                                    "data_values": [
                                        "3.85",
                                        "9.55",
                                        "1.07",
                                        "33.05",
                                        "0.03",
                                        "-10.22",
                                        "-6.90",
                                        "-4.50",
                                        "-6.83",
                                        "30.32",
                                        "17.14",
                                        "12.18",
                                        "19.14",
                                        "-11.97",
                                        "96.66",
                                        "1.06",
                                        "-19.42",
                                        "-18.14"
                                    ],
                                    "data_is_censored": [
                                        false,
                                        false,
                                        false,
                                        false,
                                        false,
                                        false,
                                        false,
                                        false,
                                        false,
                                        false,
                                        false,
                                        false,
                                        false,
                                        false,
                                        false,
                                        false,
                                        false,
                                        false
                                    ],
                                    "data_numeric_part": [
                                        3.9,
                                        9.6,
                                        1.1,
                                        33.0,
                                        0.03,
                                        -10.22,
                                        -6.9,
                                        -4.5,
                                        -6.83,
                                        30.0,
                                        17.0,
                                        12.0,
                                        19.0,
                                        -11.97,
                                        97.0,
                                        1.1,
                                        -19.42,
                                        -18.14
                                    ],
                                    "preferred_visualization": "time_series"
                                }
                            ]
                        }
                    ]
                }
            ]
        },
        {
            "goalCode": "9",
            "targets": [
                {
                    "targetCode": "9.c",
                    "indicators": [
                        {
                            "indicatorCode": "9.c.1",
                            "facts": [
                                {
                                    "seriesCode": "IT_MOB_NTWK",
                                    "seriesTitle": "Proportion of population covered by a mobile network, by technology (%)",
                                    "hub": "8943ce6f81b44120b6124fedb3b094d8",
                                    "slice_dimensions": {
                                        "Type of mobile technology": "AL2G"
                                    },
                                    "text_type": "2",
                                    "fact_text": "In <span class='fact-year'>2017</span>, <span class='fact-value'>98.00</span> <span class='fact-unit'>% </span> of the population was in range of at least a second-generation (2G) cellular signal",
                                    "fact_values": [
                                        "98.00"
                                    ],
                                    "fact_units": [
                                        "% "
                                    ],
                                    "fact_years": [
                                        "2017"
                                    ],
                                    "data_years": [
                                        "2015",
                                        "2012",
                                        "2011",
                                        "2010",
                                        "2016",
                                        "2017"
                                    ],
                                    "data_values": [
                                        "98.00",
                                        "98.00",
                                        "98.00",
                                        "98.00",
                                        "98.00",
                                        "98.00"
                                    ],
                                    "data_is_censored": [
                                        false,
                                        false,
                                        false,
                                        false,
                                        false,
                                        false
                                    ],
                                    "data_numeric_part": [
                                        98.0,
                                        98.0,
                                        98.0,
                                        98.0,
                                        98.0,
                                        98.0
                                    ],
                                    "preferred_visualization": "time_series"
                                }
                            ]
                        }
                    ]
                }
            ]
        },
        {
            "goalCode": "11",
            "targets": [
                {
                    "targetCode": "11.6",
                    "indicators": [
                        {
                            "indicatorCode": "11.6.2",
                            "facts": [
                                {
                                    "seriesCode": "EN_ATM_PM25",
                                    "seriesTitle": "Annual mean levels of fine particulate matter in cities, urban population (micrograms per cubic meter)",
                                    "hub": "5b43bb59961a46daa3b8af9384f60103",
                                    "slice_dimensions": {
                                        "Location": "ALLAREA"
                                    },
                                    "text_type": "10",
                                    "fact_text": "In <span class='fact-year'> 2016</span> , the annual population-weighted average mean concentration of fine suspended particles of less than 2.5 microns in diameters (PM2.5) was about <span class='fact-value'> 12.5282554626465</span>  <span class='fact-unit'> micrograms per cubic metre</span> .  This is above the maximum level for safety set by WHO of 10 micrograms per cubic metre.",
                                    "fact_values": [
                                        "12.5282554626465"
                                    ],
                                    "fact_units": [
                                        " micrograms per cubic metre"
                                    ],
                                    "fact_years": [
                                        "2016"
                                    ],
                                    "data_years": [
                                        "2016"
                                    ],
                                    "data_values": [
                                        "12.5282554626465"
                                    ],
                                    "data_is_censored": [
                                        false
                                    ],
                                    "data_numeric_part": [
                                        13.0
                                    ],
                                    "preferred_visualization": "threshold"
                                }
                            ]
                        }
                    ]
                },
                {
                    "targetCode": "11.b",
                    "indicators": [
                        {
                            "indicatorCode": "11.b.1",
                            "facts": [
                                {
                                    "seriesCode": "SG_DSR_LEGREG",
                                    "seriesTitle": "Countries with legislative and/or regulatory provisions been made for managing disaster risk (1 = YES; 0 = NO)",
                                    "hub": "d675ccc2f7054d82b371e64fb2cbface",
                                    "slice_dimensions": {},
                                    "text_type": "12",
                                    "fact_text": "As of <span class='fact-year'> 2013</span> , Nauru has developed national and local disaster reduction strategies.",
                                    "fact_values": [
                                        "1"
                                    ],
                                    "fact_units": [
                                        ""
                                    ],
                                    "fact_years": [
                                        "2013"
                                    ],
                                    "data_years": [
                                        "2013"
                                    ],
                                    "data_values": [
                                        "1"
                                    ],
                                    "data_is_censored": [
                                        false
                                    ],
                                    "data_numeric_part": [
                                        1.0
                                    ],
                                    "preferred_visualization": "boolean"
                                }
                            ]
                        }
                    ]
                }
            ]
        },
        {
            "goalCode": "13",
            "targets": [
                {
                    "targetCode": "13.1",
                    "indicators": [
                        {
                            "indicatorCode": "13.1.2",
                            "facts": [
                                {
                                    "seriesCode": "SG_DSR_LEGREG",
                                    "seriesTitle": "Countries with legislative and/or regulatory provisions been made for managing disaster risk (1 = YES; 0 = NO)",
                                    "hub": "d675ccc2f7054d82b371e64fb2cbface",
                                    "slice_dimensions": {},
                                    "text_type": "12",
                                    "fact_text": "As of <span class='fact-year'> 2013</span> , Nauru has developed national and local disaster reduction strategies.",
                                    "fact_values": [
                                        "1"
                                    ],
                                    "fact_units": [
                                        ""
                                    ],
                                    "fact_years": [
                                        "2013"
                                    ],
                                    "data_years": [
                                        "2013"
                                    ],
                                    "data_values": [
                                        "1"
                                    ],
                                    "data_is_censored": [
                                        false
                                    ],
                                    "data_numeric_part": [
                                        1.0
                                    ],
                                    "preferred_visualization": "boolean"
                                }
                            ]
                        }
                    ]
                }
            ]
        },
        {
            "goalCode": "15",
            "targets": [
                {
                    "targetCode": "15.1",
                    "indicators": [
                        {
                            "indicatorCode": "15.1.1",
                            "facts": [
                                {
                                    "seriesCode": "AG_LND_FRST",
                                    "seriesTitle": "Forest area as a proportion of total land area (%)",
                                    "hub": "e23061ce674142b5b33c46ea5e031658",
                                    "slice_dimensions": {},
                                    "text_type": "1",
                                    "fact_text": "Land area covered by forest <span class='fact-value'>0</span> <span class='fact-unit'>%</span> in <span class='fact-year'>2000</span> to <span class='fact-value'>0%</span>  in  <span class='fact-year'>2015</span>.",
                                    "fact_values": [
                                        "0",
                                        "0"
                                    ],
                                    "fact_units": [
                                        "%",
                                        "%"
                                    ],
                                    "fact_years": [
                                        "2000",
                                        "2015"
                                    ],
                                    "data_years": [
                                        "2015",
                                        "2010",
                                        "2005",
                                        "2000"
                                    ],
                                    "data_values": [
                                        "0",
                                        "0",
                                        "0",
                                        "0"
                                    ],
                                    "data_is_censored": [
                                        false,
                                        false,
                                        false,
                                        false
                                    ],
                                    "data_numeric_part": [
                                        0.0,
                                        0.0,
                                        0.0,
                                        0.0
                                    ],
                                    "preferred_visualization": "time_series"
                                }
                            ]
                        },
                        {
                            "indicatorCode": "15.1.2",
                            "facts": [
                                {
                                    "seriesCode": "ER_PTD_TERRS",
                                    "seriesTitle": "Average proportion of Terrestrial Key Biodiversity Areas (KBAs) covered by protected areas (%)",
                                    "hub": "c2c0216c53744dd7b5278e398328bc99",
                                    "slice_dimensions": {
                                        "Bounds": "MP"
                                    },
                                    "text_type": "7",
                                    "fact_text": "The average proportion of terrestrial key biodiversity areas (KBAs) covered by protected areas was <span class='fact-value'> 0</span>  <span class='fact-unit'>%</span>  in <span class='fact-year'> 2018</span> .",
                                    "fact_values": [
                                        "0"
                                    ],
                                    "fact_units": [
                                        "%"
                                    ],
                                    "fact_years": [
                                        "2018"
                                    ],
                                    "data_years": [
                                        "2003",
                                        "2004",
                                        "2005",
                                        "2006",
                                        "2007",
                                        "2008",
                                        "2002",
                                        "2000",
                                        "2001",
                                        "2009",
                                        "2017",
                                        "2018",
                                        "2016",
                                        "2010",
                                        "2011",
                                        "2012",
                                        "2013",
                                        "2014",
                                        "2015"
                                    ],
                                    "data_values": [
                                        "0",
                                        "0",
                                        "0",
                                        "0",
                                        "0",
                                        "0",
                                        "0",
                                        "0",
                                        "0",
                                        "0",
                                        "0",
                                        "0",
                                        "0",
                                        "0",
                                        "0",
                                        "0",
                                        "0",
                                        "0",
                                        "0"
                                    ],
                                    "data_is_censored": [
                                        false,
                                        false,
                                        false,
                                        false,
                                        false,
                                        false,
                                        false,
                                        false,
                                        false,
                                        false,
                                        false,
                                        false,
                                        false,
                                        false,
                                        false,
                                        false,
                                        false,
                                        false,
                                        false
                                    ],
                                    "data_numeric_part": [
                                        0.0,
                                        0.0,
                                        0.0,
                                        0.0,
                                        0.0,
                                        0.0,
                                        0.0,
                                        0.0,
                                        0.0,
                                        0.0,
                                        0.0,
                                        0.0,
                                        0.0,
                                        0.0,
                                        0.0,
                                        0.0,
                                        0.0,
                                        0.0,
                                        0.0
                                    ],
                                    "preferred_visualization": "time_series"
                                }
                            ]
                        }
                    ]
                }
            ]
        },
        {
            "goalCode": "16",
            "targets": [
                {
                    "targetCode": "16.1",
                    "indicators": [
                        {
                            "indicatorCode": "16.1.1",
                            "facts": [
                                {
                                    "seriesCode": "VC_IHR_PSRC",
                                    "seriesTitle": "Number of victims of intentional homicide per 100,000 population, by sex (victims per 100,000 population)",
                                    "hub": "b65e89e905a744e5992889ddc27f8fc7",
                                    "slice_dimensions": {},
                                    "text_type": "11",
                                    "fact_text": "In <span class='fact-year'> 2012</span> , the intentional homicide rate was <span class='fact-value'> 0.00</span>  <span class='fact-unit'> per 100,000 population</span> . ",
                                    "fact_values": [
                                        "0.00"
                                    ],
                                    "fact_units": [
                                        " per 100,000 population"
                                    ],
                                    "fact_years": [
                                        "2012"
                                    ],
                                    "data_years": [
                                        "2012"
                                    ],
                                    "data_values": [
                                        "0.00"
                                    ],
                                    "data_is_censored": [
                                        false
                                    ],
                                    "data_numeric_part": [
                                        0.0
                                    ],
                                    "preferred_visualization": "singleton"
                                }
                            ]
                        }
                    ]
                },
                {
                    "targetCode": "16.9",
                    "indicators": [
                        {
                            "indicatorCode": "16.9.1",
                            "facts": [
                                {
                                    "seriesCode": "SG_REG_BRTH",
                                    "seriesTitle": "Proportion of children under 5 years of age whose births have been registered with a civil authority (% of children under 5 years of age)",
                                    "hub": "",
                                    "slice_dimensions": {
                                        "Age": "<5Y"
                                    },
                                    "text_type": "3",
                                    "fact_text": "In <span class='fact-year'> 2013</span> , there were about <span class='fact-value'> 95.9</span> <span class='fact-unit'>%</span>  of children under age 5 whose births were registered with a civil authority",
                                    "fact_values": [
                                        "95.9"
                                    ],
                                    "fact_units": [
                                        "%"
                                    ],
                                    "fact_years": [
                                        "2013"
                                    ],
                                    "data_years": [
                                        "2013"
                                    ],
                                    "data_values": [
                                        "95.9"
                                    ],
                                    "data_is_censored": [
                                        false
                                    ],
                                    "data_numeric_part": [
                                        96.0
                                    ],
                                    "preferred_visualization": "singleton"
                                }
                            ]
                        }
                    ]
                }
            ]
        },
        {
            "goalCode": "17",
            "targets": [
                {
                    "targetCode": "17.6",
                    "indicators": [
                        {
                            "indicatorCode": "17.6.2",
                            "facts": [
                                {
                                    "seriesCode": "IT_NET_BBP",
                                    "seriesTitle": "Fixed Internet broadband subscriptions per 100\u00a0inhabitants, by speed (per 100 inhabitants)",
                                    "hub": "f59cf3f8a0ec41a2b601a28682e6f2c8",
                                    "slice_dimensions": {
                                        "Type of speed": "ANYS"
                                    },
                                    "text_type": "15",
                                    "fact_text": "In <span class='fact-year'> 2010</span> , fixed-broadband internet penetration reached <span class='fact-value'> 9.48</span>  <span class='fact-unit'>% of the population</span> .",
                                    "fact_values": [
                                        "% of the population"
                                    ],
                                    "fact_units": [
                                        "%"
                                    ],
                                    "fact_years": [
                                        "2010"
                                    ],
                                    "data_years": [
                                        "2010"
                                    ],
                                    "data_values": [
                                        "9.48"
                                    ],
                                    "data_is_censored": [
                                        false
                                    ],
                                    "data_numeric_part": [
                                        9.5
                                    ],
                                    "preferred_visualization": "singleton"
                                }
                            ]
                        }
                    ]
                }
            ]
        }
    ]
}