{
    "release": "2019.Q1.G.02",
    "country_code": "446",
    "country_name": "China, Macao Special Administrative Region",
    "X": "113.5665388",
    "Y": "22.1237259",
    "goals": [
        {
            "goalCode": "2",
            "targets": [
                {
                    "targetCode": "2.1",
                    "indicators": [
                        {
                            "indicatorCode": "2.1.1",
                            "facts": [
                                {
                                    "seriesCode": "SN_ITK_DEFC",
                                    "seriesTitle": "Prevalence of undernourishment (%)",
                                    "hub": "65925035bb984f66aa03480f6754c4fe",
                                    "slice_dimensions": {},
                                    "text_type": "7",
                                    "fact_text": "The proportion of the population suffering from hunger was <span class='fact-value'> 11.4</span>  <span class='fact-unit'>%</span>  in <span class='fact-year'> 2016</span> .",
                                    "fact_values": [
                                        "11.4"
                                    ],
                                    "fact_units": [
                                        "%"
                                    ],
                                    "fact_years": [
                                        "2016"
                                    ],
                                    "data_years": [
                                        "2016",
                                        "2011",
                                        "2013",
                                        "2014",
                                        "2010",
                                        "2015",
                                        "2012",
                                        "2001",
                                        "2000",
                                        "2003",
                                        "2002",
                                        "2008",
                                        "2007",
                                        "2009",
                                        "2004",
                                        "2006",
                                        "2005"
                                    ],
                                    "data_values": [
                                        "11.4",
                                        "13.2",
                                        "12.2",
                                        "11.9",
                                        "13.7",
                                        "11.6",
                                        "12.6",
                                        "21.9",
                                        "22.6",
                                        "18.1",
                                        "20.2",
                                        "14",
                                        "13.8",
                                        "14",
                                        "16",
                                        "14",
                                        "14.6"
                                    ],
                                    "data_is_censored": [
                                        false,
                                        false,
                                        false,
                                        false,
                                        false,
                                        false,
                                        false,
                                        false,
                                        false,
                                        false,
                                        false,
                                        false,
                                        false,
                                        false,
                                        false,
                                        false,
                                        false
                                    ],
                                    "data_numeric_part": [
                                        11.0,
                                        13.0,
                                        12.0,
                                        12.0,
                                        14.0,
                                        12.0,
                                        13.0,
                                        22.0,
                                        23.0,
                                        18.0,
                                        20.0,
                                        14.0,
                                        14.0,
                                        14.0,
                                        16.0,
                                        14.0,
                                        15.0
                                    ],
                                    "preferred_visualization": "time_series"
                                }
                            ]
                        }
                    ]
                }
            ]
        },
        {
            "goalCode": "4",
            "targets": [
                {
                    "targetCode": "4.2",
                    "indicators": [
                        {
                            "indicatorCode": "4.2.2",
                            "facts": [
                                {
                                    "seriesCode": "SE_PRE_PARTN",
                                    "seriesTitle": "Participation rate in organized learning (one year before the official primary entry age), by sex (%)",
                                    "hub": "3459681b792a4979a9d9731c75f7f80d",
                                    "slice_dimensions": {
                                        "Sex": "BOTHSEX"
                                    },
                                    "text_type": "2",
                                    "fact_text": "In <span class='fact-year'>2017</span>, <span class='fact-value'>93.75327</span> <span class='fact-unit'>% </span> of children participated in pre-primary or primary education in the year prior to the official entrance age for primary school",
                                    "fact_values": [
                                        "93.75327"
                                    ],
                                    "fact_units": [
                                        "% "
                                    ],
                                    "fact_years": [
                                        "2017"
                                    ],
                                    "data_years": [
                                        "2009",
                                        "2003",
                                        "2010",
                                        "2015",
                                        "2001",
                                        "2007",
                                        "2008",
                                        "2006",
                                        "2002",
                                        "2011",
                                        "2004",
                                        "2000",
                                        "2017",
                                        "2016",
                                        "2005",
                                        "2012",
                                        "2013",
                                        "2014"
                                    ],
                                    "data_values": [
                                        "84.73239",
                                        "87.43786",
                                        "88.2625",
                                        "92.29669",
                                        "89.35598",
                                        "82.8392",
                                        "84.85661",
                                        "88.65762",
                                        "89.38227",
                                        "94.51149",
                                        "85.62372",
                                        "91.1982",
                                        "93.75327",
                                        "92.36872",
                                        "87.3523",
                                        "98.55507",
                                        "98.65206",
                                        "97.92419"
                                    ],
                                    "data_is_censored": [
                                        false,
                                        false,
                                        false,
                                        false,
                                        false,
                                        false,
                                        false,
                                        false,
                                        false,
                                        false,
                                        false,
                                        false,
                                        false,
                                        false,
                                        false,
                                        false,
                                        false,
                                        false
                                    ],
                                    "data_numeric_part": [
                                        85.0,
                                        87.0,
                                        88.0,
                                        92.0,
                                        89.0,
                                        83.0,
                                        85.0,
                                        89.0,
                                        89.0,
                                        95.0,
                                        86.0,
                                        91.0,
                                        94.0,
                                        92.0,
                                        87.0,
                                        99.0,
                                        99.0,
                                        98.0
                                    ],
                                    "preferred_visualization": "time_series"
                                }
                            ]
                        }
                    ]
                }
            ]
        },
        {
            "goalCode": "6",
            "targets": [
                {
                    "targetCode": "6.1",
                    "indicators": [
                        {
                            "indicatorCode": "6.1.1",
                            "facts": [
                                {
                                    "seriesCode": "SH_H2O_SAFE",
                                    "seriesTitle": "Proportion of population using safely managed drinking water services, by urban/rural (%)",
                                    "hub": "9fd0677f368c48dca6f5e11f64badafd",
                                    "slice_dimensions": {
                                        "Location": "ALLAREA"
                                    },
                                    "text_type": "2",
                                    "fact_text": "In <span class='fact-year'>2015</span>, <span class='fact-value'>99.99545</span> <span class='fact-unit'>% </span> of the population used a \"safely managed\" drinking water service - an improved source located on premises, available when needed and free from contamination",
                                    "fact_values": [
                                        "99.99545"
                                    ],
                                    "fact_units": [
                                        "% "
                                    ],
                                    "fact_years": [
                                        "2015"
                                    ],
                                    "data_years": [
                                        "2002",
                                        "2006",
                                        "2000",
                                        "2001",
                                        "2014",
                                        "2011",
                                        "2004",
                                        "2012",
                                        "2005",
                                        "2013",
                                        "2008",
                                        "2007",
                                        "2003",
                                        "2015",
                                        "2009",
                                        "2010"
                                    ],
                                    "data_values": [
                                        "99.97",
                                        "99.97636",
                                        "99.97",
                                        "99.97",
                                        "99.99333",
                                        "99.98697",
                                        "99.97212",
                                        "99.98909",
                                        "99.97424",
                                        "99.99121",
                                        "99.98061",
                                        "99.97848",
                                        "99.97",
                                        "99.99545",
                                        "99.98273",
                                        "99.98485"
                                    ],
                                    "data_is_censored": [
                                        false,
                                        false,
                                        false,
                                        false,
                                        false,
                                        false,
                                        false,
                                        false,
                                        false,
                                        false,
                                        false,
                                        false,
                                        false,
                                        false,
                                        false,
                                        false
                                    ],
                                    "data_numeric_part": [
                                        100.0,
                                        100.0,
                                        100.0,
                                        100.0,
                                        100.0,
                                        100.0,
                                        100.0,
                                        100.0,
                                        100.0,
                                        100.0,
                                        100.0,
                                        100.0,
                                        100.0,
                                        100.0,
                                        100.0,
                                        100.0
                                    ],
                                    "preferred_visualization": "time_series"
                                }
                            ]
                        }
                    ]
                }
            ]
        },
        {
            "goalCode": "7",
            "targets": [
                {
                    "targetCode": "7.1",
                    "indicators": [
                        {
                            "indicatorCode": "7.1.1",
                            "facts": [
                                {
                                    "seriesCode": "EG_ELC_ACCS",
                                    "seriesTitle": "Proportion of population with access to electricity, by urban/rural (%)",
                                    "hub": "81cf3e70351c4895828a2486efa2142c",
                                    "slice_dimensions": {
                                        "Location": "ALLAREA"
                                    },
                                    "text_type": "1",
                                    "fact_text": "The proportion of the population with access to electricity was <span class='fact-value'>100.00</span> <span class='fact-unit'>%</span> in <span class='fact-year'>2016</span>.",
                                    "fact_values": [
                                        "100.00"
                                    ],
                                    "fact_units": [
                                        "%"
                                    ],
                                    "fact_years": [
                                        "2016"
                                    ],
                                    "data_years": [
                                        "2006",
                                        "2005",
                                        "2002",
                                        "2000",
                                        "2001",
                                        "2003",
                                        "2004",
                                        "2012",
                                        "2015",
                                        "2013",
                                        "2014",
                                        "2016",
                                        "2008",
                                        "2009",
                                        "2007",
                                        "2011",
                                        "2010"
                                    ],
                                    "data_values": [
                                        "100.00",
                                        "100.00",
                                        "100.00",
                                        "100.00",
                                        "100.00",
                                        "100.00",
                                        "100.00",
                                        "100.00",
                                        "100.00",
                                        "100.00",
                                        "100.00",
                                        "100.00",
                                        "100.00",
                                        "100.00",
                                        "100.00",
                                        "100.00",
                                        "100.00"
                                    ],
                                    "data_is_censored": [
                                        false,
                                        false,
                                        false,
                                        false,
                                        false,
                                        false,
                                        false,
                                        false,
                                        false,
                                        false,
                                        false,
                                        false,
                                        false,
                                        false,
                                        false,
                                        false,
                                        false
                                    ],
                                    "data_numeric_part": [
                                        100.0,
                                        100.0,
                                        100.0,
                                        100.0,
                                        100.0,
                                        100.0,
                                        100.0,
                                        100.0,
                                        100.0,
                                        100.0,
                                        100.0,
                                        100.0,
                                        100.0,
                                        100.0,
                                        100.0,
                                        100.0,
                                        100.0
                                    ],
                                    "preferred_visualization": "time_series"
                                }
                            ]
                        }
                    ]
                }
            ]
        },
        {
            "goalCode": "8",
            "targets": [
                {
                    "targetCode": "8.1",
                    "indicators": [
                        {
                            "indicatorCode": "8.1.1",
                            "facts": [
                                {
                                    "seriesCode": "NY_GDP_PCAP",
                                    "seriesTitle": "Annual growth rate of real GDP per capita (%)",
                                    "hub": "3cb997d2497148e68dca6787fcb84ca5",
                                    "slice_dimensions": {},
                                    "text_type": "1",
                                    "fact_text": "The annual growth rate of real gross domestic product (GDP) per capita increased from <span class='fact-value'>3.43</span> <span class='fact-unit'>%</span> in <span class='fact-year'>2000</span> to <span class='fact-value'>7.27%</span>  in  <span class='fact-year'>2017</span>.",
                                    "fact_values": [
                                        "3.43",
                                        "7.27"
                                    ],
                                    "fact_units": [
                                        "%",
                                        "%"
                                    ],
                                    "fact_years": [
                                        "2000",
                                        "2017"
                                    ],
                                    "data_years": [
                                        "2013",
                                        "2014",
                                        "2017",
                                        "2016",
                                        "2015",
                                        "2012",
                                        "2000",
                                        "2001",
                                        "2002",
                                        "2009",
                                        "2008",
                                        "2011",
                                        "2010",
                                        "2003",
                                        "2004",
                                        "2005",
                                        "2006",
                                        "2007"
                                    ],
                                    "data_values": [
                                        "8.63",
                                        "-3.37",
                                        "7.27",
                                        "-2.68",
                                        "-23.18",
                                        "6.69",
                                        "3.43",
                                        "0.52",
                                        "6.32",
                                        "-0.79",
                                        "1.28",
                                        "18.91",
                                        "22.55",
                                        "8.92",
                                        "23.72",
                                        "5.57",
                                        "10.84",
                                        "12.06"
                                    ],
                                    "data_is_censored": [
                                        false,
                                        false,
                                        false,
                                        false,
                                        false,
                                        false,
                                        false,
                                        false,
                                        false,
                                        false,
                                        false,
                                        false,
                                        false,
                                        false,
                                        false,
                                        false,
                                        false,
                                        false
                                    ],
                                    "data_numeric_part": [
                                        8.6,
                                        -3.37,
                                        7.3,
                                        -2.68,
                                        -23.18,
                                        6.7,
                                        3.4,
                                        0.52,
                                        6.3,
                                        -0.79,
                                        1.3,
                                        19.0,
                                        23.0,
                                        8.9,
                                        24.0,
                                        5.6,
                                        11.0,
                                        12.0
                                    ],
                                    "preferred_visualization": "time_series"
                                }
                            ]
                        }
                    ]
                }
            ]
        },
        {
            "goalCode": "9",
            "targets": [
                {
                    "targetCode": "9.5",
                    "indicators": [
                        {
                            "indicatorCode": "9.5.1",
                            "facts": [
                                {
                                    "seriesCode": "GB_XPD_RSDV",
                                    "seriesTitle": "Research and development expenditure as a proportion of GDP (%)",
                                    "hub": "a4e6d6a6cc804c3598cc9b96cd96ce67",
                                    "slice_dimensions": {},
                                    "text_type": "9",
                                    "fact_text": "In <span class='fact-year'> 2017</span> , investment in research and development (R&D) stood at <span class='fact-value'> 0.17</span>  <span class='fact-unit'>% of GDP</span> , up from <span class='fact-value'> 0.06</span>  <span class='fact-unit'>%</span>  in <span class='fact-year'> 2001</span> ",
                                    "fact_values": [
                                        "0.06% of GDP",
                                        "0.17% of GDP"
                                    ],
                                    "fact_units": [
                                        "%",
                                        "%"
                                    ],
                                    "fact_years": [
                                        "2001",
                                        "2017"
                                    ],
                                    "data_years": [
                                        "2008",
                                        "2010",
                                        "2009",
                                        "2005",
                                        "2006",
                                        "2007",
                                        "2015",
                                        "2016",
                                        "2017",
                                        "2011",
                                        "2012",
                                        "2013",
                                        "2014",
                                        "2004",
                                        "2001",
                                        "2002",
                                        "2003"
                                    ],
                                    "data_values": [
                                        "0.10",
                                        "0.05",
                                        "0.05",
                                        "0.09",
                                        "0.08",
                                        "0.06",
                                        "0.14",
                                        "0.23",
                                        "0.17",
                                        "0.04",
                                        "0.05",
                                        "0.05",
                                        "0.09",
                                        "0.05",
                                        "0.06",
                                        "0.07",
                                        "0.06"
                                    ],
                                    "data_is_censored": [
                                        false,
                                        false,
                                        false,
                                        false,
                                        false,
                                        false,
                                        false,
                                        false,
                                        false,
                                        false,
                                        false,
                                        false,
                                        false,
                                        false,
                                        false,
                                        false,
                                        false
                                    ],
                                    "data_numeric_part": [
                                        0.1,
                                        0.05,
                                        0.05,
                                        0.09,
                                        0.08,
                                        0.06,
                                        0.14,
                                        0.23,
                                        0.17,
                                        0.04,
                                        0.05,
                                        0.05,
                                        0.09,
                                        0.05,
                                        0.06,
                                        0.07,
                                        0.06
                                    ],
                                    "preferred_visualization": "time_series"
                                }
                            ]
                        }
                    ]
                },
                {
                    "targetCode": "9.c",
                    "indicators": [
                        {
                            "indicatorCode": "9.c.1",
                            "facts": [
                                {
                                    "seriesCode": "IT_MOB_NTWK",
                                    "seriesTitle": "Proportion of population covered by a mobile network, by technology (%)",
                                    "hub": "8943ce6f81b44120b6124fedb3b094d8",
                                    "slice_dimensions": {
                                        "Type of mobile technology": "AL2G"
                                    },
                                    "text_type": "2",
                                    "fact_text": "In <span class='fact-year'>2017</span>, <span class='fact-value'>99.90</span> <span class='fact-unit'>% </span> of the population was in range of at least a second-generation (2G) cellular signal",
                                    "fact_values": [
                                        "99.90"
                                    ],
                                    "fact_units": [
                                        "% "
                                    ],
                                    "fact_years": [
                                        "2017"
                                    ],
                                    "data_years": [
                                        "2017",
                                        "2016",
                                        "2015",
                                        "2004",
                                        "2003",
                                        "2002",
                                        "2001",
                                        "2000",
                                        "2005",
                                        "2006",
                                        "2007",
                                        "2014",
                                        "2013",
                                        "2012",
                                        "2010",
                                        "2009",
                                        "2008",
                                        "2011"
                                    ],
                                    "data_values": [
                                        "99.90",
                                        "99.90",
                                        "99.90",
                                        "99.99",
                                        "99.99",
                                        "99.99",
                                        "99.99",
                                        "99.99",
                                        "99.99",
                                        "99.99",
                                        "99.99",
                                        "99.90",
                                        "99.90",
                                        "99.90",
                                        "99.90",
                                        "99.80",
                                        "99.80",
                                        "99.90"
                                    ],
                                    "data_is_censored": [
                                        false,
                                        false,
                                        false,
                                        false,
                                        false,
                                        false,
                                        false,
                                        false,
                                        false,
                                        false,
                                        false,
                                        false,
                                        false,
                                        false,
                                        false,
                                        false,
                                        false,
                                        false
                                    ],
                                    "data_numeric_part": [
                                        100.0,
                                        100.0,
                                        100.0,
                                        100.0,
                                        100.0,
                                        100.0,
                                        100.0,
                                        100.0,
                                        100.0,
                                        100.0,
                                        100.0,
                                        100.0,
                                        100.0,
                                        100.0,
                                        100.0,
                                        100.0,
                                        100.0,
                                        100.0
                                    ],
                                    "preferred_visualization": "time_series"
                                }
                            ]
                        }
                    ]
                }
            ]
        },
        {
            "goalCode": "10",
            "targets": [
                {
                    "targetCode": "10.4",
                    "indicators": [
                        {
                            "indicatorCode": "10.4.1",
                            "facts": [
                                {
                                    "seriesCode": "SL_EMP_GTOTL",
                                    "seriesTitle": "Labour share of GDP, comprising wages and social protection transfers (%)",
                                    "hub": "635cd0cae73e4b2dae2661407be6eeec",
                                    "slice_dimensions": {},
                                    "text_type": "2",
                                    "fact_text": "In <span class='fact-year'>2015</span>, <span class='fact-value'>29.4</span> <span class='fact-unit'>% </span> of GDP was from labour, comprising wages and social protection transfers",
                                    "fact_values": [
                                        "29.4"
                                    ],
                                    "fact_units": [
                                        "% "
                                    ],
                                    "fact_years": [
                                        "2015"
                                    ],
                                    "data_years": [
                                        "2015",
                                        "2001",
                                        "2000",
                                        "2002",
                                        "2012",
                                        "2011",
                                        "2010",
                                        "2009",
                                        "2013",
                                        "2008",
                                        "2007",
                                        "2006",
                                        "2005",
                                        "2004",
                                        "2003",
                                        "2014"
                                    ],
                                    "data_values": [
                                        "29.4",
                                        "40.9",
                                        "39.3",
                                        "38.8",
                                        "31.5",
                                        "31.4",
                                        "34.5",
                                        "41.1",
                                        "30.1",
                                        "42.6",
                                        "40.6",
                                        "36.6",
                                        "36.6",
                                        "35.2",
                                        "36.7",
                                        "32.4"
                                    ],
                                    "data_is_censored": [
                                        false,
                                        false,
                                        false,
                                        false,
                                        false,
                                        false,
                                        false,
                                        false,
                                        false,
                                        false,
                                        false,
                                        false,
                                        false,
                                        false,
                                        false,
                                        false
                                    ],
                                    "data_numeric_part": [
                                        29.0,
                                        41.0,
                                        39.0,
                                        39.0,
                                        32.0,
                                        31.0,
                                        35.0,
                                        41.0,
                                        30.0,
                                        43.0,
                                        41.0,
                                        37.0,
                                        37.0,
                                        35.0,
                                        37.0,
                                        32.0
                                    ],
                                    "preferred_visualization": "time_series"
                                }
                            ]
                        }
                    ]
                }
            ]
        },
        {
            "goalCode": "15",
            "targets": [
                {
                    "targetCode": "15.1",
                    "indicators": [
                        {
                            "indicatorCode": "15.1.2",
                            "facts": [
                                {
                                    "seriesCode": "ER_PTD_TERRS",
                                    "seriesTitle": "Average proportion of Terrestrial Key Biodiversity Areas (KBAs) covered by protected areas (%)",
                                    "hub": "c2c0216c53744dd7b5278e398328bc99",
                                    "slice_dimensions": {
                                        "Bounds": "MP"
                                    },
                                    "text_type": "7",
                                    "fact_text": "The average proportion of terrestrial key biodiversity areas (KBAs) covered by protected areas was <span class='fact-value'> 0</span>  <span class='fact-unit'>%</span>  in <span class='fact-year'> 2018</span> .",
                                    "fact_values": [
                                        "0"
                                    ],
                                    "fact_units": [
                                        "%"
                                    ],
                                    "fact_years": [
                                        "2018"
                                    ],
                                    "data_years": [
                                        "2011",
                                        "2012",
                                        "2013",
                                        "2014",
                                        "2015",
                                        "2016",
                                        "2010",
                                        "2004",
                                        "2005",
                                        "2006",
                                        "2007",
                                        "2008",
                                        "2009",
                                        "2017",
                                        "2018",
                                        "2003",
                                        "2000",
                                        "2001",
                                        "2002"
                                    ],
                                    "data_values": [
                                        "0",
                                        "0",
                                        "0",
                                        "0",
                                        "0",
                                        "0",
                                        "0",
                                        "0",
                                        "0",
                                        "0",
                                        "0",
                                        "0",
                                        "0",
                                        "0",
                                        "0",
                                        "0",
                                        "0",
                                        "0",
                                        "0"
                                    ],
                                    "data_is_censored": [
                                        false,
                                        false,
                                        false,
                                        false,
                                        false,
                                        false,
                                        false,
                                        false,
                                        false,
                                        false,
                                        false,
                                        false,
                                        false,
                                        false,
                                        false,
                                        false,
                                        false,
                                        false,
                                        false
                                    ],
                                    "data_numeric_part": [
                                        0.0,
                                        0.0,
                                        0.0,
                                        0.0,
                                        0.0,
                                        0.0,
                                        0.0,
                                        0.0,
                                        0.0,
                                        0.0,
                                        0.0,
                                        0.0,
                                        0.0,
                                        0.0,
                                        0.0,
                                        0.0,
                                        0.0,
                                        0.0,
                                        0.0
                                    ],
                                    "preferred_visualization": "time_series"
                                }
                            ]
                        }
                    ]
                }
            ]
        },
        {
            "goalCode": "16",
            "targets": [
                {
                    "targetCode": "16.1",
                    "indicators": [
                        {
                            "indicatorCode": "16.1.1",
                            "facts": [
                                {
                                    "seriesCode": "VC_IHR_PSRC",
                                    "seriesTitle": "Number of victims of intentional homicide per 100,000 population, by sex (victims per 100,000 population)",
                                    "hub": "b65e89e905a744e5992889ddc27f8fc7",
                                    "slice_dimensions": {},
                                    "text_type": "11",
                                    "fact_text": "In <span class='fact-year'> 2016</span> , the intentional homicide rate was <span class='fact-value'> 0.16</span>  <span class='fact-unit'> per 100,000 population</span> . ",
                                    "fact_values": [
                                        "0.16"
                                    ],
                                    "fact_units": [
                                        " per 100,000 population"
                                    ],
                                    "fact_years": [
                                        "2016"
                                    ],
                                    "data_years": [
                                        "2016",
                                        "2015",
                                        "2014",
                                        "2013",
                                        "2012",
                                        "2011",
                                        "2010"
                                    ],
                                    "data_values": [
                                        "0.16",
                                        "0.17",
                                        "0.00",
                                        "0.17",
                                        "0.71",
                                        "0.73",
                                        "0.37"
                                    ],
                                    "data_is_censored": [
                                        false,
                                        false,
                                        false,
                                        false,
                                        false,
                                        false,
                                        false
                                    ],
                                    "data_numeric_part": [
                                        0.16,
                                        0.17,
                                        0.0,
                                        0.17,
                                        0.71,
                                        0.73,
                                        0.37
                                    ],
                                    "preferred_visualization": "time_series"
                                }
                            ]
                        }
                    ]
                }
            ]
        },
        {
            "goalCode": "17",
            "targets": [
                {
                    "targetCode": "17.3",
                    "indicators": [
                        {
                            "indicatorCode": "17.3.2",
                            "facts": [
                                {
                                    "seriesCode": "BX_TRF_PWKR",
                                    "seriesTitle": "Volume of remittances (in United States dollars) as a proportion of total GDP (%)",
                                    "hub": "68e9ec78abe543889762bbdd36cd3d31",
                                    "slice_dimensions": {},
                                    "text_type": "9",
                                    "fact_text": "In <span class='fact-year'> 2016</span> , the inflow of personal remittances was <span class='fact-value'> 0.06</span>  <span class='fact-unit'>% of GDP</span> , down from <span class='fact-value'> 0.64</span>  <span class='fact-unit'>%</span>  in <span class='fact-year'> 2002</span> ",
                                    "fact_values": [
                                        "0.64% of GDP",
                                        "0.06% of GDP"
                                    ],
                                    "fact_units": [
                                        " per 100,000 population"
                                    ],
                                    "fact_years": [
                                        "2002",
                                        "2016"
                                    ],
                                    "data_years": [
                                        "2008",
                                        "2012",
                                        "2007",
                                        "2016",
                                        "2010",
                                        "2014",
                                        "2013",
                                        "2015",
                                        "2009",
                                        "2011",
                                        "2003",
                                        "2004",
                                        "2002",
                                        "2006",
                                        "2005"
                                    ],
                                    "data_values": [
                                        "0.25",
                                        "0.11",
                                        "0.30",
                                        "0.06",
                                        "0.17",
                                        "0.07",
                                        "0.09",
                                        "0.09",
                                        "0.23",
                                        "0.13",
                                        "0.58",
                                        "0.50",
                                        "0.64",
                                        "0.38",
                                        "0.44"
                                    ],
                                    "data_is_censored": [
                                        false,
                                        false,
                                        false,
                                        false,
                                        false,
                                        false,
                                        false,
                                        false,
                                        false,
                                        false,
                                        false,
                                        false,
                                        false,
                                        false,
                                        false
                                    ],
                                    "data_numeric_part": [
                                        0.25,
                                        0.11,
                                        0.3,
                                        0.06,
                                        0.17,
                                        0.07,
                                        0.09,
                                        0.09,
                                        0.23,
                                        0.13,
                                        0.58,
                                        0.5,
                                        0.64,
                                        0.38,
                                        0.44
                                    ],
                                    "preferred_visualization": "time_series"
                                }
                            ]
                        }
                    ]
                },
                {
                    "targetCode": "17.6",
                    "indicators": [
                        {
                            "indicatorCode": "17.6.2",
                            "facts": [
                                {
                                    "seriesCode": "IT_NET_BBP",
                                    "seriesTitle": "Fixed Internet broadband subscriptions per 100\u00a0inhabitants, by speed (per 100 inhabitants)",
                                    "hub": "f59cf3f8a0ec41a2b601a28682e6f2c8",
                                    "slice_dimensions": {
                                        "Type of speed": "ANYS"
                                    },
                                    "text_type": "15",
                                    "fact_text": "In <span class='fact-year'> 2017</span> , fixed-broadband internet penetration reached <span class='fact-value'> 29.88</span>  <span class='fact-unit'>% of the population</span> , up from 0.87% of the population in <span class='fact-year'> 2000</span> .",
                                    "fact_values": [
                                        "0.87",
                                        "29.88"
                                    ],
                                    "fact_units": [
                                        "% of the population",
                                        "% of the population"
                                    ],
                                    "fact_years": [
                                        "2000",
                                        "2017"
                                    ],
                                    "data_years": [
                                        "2004",
                                        "2003",
                                        "2007",
                                        "2005",
                                        "2006",
                                        "2001",
                                        "2002",
                                        "2000",
                                        "2012",
                                        "2013",
                                        "2014",
                                        "2009",
                                        "2008",
                                        "2011",
                                        "2010",
                                        "2016",
                                        "2015",
                                        "2017"
                                    ],
                                    "data_values": [
                                        "9.59",
                                        "6.04",
                                        "21.93",
                                        "14.10",
                                        "18.69",
                                        "2.23",
                                        "3.78",
                                        "0.87",
                                        "25.70",
                                        "26.36",
                                        "27.43",
                                        "24.01",
                                        "23.64",
                                        "25.05",
                                        "24.60",
                                        "29.07",
                                        "28.28",
                                        "29.88"
                                    ],
                                    "data_is_censored": [
                                        false,
                                        false,
                                        false,
                                        false,
                                        false,
                                        false,
                                        false,
                                        false,
                                        false,
                                        false,
                                        false,
                                        false,
                                        false,
                                        false,
                                        false,
                                        false,
                                        false,
                                        false
                                    ],
                                    "data_numeric_part": [
                                        9.6,
                                        6.0,
                                        22.0,
                                        14.0,
                                        19.0,
                                        2.2,
                                        3.8,
                                        0.87,
                                        26.0,
                                        26.0,
                                        27.0,
                                        24.0,
                                        24.0,
                                        25.0,
                                        25.0,
                                        29.0,
                                        28.0,
                                        30.0
                                    ],
                                    "preferred_visualization": "time_series"
                                }
                            ]
                        }
                    ]
                },
                {
                    "targetCode": "17.18",
                    "indicators": [
                        {
                            "indicatorCode": "17.18.3",
                            "facts": [
                                {
                                    "seriesCode": "SG_STT_NSDSFND",
                                    "seriesTitle": "Countries with national statistical plans that are fully funded (1 = YES; 0 = NO)",
                                    "hub": "bc201a5c69e94e23b45bad86c828f1be",
                                    "slice_dimensions": {},
                                    "text_type": "12",
                                    "fact_text": "As of <span class='fact-year'> 2018</span> , China, Macao Special Administrative Region has developed national statistical plans that are fully funded.",
                                    "fact_values": [
                                        "1"
                                    ],
                                    "fact_units": [
                                        ""
                                    ],
                                    "fact_years": [
                                        "2018"
                                    ],
                                    "data_years": [
                                        "2018"
                                    ],
                                    "data_values": [
                                        "1"
                                    ],
                                    "data_is_censored": [
                                        false
                                    ],
                                    "data_numeric_part": [
                                        1.0
                                    ],
                                    "preferred_visualization": "boolean"
                                }
                            ]
                        }
                    ]
                }
            ]
        }
    ]
}