{
    "release": "2019.Q1.G.02",
    "country_code": "238",
    "country_name": "Falkland Islands (Malvinas)",
    "X": "-58.75246778",
    "Y": "-51.74562601",
    "goals": [
        {
            "goalCode": "9",
            "targets": [
                {
                    "targetCode": "9.c",
                    "indicators": [
                        {
                            "indicatorCode": "9.c.1",
                            "facts": [
                                {
                                    "seriesCode": "IT_MOB_NTWK",
                                    "seriesTitle": "Proportion of population covered by a mobile network, by technology (%)",
                                    "hub": "8943ce6f81b44120b6124fedb3b094d8",
                                    "slice_dimensions": {
                                        "Type of mobile technology": "AL2G"
                                    },
                                    "text_type": "2",
                                    "fact_text": "In <span class='fact-year'>2014</span>, <span class='fact-value'>96.00</span> <span class='fact-unit'>% </span> of the population was in range of at least a second-generation (2G) cellular signal",
                                    "fact_values": [
                                        "96.00"
                                    ],
                                    "fact_units": [
                                        "% "
                                    ],
                                    "fact_years": [
                                        "2014"
                                    ],
                                    "data_years": [
                                        "2013",
                                        "2012",
                                        "2011",
                                        "2010",
                                        "2009",
                                        "2008",
                                        "2007",
                                        "2005",
                                        "2003",
                                        "2002",
                                        "2001",
                                        "2000",
                                        "2014"
                                    ],
                                    "data_values": [
                                        "96.00",
                                        "96.00",
                                        "96.00",
                                        "94.00",
                                        "94.00",
                                        "94.00",
                                        "94.28",
                                        "91.75",
                                        "0.00",
                                        "0.00",
                                        "0.00",
                                        "0.00",
                                        "96.00"
                                    ],
                                    "data_is_censored": [
                                        false,
                                        false,
                                        false,
                                        false,
                                        false,
                                        false,
                                        false,
                                        false,
                                        false,
                                        false,
                                        false,
                                        false,
                                        false
                                    ],
                                    "data_numeric_part": [
                                        96.0,
                                        96.0,
                                        96.0,
                                        94.0,
                                        94.0,
                                        94.0,
                                        94.0,
                                        92.0,
                                        0.0,
                                        0.0,
                                        0.0,
                                        0.0,
                                        96.0
                                    ],
                                    "preferred_visualization": "time_series"
                                }
                            ]
                        }
                    ]
                }
            ]
        },
        {
            "goalCode": "14",
            "targets": [
                {
                    "targetCode": "14.5",
                    "indicators": [
                        {
                            "indicatorCode": "14.5.1",
                            "facts": [
                                {
                                    "seriesCode": "ER_MRN_MARIN",
                                    "seriesTitle": "Coverage of protected areas in relation to marine areas (Exclusive Economic Zones) (%)",
                                    "hub": "2a0cad7f76284e8c978bfcb0fa15cd76",
                                    "slice_dimensions": {},
                                    "text_type": "8",
                                    "fact_text": "In <span class='fact-year'> 2018</span> , <span class='fact-value'> 0.00949</span>  <span class='fact-unit'>% </span> of the marine environment under national jurisdiction (up to 200 nautical miles from shore) was under protection.",
                                    "fact_values": [
                                        "0.00949"
                                    ],
                                    "fact_units": [
                                        "% "
                                    ],
                                    "fact_years": [
                                        "2018"
                                    ],
                                    "data_years": [
                                        "2018"
                                    ],
                                    "data_values": [
                                        "0.00949"
                                    ],
                                    "data_is_censored": [
                                        false
                                    ],
                                    "data_numeric_part": [
                                        0.01
                                    ],
                                    "preferred_visualization": "singleton"
                                }
                            ]
                        }
                    ]
                }
            ]
        },
        {
            "goalCode": "15",
            "targets": [
                {
                    "targetCode": "15.1",
                    "indicators": [
                        {
                            "indicatorCode": "15.1.1",
                            "facts": [
                                {
                                    "seriesCode": "AG_LND_FRST",
                                    "seriesTitle": "Forest area as a proportion of total land area (%)",
                                    "hub": "e23061ce674142b5b33c46ea5e031658",
                                    "slice_dimensions": {},
                                    "text_type": "1",
                                    "fact_text": "Land area covered by forest <span class='fact-value'>0</span> <span class='fact-unit'>%</span> in <span class='fact-year'>2000</span> to <span class='fact-value'>0%</span>  in  <span class='fact-year'>2015</span>.",
                                    "fact_values": [
                                        "0",
                                        "0"
                                    ],
                                    "fact_units": [
                                        "%",
                                        "%"
                                    ],
                                    "fact_years": [
                                        "2000",
                                        "2015"
                                    ],
                                    "data_years": [
                                        "2000",
                                        "2005",
                                        "2010",
                                        "2015"
                                    ],
                                    "data_values": [
                                        "0",
                                        "0",
                                        "0",
                                        "0"
                                    ],
                                    "data_is_censored": [
                                        false,
                                        false,
                                        false,
                                        false
                                    ],
                                    "data_numeric_part": [
                                        0.0,
                                        0.0,
                                        0.0,
                                        0.0
                                    ],
                                    "preferred_visualization": "time_series"
                                }
                            ]
                        },
                        {
                            "indicatorCode": "15.1.2",
                            "facts": [
                                {
                                    "seriesCode": "ER_PTD_TERRS",
                                    "seriesTitle": "Average proportion of Terrestrial Key Biodiversity Areas (KBAs) covered by protected areas (%)",
                                    "hub": "c2c0216c53744dd7b5278e398328bc99",
                                    "slice_dimensions": {
                                        "Bounds": "MP"
                                    },
                                    "text_type": "7",
                                    "fact_text": "The average proportion of terrestrial key biodiversity areas (KBAs) covered by protected areas was <span class='fact-value'> 10.85069</span>  <span class='fact-unit'>%</span>  in <span class='fact-year'> 2018</span> .",
                                    "fact_values": [
                                        "10.85069"
                                    ],
                                    "fact_units": [
                                        "%"
                                    ],
                                    "fact_years": [
                                        "2018"
                                    ],
                                    "data_years": [
                                        "2006",
                                        "2004",
                                        "2005",
                                        "2007",
                                        "2010",
                                        "2009",
                                        "2008",
                                        "2003",
                                        "2002",
                                        "2001",
                                        "2000",
                                        "2018",
                                        "2013",
                                        "2012",
                                        "2011",
                                        "2014",
                                        "2017",
                                        "2016",
                                        "2015"
                                    ],
                                    "data_values": [
                                        "10.85069",
                                        "10.85069",
                                        "10.85069",
                                        "10.85069",
                                        "10.85069",
                                        "10.85069",
                                        "10.85069",
                                        "10.85069",
                                        "10.85069",
                                        "10.85069",
                                        "7.99552",
                                        "10.85069",
                                        "10.85069",
                                        "10.85069",
                                        "10.85069",
                                        "10.85069",
                                        "10.85069",
                                        "10.85069",
                                        "10.85069"
                                    ],
                                    "data_is_censored": [
                                        false,
                                        false,
                                        false,
                                        false,
                                        false,
                                        false,
                                        false,
                                        false,
                                        false,
                                        false,
                                        false,
                                        false,
                                        false,
                                        false,
                                        false,
                                        false,
                                        false,
                                        false,
                                        false
                                    ],
                                    "data_numeric_part": [
                                        11.0,
                                        11.0,
                                        11.0,
                                        11.0,
                                        11.0,
                                        11.0,
                                        11.0,
                                        11.0,
                                        11.0,
                                        11.0,
                                        8.0,
                                        11.0,
                                        11.0,
                                        11.0,
                                        11.0,
                                        11.0,
                                        11.0,
                                        11.0,
                                        11.0
                                    ],
                                    "preferred_visualization": "time_series"
                                }
                            ]
                        }
                    ]
                }
            ]
        },
        {
            "goalCode": "17",
            "targets": [
                {
                    "targetCode": "17.6",
                    "indicators": [
                        {
                            "indicatorCode": "17.6.2",
                            "facts": [
                                {
                                    "seriesCode": "IT_NET_BBP",
                                    "seriesTitle": "Fixed Internet broadband subscriptions per 100\u00a0inhabitants, by speed (per 100 inhabitants)",
                                    "hub": "f59cf3f8a0ec41a2b601a28682e6f2c8",
                                    "slice_dimensions": {
                                        "Type of speed": "ANYS"
                                    },
                                    "text_type": "15",
                                    "fact_text": "In <span class='fact-year'> 2017</span> , fixed-broadband internet penetration reached <span class='fact-value'> 34.36</span>  <span class='fact-unit'>% of the population</span> , up from 11.0% of the population in <span class='fact-year'> 2006</span> .",
                                    "fact_values": [
                                        "10.92",
                                        "34.36"
                                    ],
                                    "fact_units": [
                                        "% of the population",
                                        "% of the population"
                                    ],
                                    "fact_years": [
                                        "2006",
                                        "2017"
                                    ],
                                    "data_years": [
                                        "2006",
                                        "2007",
                                        "2008",
                                        "2016",
                                        "2017",
                                        "2015",
                                        "2009",
                                        "2010",
                                        "2011",
                                        "2012",
                                        "2013",
                                        "2014"
                                    ],
                                    "data_values": [
                                        "10.92",
                                        "21.26",
                                        "30.78",
                                        "55.33",
                                        "34.36",
                                        "69.01",
                                        "39.76",
                                        "41.16",
                                        "42.33",
                                        "43.00",
                                        "45.16",
                                        "48.94"
                                    ],
                                    "data_is_censored": [
                                        false,
                                        false,
                                        false,
                                        false,
                                        false,
                                        false,
                                        false,
                                        false,
                                        false,
                                        false,
                                        false,
                                        false
                                    ],
                                    "data_numeric_part": [
                                        11.0,
                                        21.0,
                                        31.0,
                                        55.0,
                                        34.0,
                                        69.0,
                                        40.0,
                                        41.0,
                                        42.0,
                                        43.0,
                                        45.0,
                                        49.0
                                    ],
                                    "preferred_visualization": "time_series"
                                }
                            ]
                        }
                    ]
                }
            ]
        }
    ]
}