{
    "release": "2019.Q1.G.02",
    "country_code": "674",
    "country_name": "San Marino",
    "X": "12.46329038",
    "Y": "43.93841766",
    "goals": [
        {
            "goalCode": "3",
            "targets": [
                {
                    "targetCode": "3.2",
                    "indicators": [
                        {
                            "indicatorCode": "3.2.1",
                            "facts": [
                                {
                                    "seriesCode": "SH_DYN_MORT",
                                    "seriesTitle": "Under-five mortality rate, by sex (deaths per 1,000 live births)",
                                    "hub": "216c7516b9444f289e8f7910c8726e9f",
                                    "slice_dimensions": {
                                        "Age": "<5Y",
                                        "Sex": "BOTHSEX"
                                    },
                                    "text_type": "1",
                                    "fact_text": "The mortality rate of children under age 5 fell from <span class='fact-value'>5.9</span> <span class='fact-unit'> per 1,000 live births</span> in <span class='fact-year'>2000</span> to <span class='fact-value'>2.2 per 1,000 live births</span>  in  <span class='fact-year'>2017</span>.",
                                    "fact_values": [
                                        "5.9",
                                        "2.2"
                                    ],
                                    "fact_units": [
                                        " per 1,000 live births",
                                        " per 1,000 live births"
                                    ],
                                    "fact_years": [
                                        "2000",
                                        "2017"
                                    ],
                                    "data_years": [
                                        "2005",
                                        "2006",
                                        "2007",
                                        "2001",
                                        "2000",
                                        "2004",
                                        "2002",
                                        "2003",
                                        "2015",
                                        "2016",
                                        "2014",
                                        "2017",
                                        "2010",
                                        "2008",
                                        "2009",
                                        "2013",
                                        "2011",
                                        "2012"
                                    ],
                                    "data_values": [
                                        "4.4",
                                        "4.1",
                                        "3.9",
                                        "5.6",
                                        "5.9",
                                        "4.7",
                                        "5.2",
                                        "4.9",
                                        "2.5",
                                        "2.3",
                                        "2.6",
                                        "2.2",
                                        "3.3",
                                        "3.7",
                                        "3.5",
                                        "2.7",
                                        "3.1",
                                        "2.9"
                                    ],
                                    "data_is_censored": [
                                        false,
                                        false,
                                        false,
                                        false,
                                        false,
                                        false,
                                        false,
                                        false,
                                        false,
                                        false,
                                        false,
                                        false,
                                        false,
                                        false,
                                        false,
                                        false,
                                        false,
                                        false
                                    ],
                                    "data_numeric_part": [
                                        4.4,
                                        4.1,
                                        3.9,
                                        5.6,
                                        5.9,
                                        4.7,
                                        5.2,
                                        4.9,
                                        2.5,
                                        2.3,
                                        2.6,
                                        2.2,
                                        3.3,
                                        3.7,
                                        3.5,
                                        2.7,
                                        3.1,
                                        2.9
                                    ],
                                    "preferred_visualization": "time_series"
                                }
                            ]
                        }
                    ]
                }
            ]
        },
        {
            "goalCode": "4",
            "targets": [
                {
                    "targetCode": "4.2",
                    "indicators": [
                        {
                            "indicatorCode": "4.2.2",
                            "facts": [
                                {
                                    "seriesCode": "SE_PRE_PARTN",
                                    "seriesTitle": "Participation rate in organized learning (one year before the official primary entry age), by sex (%)",
                                    "hub": "3459681b792a4979a9d9731c75f7f80d",
                                    "slice_dimensions": {
                                        "Sex": "BOTHSEX"
                                    },
                                    "text_type": "2",
                                    "fact_text": "In <span class='fact-year'>2012</span>, <span class='fact-value'>94.49541</span> <span class='fact-unit'>% </span> of children participated in pre-primary or primary education in the year prior to the official entrance age for primary school",
                                    "fact_values": [
                                        "94.49541"
                                    ],
                                    "fact_units": [
                                        "% "
                                    ],
                                    "fact_years": [
                                        "2012"
                                    ],
                                    "data_years": [
                                        "2009",
                                        "2011",
                                        "2010",
                                        "2012"
                                    ],
                                    "data_values": [
                                        "92.28487",
                                        "85.98897",
                                        "84.9162",
                                        "94.49541"
                                    ],
                                    "data_is_censored": [
                                        false,
                                        false,
                                        false,
                                        false
                                    ],
                                    "data_numeric_part": [
                                        92.0,
                                        86.0,
                                        85.0,
                                        94.0
                                    ],
                                    "preferred_visualization": "time_series"
                                }
                            ]
                        }
                    ]
                }
            ]
        },
        {
            "goalCode": "5",
            "targets": [
                {
                    "targetCode": "5.5",
                    "indicators": [
                        {
                            "indicatorCode": "5.5.1",
                            "facts": [
                                {
                                    "seriesCode": "SG_GEN_PARL",
                                    "seriesTitle": "Proportion of seats held by women in national parliaments (% of total number of seats)",
                                    "hub": "337524c727bd498c8726f9f6bc6512e1",
                                    "slice_dimensions": {
                                        "Sex": "FEMALE"
                                    },
                                    "text_type": "1",
                                    "fact_text": "The proportion of seats held by women in single or lower houses of parliament increased from <span class='fact-value'>13.3333</span> <span class='fact-unit'>%</span> in <span class='fact-year'>2000</span> to <span class='fact-value'>26.6667%</span>  in  <span class='fact-year'>2018</span>.",
                                    "fact_values": [
                                        "13.3333",
                                        "26.6667"
                                    ],
                                    "fact_units": [
                                        "%",
                                        "%"
                                    ],
                                    "fact_years": [
                                        "2000",
                                        "2018"
                                    ],
                                    "data_years": [
                                        "2018",
                                        "2017",
                                        "2014",
                                        "2013",
                                        "2016",
                                        "2015",
                                        "2004",
                                        "2003",
                                        "2005",
                                        "2000",
                                        "2002",
                                        "2001",
                                        "2010",
                                        "2009",
                                        "2012",
                                        "2011",
                                        "2007",
                                        "2006",
                                        "2008"
                                    ],
                                    "data_values": [
                                        "26.6667",
                                        "26.6667",
                                        "18.3333",
                                        "16.6667",
                                        "16.6667",
                                        "16.6667",
                                        "16.6667",
                                        "16.6667",
                                        "16.6667",
                                        "13.3333",
                                        "16.6667",
                                        "13.3333",
                                        "16.6667",
                                        "15",
                                        "18.3333",
                                        "16.6667",
                                        "11.6667",
                                        "16.6667",
                                        "11.6667"
                                    ],
                                    "data_is_censored": [
                                        false,
                                        false,
                                        false,
                                        false,
                                        false,
                                        false,
                                        false,
                                        false,
                                        false,
                                        false,
                                        false,
                                        false,
                                        false,
                                        false,
                                        false,
                                        false,
                                        false,
                                        false,
                                        false
                                    ],
                                    "data_numeric_part": [
                                        27.0,
                                        27.0,
                                        18.0,
                                        17.0,
                                        17.0,
                                        17.0,
                                        17.0,
                                        17.0,
                                        17.0,
                                        13.0,
                                        17.0,
                                        13.0,
                                        17.0,
                                        15.0,
                                        18.0,
                                        17.0,
                                        12.0,
                                        17.0,
                                        12.0
                                    ],
                                    "preferred_visualization": "time_series"
                                }
                            ]
                        }
                    ]
                }
            ]
        },
        {
            "goalCode": "6",
            "targets": [
                {
                    "targetCode": "6.1",
                    "indicators": [
                        {
                            "indicatorCode": "6.1.1",
                            "facts": [
                                {
                                    "seriesCode": "SH_H2O_SAFE",
                                    "seriesTitle": "Proportion of population using safely managed drinking water services, by urban/rural (%)",
                                    "hub": "9fd0677f368c48dca6f5e11f64badafd",
                                    "slice_dimensions": {
                                        "Location": "ALLAREA"
                                    },
                                    "text_type": "2",
                                    "fact_text": "In <span class='fact-year'>2015</span>, <span class='fact-value'>100</span> <span class='fact-unit'>% </span> of the population used a \"safely managed\" drinking water service - an improved source located on premises, available when needed and free from contamination",
                                    "fact_values": [
                                        "100"
                                    ],
                                    "fact_units": [
                                        "% "
                                    ],
                                    "fact_years": [
                                        "2015"
                                    ],
                                    "data_years": [
                                        "2013",
                                        "2002",
                                        "2012",
                                        "2007",
                                        "2005",
                                        "2000",
                                        "2004",
                                        "2015",
                                        "2009",
                                        "2011",
                                        "2008",
                                        "2006",
                                        "2014",
                                        "2003",
                                        "2001",
                                        "2010"
                                    ],
                                    "data_values": [
                                        "100",
                                        "100",
                                        "100",
                                        "100",
                                        "100",
                                        "100",
                                        "100",
                                        "100",
                                        "100",
                                        "100",
                                        "100",
                                        "100",
                                        "100",
                                        "100",
                                        "100",
                                        "100"
                                    ],
                                    "data_is_censored": [
                                        false,
                                        false,
                                        false,
                                        false,
                                        false,
                                        false,
                                        false,
                                        false,
                                        false,
                                        false,
                                        false,
                                        false,
                                        false,
                                        false,
                                        false,
                                        false
                                    ],
                                    "data_numeric_part": [
                                        100.0,
                                        100.0,
                                        100.0,
                                        100.0,
                                        100.0,
                                        100.0,
                                        100.0,
                                        100.0,
                                        100.0,
                                        100.0,
                                        100.0,
                                        100.0,
                                        100.0,
                                        100.0,
                                        100.0,
                                        100.0
                                    ],
                                    "preferred_visualization": "time_series"
                                }
                            ]
                        }
                    ]
                },
                {
                    "targetCode": "6.2",
                    "indicators": [
                        {
                            "indicatorCode": "6.2.1",
                            "facts": [
                                {
                                    "seriesCode": "SH_SAN_SAFE",
                                    "seriesTitle": "Proportion of population using safely managed sanitation services, by urban/rural (%)",
                                    "hub": "28a9a3072fd940aa9fb0f983d25ef65f",
                                    "slice_dimensions": {
                                        "Location": "ALLAREA"
                                    },
                                    "text_type": "2",
                                    "fact_text": "In <span class='fact-year'>2015</span>, <span class='fact-value'>77.8715</span> <span class='fact-unit'>% </span> of the population used a \"safely managed\" sanitation service - a basic facility that safely disposes of human waste",
                                    "fact_values": [
                                        "77.8715"
                                    ],
                                    "fact_units": [
                                        "% "
                                    ],
                                    "fact_years": [
                                        "2015"
                                    ],
                                    "data_years": [
                                        "2006",
                                        "2012",
                                        "2011",
                                        "2001",
                                        "2004",
                                        "2014",
                                        "2002",
                                        "2003",
                                        "2008",
                                        "2010",
                                        "2005",
                                        "2015",
                                        "2000",
                                        "2009",
                                        "2007",
                                        "2013"
                                    ],
                                    "data_values": [
                                        "77.8715",
                                        "77.8715",
                                        "77.8715",
                                        "77.8715",
                                        "77.8715",
                                        "77.8715",
                                        "77.8715",
                                        "77.8715",
                                        "77.8715",
                                        "77.8715",
                                        "77.8715",
                                        "77.8715",
                                        "77.8715",
                                        "77.8715",
                                        "77.8715",
                                        "77.8715"
                                    ],
                                    "data_is_censored": [
                                        false,
                                        false,
                                        false,
                                        false,
                                        false,
                                        false,
                                        false,
                                        false,
                                        false,
                                        false,
                                        false,
                                        false,
                                        false,
                                        false,
                                        false,
                                        false
                                    ],
                                    "data_numeric_part": [
                                        78.0,
                                        78.0,
                                        78.0,
                                        78.0,
                                        78.0,
                                        78.0,
                                        78.0,
                                        78.0,
                                        78.0,
                                        78.0,
                                        78.0,
                                        78.0,
                                        78.0,
                                        78.0,
                                        78.0,
                                        78.0
                                    ],
                                    "preferred_visualization": "time_series"
                                }
                            ]
                        }
                    ]
                }
            ]
        },
        {
            "goalCode": "7",
            "targets": [
                {
                    "targetCode": "7.1",
                    "indicators": [
                        {
                            "indicatorCode": "7.1.1",
                            "facts": [
                                {
                                    "seriesCode": "EG_ELC_ACCS",
                                    "seriesTitle": "Proportion of population with access to electricity, by urban/rural (%)",
                                    "hub": "81cf3e70351c4895828a2486efa2142c",
                                    "slice_dimensions": {
                                        "Location": "ALLAREA"
                                    },
                                    "text_type": "1",
                                    "fact_text": "The proportion of the population with access to electricity was <span class='fact-value'>100.00</span> <span class='fact-unit'>%</span> in <span class='fact-year'>2016</span>.",
                                    "fact_values": [
                                        "100.00"
                                    ],
                                    "fact_units": [
                                        "%"
                                    ],
                                    "fact_years": [
                                        "2016"
                                    ],
                                    "data_years": [
                                        "2006",
                                        "2004",
                                        "2005",
                                        "2001",
                                        "2000",
                                        "2003",
                                        "2002",
                                        "2014",
                                        "2015",
                                        "2012",
                                        "2013",
                                        "2016",
                                        "2008",
                                        "2007",
                                        "2010",
                                        "2011",
                                        "2009"
                                    ],
                                    "data_values": [
                                        "100.00",
                                        "100.00",
                                        "100.00",
                                        "100.00",
                                        "100.00",
                                        "100.00",
                                        "100.00",
                                        "100.00",
                                        "100.00",
                                        "100.00",
                                        "100.00",
                                        "100.00",
                                        "100.00",
                                        "100.00",
                                        "100.00",
                                        "100.00",
                                        "100.00"
                                    ],
                                    "data_is_censored": [
                                        false,
                                        false,
                                        false,
                                        false,
                                        false,
                                        false,
                                        false,
                                        false,
                                        false,
                                        false,
                                        false,
                                        false,
                                        false,
                                        false,
                                        false,
                                        false,
                                        false
                                    ],
                                    "data_numeric_part": [
                                        100.0,
                                        100.0,
                                        100.0,
                                        100.0,
                                        100.0,
                                        100.0,
                                        100.0,
                                        100.0,
                                        100.0,
                                        100.0,
                                        100.0,
                                        100.0,
                                        100.0,
                                        100.0,
                                        100.0,
                                        100.0,
                                        100.0
                                    ],
                                    "preferred_visualization": "time_series"
                                }
                            ]
                        },
                        {
                            "indicatorCode": "7.1.2",
                            "facts": [
                                {
                                    "seriesCode": "EG_EGY_CLEAN",
                                    "seriesTitle": "Proportion of population with primary reliance on clean fuels and technology (%)",
                                    "hub": "b087399f0b874ab9948714edcd49cbdd",
                                    "slice_dimensions": {},
                                    "text_type": "8",
                                    "fact_text": "In <span class='fact-year'> 2017</span> , <span class='fact-value'> more than 95</span>  <span class='fact-unit'>% </span> of the population relied primarily on clean fuels and technology.",
                                    "fact_values": [
                                        "more than 95"
                                    ],
                                    "fact_units": [
                                        "% "
                                    ],
                                    "fact_years": [
                                        "2017"
                                    ],
                                    "data_years": [
                                        "2017",
                                        "2016",
                                        "2015",
                                        "2010",
                                        "2005",
                                        "2000"
                                    ],
                                    "data_values": [
                                        "more than 95",
                                        "more than 95",
                                        "more than 95",
                                        "more than 95",
                                        "more than 95",
                                        "more than 95"
                                    ],
                                    "data_is_censored": [
                                        true,
                                        true,
                                        true,
                                        true,
                                        true,
                                        true
                                    ],
                                    "data_numeric_part": [
                                        95.0,
                                        95.0,
                                        95.0,
                                        95.0,
                                        95.0,
                                        95.0
                                    ],
                                    "preferred_visualization": "time_series"
                                }
                            ]
                        }
                    ]
                }
            ]
        },
        {
            "goalCode": "8",
            "targets": [
                {
                    "targetCode": "8.5",
                    "indicators": [
                        {
                            "indicatorCode": "8.5.2",
                            "facts": [
                                {
                                    "seriesCode": "SL_TLF_UEM",
                                    "seriesTitle": "Unemployment rate, by sex and age (%)",
                                    "hub": "72c32323563d4a0b9432c9edcb85267a",
                                    "slice_dimensions": {
                                        "Age": "15+",
                                        "Sex": "BOTHSEX"
                                    },
                                    "text_type": "1",
                                    "fact_text": "The total unemployment rate increased from <span class='fact-value'>4.0</span> <span class='fact-unit'>%</span> in <span class='fact-year'>2009</span> to <span class='fact-value'>6.5%</span>  in  <span class='fact-year'>2016</span>.",
                                    "fact_values": [
                                        "4.0",
                                        "6.5"
                                    ],
                                    "fact_units": [
                                        "%",
                                        "%"
                                    ],
                                    "fact_years": [
                                        "2009",
                                        "2016"
                                    ],
                                    "data_years": [
                                        "2009",
                                        "2010",
                                        "2015",
                                        "2016",
                                        "2014",
                                        "2011",
                                        "2013",
                                        "2012"
                                    ],
                                    "data_values": [
                                        "4.0",
                                        "4.4",
                                        "7.4",
                                        "6.5",
                                        "6.6",
                                        "5.1",
                                        "6.1",
                                        "5.2"
                                    ],
                                    "data_is_censored": [
                                        false,
                                        false,
                                        false,
                                        false,
                                        false,
                                        false,
                                        false,
                                        false
                                    ],
                                    "data_numeric_part": [
                                        4.0,
                                        4.4,
                                        7.4,
                                        6.5,
                                        6.6,
                                        5.1,
                                        6.1,
                                        5.2
                                    ],
                                    "preferred_visualization": "time_series"
                                }
                            ]
                        }
                    ]
                },
                {
                    "targetCode": "8.1",
                    "indicators": [
                        {
                            "indicatorCode": "8.1.1",
                            "facts": [
                                {
                                    "seriesCode": "NY_GDP_PCAP",
                                    "seriesTitle": "Annual growth rate of real GDP per capita (%)",
                                    "hub": "3cb997d2497148e68dca6787fcb84ca5",
                                    "slice_dimensions": {},
                                    "text_type": "1",
                                    "fact_text": "The annual growth rate of real gross domestic product (GDP) per capita increased from <span class='fact-value'>0.98</span> <span class='fact-unit'>%</span> in <span class='fact-year'>2000</span> to <span class='fact-value'>1.26%</span>  in  <span class='fact-year'>2017</span>.",
                                    "fact_values": [
                                        "0.98",
                                        "1.26"
                                    ],
                                    "fact_units": [
                                        "%",
                                        "%"
                                    ],
                                    "fact_years": [
                                        "2000",
                                        "2017"
                                    ],
                                    "data_years": [
                                        "2017",
                                        "2016",
                                        "2015",
                                        "2014",
                                        "2013",
                                        "2002",
                                        "2001",
                                        "2000",
                                        "2003",
                                        "2012",
                                        "2011",
                                        "2010",
                                        "2004",
                                        "2009",
                                        "2008",
                                        "2007",
                                        "2006",
                                        "2005"
                                    ],
                                    "data_values": [
                                        "1.26",
                                        "1.45",
                                        "-0.42",
                                        "-2.02",
                                        "-4.19",
                                        "-1.03",
                                        "4.30",
                                        "0.98",
                                        "2.55",
                                        "-8.71",
                                        "-10.60",
                                        "-5.83",
                                        "3.26",
                                        "-13.84",
                                        "0.40",
                                        "2.24",
                                        "2.54",
                                        "1.01"
                                    ],
                                    "data_is_censored": [
                                        false,
                                        false,
                                        false,
                                        false,
                                        false,
                                        false,
                                        false,
                                        false,
                                        false,
                                        false,
                                        false,
                                        false,
                                        false,
                                        false,
                                        false,
                                        false,
                                        false,
                                        false
                                    ],
                                    "data_numeric_part": [
                                        1.3,
                                        1.5,
                                        -0.42,
                                        -2.02,
                                        -4.19,
                                        -1.03,
                                        4.3,
                                        0.98,
                                        2.6,
                                        -8.71,
                                        -10.6,
                                        -5.83,
                                        3.3,
                                        -13.84,
                                        0.4,
                                        2.2,
                                        2.5,
                                        1.0
                                    ],
                                    "preferred_visualization": "time_series"
                                }
                            ]
                        }
                    ]
                }
            ]
        },
        {
            "goalCode": "9",
            "targets": [
                {
                    "targetCode": "9.c",
                    "indicators": [
                        {
                            "indicatorCode": "9.c.1",
                            "facts": [
                                {
                                    "seriesCode": "IT_MOB_NTWK",
                                    "seriesTitle": "Proportion of population covered by a mobile network, by technology (%)",
                                    "hub": "8943ce6f81b44120b6124fedb3b094d8",
                                    "slice_dimensions": {
                                        "Type of mobile technology": "AL2G"
                                    },
                                    "text_type": "2",
                                    "fact_text": "In <span class='fact-year'>2017</span>, <span class='fact-value'>98.00</span> <span class='fact-unit'>% </span> of the population was in range of at least a second-generation (2G) cellular signal",
                                    "fact_values": [
                                        "98.00"
                                    ],
                                    "fact_units": [
                                        "% "
                                    ],
                                    "fact_years": [
                                        "2017"
                                    ],
                                    "data_years": [
                                        "2009",
                                        "2010",
                                        "2015",
                                        "2016",
                                        "2017",
                                        "2008"
                                    ],
                                    "data_values": [
                                        "98.00",
                                        "98.00",
                                        "98.00",
                                        "99.00",
                                        "98.00",
                                        "98.00"
                                    ],
                                    "data_is_censored": [
                                        false,
                                        false,
                                        false,
                                        false,
                                        false,
                                        false
                                    ],
                                    "data_numeric_part": [
                                        98.0,
                                        98.0,
                                        98.0,
                                        99.0,
                                        98.0,
                                        98.0
                                    ],
                                    "preferred_visualization": "time_series"
                                }
                            ]
                        }
                    ]
                }
            ]
        },
        {
            "goalCode": "10",
            "targets": [
                {
                    "targetCode": "10.4",
                    "indicators": [
                        {
                            "indicatorCode": "10.4.1",
                            "facts": [
                                {
                                    "seriesCode": "SL_EMP_GTOTL",
                                    "seriesTitle": "Labour share of GDP, comprising wages and social protection transfers (%)",
                                    "hub": "635cd0cae73e4b2dae2661407be6eeec",
                                    "slice_dimensions": {},
                                    "text_type": "2",
                                    "fact_text": "In <span class='fact-year'>2016</span>, <span class='fact-value'>49.5</span> <span class='fact-unit'>% </span> of GDP was from labour, comprising wages and social protection transfers",
                                    "fact_values": [
                                        "49.5"
                                    ],
                                    "fact_units": [
                                        "% "
                                    ],
                                    "fact_years": [
                                        "2016"
                                    ],
                                    "data_years": [
                                        "2014",
                                        "2016"
                                    ],
                                    "data_values": [
                                        "47.7",
                                        "49.5"
                                    ],
                                    "data_is_censored": [
                                        false,
                                        false
                                    ],
                                    "data_numeric_part": [
                                        48.0,
                                        50.0
                                    ],
                                    "preferred_visualization": "singleton"
                                }
                            ]
                        }
                    ]
                }
            ]
        },
        {
            "goalCode": "11",
            "targets": [
                {
                    "targetCode": "11.6",
                    "indicators": [
                        {
                            "indicatorCode": "11.6.2",
                            "facts": [
                                {
                                    "seriesCode": "EN_ATM_PM25",
                                    "seriesTitle": "Annual mean levels of fine particulate matter in cities, urban population (micrograms per cubic meter)",
                                    "hub": "5b43bb59961a46daa3b8af9384f60103",
                                    "slice_dimensions": {
                                        "Location": "ALLAREA"
                                    },
                                    "text_type": "10",
                                    "fact_text": "In <span class='fact-year'> 2016</span> , the annual population-weighted average mean concentration of fine suspended particles of less than 2.5 microns in diameters (PM2.5) was about <span class='fact-value'> 13.4460744857788</span>  <span class='fact-unit'> micrograms per cubic metre</span> .  This is above the maximum level for safety set by WHO of 10 micrograms per cubic metre.",
                                    "fact_values": [
                                        "13.4460744857788"
                                    ],
                                    "fact_units": [
                                        " micrograms per cubic metre"
                                    ],
                                    "fact_years": [
                                        "2016"
                                    ],
                                    "data_years": [
                                        "2016"
                                    ],
                                    "data_values": [
                                        "13.4460744857788"
                                    ],
                                    "data_is_censored": [
                                        false
                                    ],
                                    "data_numeric_part": [
                                        13.0
                                    ],
                                    "preferred_visualization": "threshold"
                                }
                            ]
                        }
                    ]
                }
            ]
        },
        {
            "goalCode": "15",
            "targets": [
                {
                    "targetCode": "15.1",
                    "indicators": [
                        {
                            "indicatorCode": "15.1.1",
                            "facts": [
                                {
                                    "seriesCode": "AG_LND_FRST",
                                    "seriesTitle": "Forest area as a proportion of total land area (%)",
                                    "hub": "e23061ce674142b5b33c46ea5e031658",
                                    "slice_dimensions": {},
                                    "text_type": "1",
                                    "fact_text": "Land area covered by forest <span class='fact-value'>0</span> <span class='fact-unit'>%</span> in <span class='fact-year'>2000</span> to <span class='fact-value'>0%</span>  in  <span class='fact-year'>2015</span>.",
                                    "fact_values": [
                                        "0",
                                        "0"
                                    ],
                                    "fact_units": [
                                        "%",
                                        "%"
                                    ],
                                    "fact_years": [
                                        "2000",
                                        "2015"
                                    ],
                                    "data_years": [
                                        "2015",
                                        "2005",
                                        "2000",
                                        "2010"
                                    ],
                                    "data_values": [
                                        "0",
                                        "0",
                                        "0",
                                        "0"
                                    ],
                                    "data_is_censored": [
                                        false,
                                        false,
                                        false,
                                        false
                                    ],
                                    "data_numeric_part": [
                                        0.0,
                                        0.0,
                                        0.0,
                                        0.0
                                    ],
                                    "preferred_visualization": "time_series"
                                }
                            ]
                        }
                    ]
                }
            ]
        },
        {
            "goalCode": "16",
            "targets": [
                {
                    "targetCode": "16.1",
                    "indicators": [
                        {
                            "indicatorCode": "16.1.1",
                            "facts": [
                                {
                                    "seriesCode": "VC_IHR_PSRC",
                                    "seriesTitle": "Number of victims of intentional homicide per 100,000 population, by sex (victims per 100,000 population)",
                                    "hub": "b65e89e905a744e5992889ddc27f8fc7",
                                    "slice_dimensions": {},
                                    "text_type": "11",
                                    "fact_text": "In <span class='fact-year'> 2011</span> , the intentional homicide rate was <span class='fact-value'> 0.00</span>  <span class='fact-unit'> per 100,000 population</span> . ",
                                    "fact_values": [
                                        "0.00"
                                    ],
                                    "fact_units": [
                                        " per 100,000 population"
                                    ],
                                    "fact_years": [
                                        "2011"
                                    ],
                                    "data_years": [
                                        "2010",
                                        "2011"
                                    ],
                                    "data_values": [
                                        "0.00",
                                        "0.00"
                                    ],
                                    "data_is_censored": [
                                        false,
                                        false
                                    ],
                                    "data_numeric_part": [
                                        0.0,
                                        0.0
                                    ],
                                    "preferred_visualization": "singleton"
                                }
                            ]
                        }
                    ]
                },
                {
                    "targetCode": "16.9",
                    "indicators": [
                        {
                            "indicatorCode": "16.9.1",
                            "facts": [
                                {
                                    "seriesCode": "SG_REG_BRTH",
                                    "seriesTitle": "Proportion of children under 5 years of age whose births have been registered with a civil authority (% of children under 5 years of age)",
                                    "hub": "",
                                    "slice_dimensions": {
                                        "Age": "<5Y"
                                    },
                                    "text_type": "3",
                                    "fact_text": "In <span class='fact-year'> 2014</span> , there were about <span class='fact-value'> 100</span> <span class='fact-unit'>%</span>  of children under age 5 whose births were registered with a civil authority",
                                    "fact_values": [
                                        "100"
                                    ],
                                    "fact_units": [
                                        "%"
                                    ],
                                    "fact_years": [
                                        "2014"
                                    ],
                                    "data_years": [
                                        "2014"
                                    ],
                                    "data_values": [
                                        "100"
                                    ],
                                    "data_is_censored": [
                                        false
                                    ],
                                    "data_numeric_part": [
                                        100.0
                                    ],
                                    "preferred_visualization": "singleton"
                                }
                            ]
                        }
                    ]
                }
            ]
        },
        {
            "goalCode": "17",
            "targets": [
                {
                    "targetCode": "17.6",
                    "indicators": [
                        {
                            "indicatorCode": "17.6.2",
                            "facts": [
                                {
                                    "seriesCode": "IT_NET_BBP",
                                    "seriesTitle": "Fixed Internet broadband subscriptions per 100\u00a0inhabitants, by speed (per 100 inhabitants)",
                                    "hub": "f59cf3f8a0ec41a2b601a28682e6f2c8",
                                    "slice_dimensions": {
                                        "Type of speed": "ANYS"
                                    },
                                    "text_type": "15",
                                    "fact_text": "In <span class='fact-year'> 2017</span> , fixed-broadband internet penetration reached <span class='fact-value'> 31.44</span>  <span class='fact-unit'>% of the population</span> , up from 2.1% of the population in <span class='fact-year'> 2003</span> .",
                                    "fact_values": [
                                        "2.11",
                                        "31.44"
                                    ],
                                    "fact_units": [
                                        "% of the population",
                                        "% of the population"
                                    ],
                                    "fact_years": [
                                        "2003",
                                        "2017"
                                    ],
                                    "data_years": [
                                        "2003",
                                        "2008",
                                        "2009",
                                        "2010",
                                        "2007",
                                        "2004",
                                        "2005",
                                        "2006",
                                        "2015",
                                        "2016",
                                        "2017",
                                        "2014",
                                        "2011",
                                        "2012",
                                        "2013"
                                    ],
                                    "data_values": [
                                        "2.11",
                                        "16.14",
                                        "17.73",
                                        "19.26",
                                        "5.33",
                                        "3.73",
                                        "4.17",
                                        "5.00",
                                        "35.32",
                                        "36.14",
                                        "31.44",
                                        "35.83",
                                        "20.75",
                                        "31.03",
                                        "31.67"
                                    ],
                                    "data_is_censored": [
                                        false,
                                        false,
                                        false,
                                        false,
                                        false,
                                        false,
                                        false,
                                        false,
                                        false,
                                        false,
                                        false,
                                        false,
                                        false,
                                        false,
                                        false
                                    ],
                                    "data_numeric_part": [
                                        2.1,
                                        16.0,
                                        18.0,
                                        19.0,
                                        5.3,
                                        3.7,
                                        4.2,
                                        5.0,
                                        35.0,
                                        36.0,
                                        31.0,
                                        36.0,
                                        21.0,
                                        31.0,
                                        32.0
                                    ],
                                    "preferred_visualization": "time_series"
                                }
                            ]
                        }
                    ]
                }
            ]
        }
    ]
}