{
    "release": "2019.Q1.G.02",
    "country_code": "876",
    "country_name": "Wallis and Futuna Islands",
    "X": "-176.2034788",
    "Y": "-13.28471201",
    "goals": [
        {
            "goalCode": "15",
            "targets": [
                {
                    "targetCode": "15.1",
                    "indicators": [
                        {
                            "indicatorCode": "15.1.1",
                            "facts": [
                                {
                                    "seriesCode": "AG_LND_FRST",
                                    "seriesTitle": "Forest area as a proportion of total land area (%)",
                                    "hub": "e23061ce674142b5b33c46ea5e031658",
                                    "slice_dimensions": {},
                                    "text_type": "1",
                                    "fact_text": "Land area covered by forest was <span class='fact-value'>41.64286</span> <span class='fact-unit'>%</span> in <span class='fact-year'>2015</span>.",
                                    "fact_values": [
                                        "41.64286"
                                    ],
                                    "fact_units": [
                                        "%"
                                    ],
                                    "fact_years": [
                                        "2015"
                                    ],
                                    "data_years": [
                                        "2015",
                                        "2010",
                                        "2000",
                                        "2005"
                                    ],
                                    "data_values": [
                                        "41.64286",
                                        "41.57143",
                                        "41.5",
                                        "41.5"
                                    ],
                                    "data_is_censored": [
                                        false,
                                        false,
                                        false,
                                        false
                                    ],
                                    "data_numeric_part": [
                                        42.0,
                                        42.0,
                                        42.0,
                                        42.0
                                    ],
                                    "preferred_visualization": "time_series"
                                }
                            ]
                        },
                        {
                            "indicatorCode": "15.1.2",
                            "facts": [
                                {
                                    "seriesCode": "ER_PTD_TERRS",
                                    "seriesTitle": "Average proportion of Terrestrial Key Biodiversity Areas (KBAs) covered by protected areas (%)",
                                    "hub": "c2c0216c53744dd7b5278e398328bc99",
                                    "slice_dimensions": {
                                        "Bounds": "MP"
                                    },
                                    "text_type": "7",
                                    "fact_text": "The average proportion of terrestrial key biodiversity areas (KBAs) covered by protected areas was <span class='fact-value'> 0</span>  <span class='fact-unit'>%</span>  in <span class='fact-year'> 2018</span> .",
                                    "fact_values": [
                                        "0"
                                    ],
                                    "fact_units": [
                                        "%"
                                    ],
                                    "fact_years": [
                                        "2018"
                                    ],
                                    "data_years": [
                                        "2018",
                                        "2009",
                                        "2008",
                                        "2010",
                                        "2005",
                                        "2004",
                                        "2007",
                                        "2006",
                                        "2011",
                                        "2016",
                                        "2015",
                                        "2017",
                                        "2012",
                                        "2014",
                                        "2013",
                                        "2001",
                                        "2002",
                                        "2003",
                                        "2000"
                                    ],
                                    "data_values": [
                                        "0",
                                        "0",
                                        "0",
                                        "0",
                                        "0",
                                        "0",
                                        "0",
                                        "0",
                                        "0",
                                        "0",
                                        "0",
                                        "0",
                                        "0",
                                        "0",
                                        "0",
                                        "0",
                                        "0",
                                        "0",
                                        "0"
                                    ],
                                    "data_is_censored": [
                                        false,
                                        false,
                                        false,
                                        false,
                                        false,
                                        false,
                                        false,
                                        false,
                                        false,
                                        false,
                                        false,
                                        false,
                                        false,
                                        false,
                                        false,
                                        false,
                                        false,
                                        false,
                                        false
                                    ],
                                    "data_numeric_part": [
                                        0.0,
                                        0.0,
                                        0.0,
                                        0.0,
                                        0.0,
                                        0.0,
                                        0.0,
                                        0.0,
                                        0.0,
                                        0.0,
                                        0.0,
                                        0.0,
                                        0.0,
                                        0.0,
                                        0.0,
                                        0.0,
                                        0.0,
                                        0.0,
                                        0.0
                                    ],
                                    "preferred_visualization": "time_series"
                                }
                            ]
                        }
                    ]
                }
            ]
        },
        {
            "goalCode": "17",
            "targets": [
                {
                    "targetCode": "17.6",
                    "indicators": [
                        {
                            "indicatorCode": "17.6.2",
                            "facts": [
                                {
                                    "seriesCode": "IT_NET_BBP",
                                    "seriesTitle": "Fixed Internet broadband subscriptions per 100\u00a0inhabitants, by speed (per 100 inhabitants)",
                                    "hub": "f59cf3f8a0ec41a2b601a28682e6f2c8",
                                    "slice_dimensions": {
                                        "Type of speed": "ANYS"
                                    },
                                    "text_type": "15",
                                    "fact_text": "In <span class='fact-year'> 2015</span> , fixed-broadband internet penetration reached <span class='fact-value'> 8.29</span>  <span class='fact-unit'>% of the population</span> , up from 1.6% of the population in <span class='fact-year'> 2007</span> .",
                                    "fact_values": [
                                        "1.58",
                                        "8.29"
                                    ],
                                    "fact_units": [
                                        "% of the population",
                                        "% of the population"
                                    ],
                                    "fact_years": [
                                        "2007",
                                        "2015"
                                    ],
                                    "data_years": [
                                        "2015",
                                        "2014",
                                        "2013",
                                        "2012",
                                        "2011",
                                        "2010",
                                        "2009",
                                        "2008",
                                        "2007"
                                    ],
                                    "data_values": [
                                        "8.29",
                                        "11.20",
                                        "10.08",
                                        "9.17",
                                        "8.61",
                                        "7.90",
                                        "6.42",
                                        "4.94",
                                        "1.58"
                                    ],
                                    "data_is_censored": [
                                        false,
                                        false,
                                        false,
                                        false,
                                        false,
                                        false,
                                        false,
                                        false,
                                        false
                                    ],
                                    "data_numeric_part": [
                                        8.3,
                                        11.0,
                                        10.0,
                                        9.2,
                                        8.6,
                                        7.9,
                                        6.4,
                                        4.9,
                                        1.6
                                    ],
                                    "preferred_visualization": "time_series"
                                }
                            ]
                        }
                    ]
                }
            ]
        }
    ]
}