{
    "release": "2019.Q1.G.02",
    "country_code": "44",
    "country_name": "Bahamas",
    "X": "-78.05111663",
    "Y": "24.69546597",
    "goals": [
        {
            "goalCode": "3",
            "targets": [
                {
                    "targetCode": "3.1",
                    "indicators": [
                        {
                            "indicatorCode": "3.1.1",
                            "facts": [
                                {
                                    "seriesCode": "SH_STA_MMR",
                                    "seriesTitle": "Maternal mortality ratio",
                                    "hub": "0c846dfa5bab411c9a1a21ae40dd0232",
                                    "slice_dimensions": {
                                        "Bounds": "MP"
                                    },
                                    "text_type": "14",
                                    "fact_text": "The maternal mortality ratio increased from <span class='fact-value'>46</span>  <span class='fact-unit'> per 100,000 live births</span>  in <span class='fact-year'> 1990</span>  to <span class='fact-value'> 80</span>  <span class='fact-unit'> per 100,000 live births</span>  in <span class='fact-year'> 2015</span> .",
                                    "fact_values": [
                                        "46",
                                        "80"
                                    ],
                                    "fact_units": [
                                        " per 100,000 live births",
                                        " per 100,000 live births"
                                    ],
                                    "fact_years": [
                                        "1990",
                                        "2015"
                                    ],
                                    "data_years": [
                                        "1996",
                                        "1995",
                                        "1993",
                                        "1994",
                                        "1997",
                                        "2000",
                                        "2001",
                                        "1998",
                                        "1999",
                                        "1991",
                                        "1992",
                                        "1990",
                                        "2014",
                                        "2015",
                                        "2012",
                                        "2013",
                                        "2011",
                                        "2005",
                                        "2006",
                                        "2004",
                                        "2002",
                                        "2003",
                                        "2009",
                                        "2010",
                                        "2007",
                                        "2008"
                                    ],
                                    "data_values": [
                                        "52",
                                        "49",
                                        "45",
                                        "47",
                                        "54",
                                        "61",
                                        "64",
                                        "55",
                                        "58",
                                        "46",
                                        "45",
                                        "46",
                                        "83",
                                        "80",
                                        "82",
                                        "81",
                                        "86",
                                        "74",
                                        "78",
                                        "71",
                                        "67",
                                        "71",
                                        "80",
                                        "85",
                                        "78",
                                        "82"
                                    ],
                                    "data_is_censored": [
                                        false,
                                        false,
                                        false,
                                        false,
                                        false,
                                        false,
                                        false,
                                        false,
                                        false,
                                        false,
                                        false,
                                        false,
                                        false,
                                        false,
                                        false,
                                        false,
                                        false,
                                        false,
                                        false,
                                        false,
                                        false,
                                        false,
                                        false,
                                        false,
                                        false,
                                        false
                                    ],
                                    "data_numeric_part": [
                                        52.0,
                                        49.0,
                                        45.0,
                                        47.0,
                                        54.0,
                                        61.0,
                                        64.0,
                                        55.0,
                                        58.0,
                                        46.0,
                                        45.0,
                                        46.0,
                                        83.0,
                                        80.0,
                                        82.0,
                                        81.0,
                                        86.0,
                                        74.0,
                                        78.0,
                                        71.0,
                                        67.0,
                                        71.0,
                                        80.0,
                                        85.0,
                                        78.0,
                                        82.0
                                    ],
                                    "preferred_visualization": "time_series"
                                }
                            ]
                        }
                    ]
                },
                {
                    "targetCode": "3.2",
                    "indicators": [
                        {
                            "indicatorCode": "3.2.1",
                            "facts": [
                                {
                                    "seriesCode": "SH_DYN_MORT",
                                    "seriesTitle": "Under-five mortality rate, by sex (deaths per 1,000 live births)",
                                    "hub": "216c7516b9444f289e8f7910c8726e9f",
                                    "slice_dimensions": {
                                        "Age": "<5Y",
                                        "Sex": "BOTHSEX"
                                    },
                                    "text_type": "1",
                                    "fact_text": "The mortality rate of children under age 5 fell from <span class='fact-value'>16</span> <span class='fact-unit'> per 1,000 live births</span> in <span class='fact-year'>2000</span> to <span class='fact-value'>7.2 per 1,000 live births</span>  in  <span class='fact-year'>2017</span>.",
                                    "fact_values": [
                                        "16",
                                        "7.2"
                                    ],
                                    "fact_units": [
                                        " per 1,000 live births",
                                        " per 1,000 live births"
                                    ],
                                    "fact_years": [
                                        "2000",
                                        "2017"
                                    ],
                                    "data_years": [
                                        "2006",
                                        "2007",
                                        "2008",
                                        "2002",
                                        "2000",
                                        "2001",
                                        "2005",
                                        "2003",
                                        "2004",
                                        "2016",
                                        "2015",
                                        "2017",
                                        "2010",
                                        "2011",
                                        "2009",
                                        "2013",
                                        "2014",
                                        "2012"
                                    ],
                                    "data_values": [
                                        "14.7",
                                        "14.1",
                                        "13.3",
                                        "15.8",
                                        "16",
                                        "15.9",
                                        "15.2",
                                        "15.7",
                                        "15.5",
                                        "7.6",
                                        "8",
                                        "7.2",
                                        "11.7",
                                        "10.8",
                                        "12.5",
                                        "9.3",
                                        "8.6",
                                        "10"
                                    ],
                                    "data_is_censored": [
                                        false,
                                        false,
                                        false,
                                        false,
                                        false,
                                        false,
                                        false,
                                        false,
                                        false,
                                        false,
                                        false,
                                        false,
                                        false,
                                        false,
                                        false,
                                        false,
                                        false,
                                        false
                                    ],
                                    "data_numeric_part": [
                                        15.0,
                                        14.0,
                                        13.0,
                                        16.0,
                                        16.0,
                                        16.0,
                                        15.0,
                                        16.0,
                                        16.0,
                                        7.6,
                                        8.0,
                                        7.2,
                                        12.0,
                                        11.0,
                                        13.0,
                                        9.3,
                                        8.6,
                                        10.0
                                    ],
                                    "preferred_visualization": "time_series"
                                }
                            ]
                        }
                    ]
                },
                {
                    "targetCode": "3.3",
                    "indicators": [
                        {
                            "indicatorCode": "3.3.1",
                            "facts": [
                                {
                                    "seriesCode": "SH_HIV_INCD",
                                    "seriesTitle": "Number of new HIV infections per 1,000 uninfected population, by sex and age (per 1,000 uninfected population)",
                                    "hub": "954b5087e440421ba26a3213c99d9a9f",
                                    "slice_dimensions": {
                                        "Age": "ALLAGE",
                                        "Sex": "BOTHSEX"
                                    },
                                    "text_type": "13",
                                    "fact_text": "In <span class='fact-year'> 2017</span> , there were about <span class='fact-value'> 0.38</span>  <span class='fact-unit'> people</span>  in every 100,000 uninfected population that became newly infected with HIV.",
                                    "fact_values": [
                                        "0.38"
                                    ],
                                    "fact_units": [
                                        " people"
                                    ],
                                    "fact_years": [
                                        "2017"
                                    ],
                                    "data_years": [
                                        "2003",
                                        "2004",
                                        "2005",
                                        "2006",
                                        "2007",
                                        "2002",
                                        "2000",
                                        "2001",
                                        "2014",
                                        "2015",
                                        "2016",
                                        "2017",
                                        "2008",
                                        "2013",
                                        "2009",
                                        "2010",
                                        "2011",
                                        "2012"
                                    ],
                                    "data_values": [
                                        "1.05",
                                        "0.98",
                                        "0.93",
                                        "0.85",
                                        "0.81",
                                        "1.13",
                                        "1.32",
                                        "1.21",
                                        "0.47",
                                        "0.44",
                                        "0.41",
                                        "0.38",
                                        "0.75",
                                        "0.51",
                                        "0.70",
                                        "0.67",
                                        "0.63",
                                        "0.55"
                                    ],
                                    "data_is_censored": [
                                        false,
                                        false,
                                        false,
                                        false,
                                        false,
                                        false,
                                        false,
                                        false,
                                        false,
                                        false,
                                        false,
                                        false,
                                        false,
                                        false,
                                        false,
                                        false,
                                        false,
                                        false
                                    ],
                                    "data_numeric_part": [
                                        1.1,
                                        0.98,
                                        0.93,
                                        0.85,
                                        0.81,
                                        1.1,
                                        1.3,
                                        1.2,
                                        0.47,
                                        0.44,
                                        0.41,
                                        0.38,
                                        0.75,
                                        0.51,
                                        0.7,
                                        0.67,
                                        0.63,
                                        0.55
                                    ],
                                    "preferred_visualization": "time_series"
                                }
                            ]
                        }
                    ]
                },
                {
                    "targetCode": "3.4",
                    "indicators": [
                        {
                            "indicatorCode": "3.4.1",
                            "facts": [
                                {
                                    "seriesCode": "SH_DTH_NCOM",
                                    "seriesTitle": "Mortality rate attributed to cardiovascular disease, cancer, diabetes or chronic respiratory disease (probability)",
                                    "hub": "512b7b1d05a14b90853ea5ca1d003b1b",
                                    "slice_dimensions": {
                                        "Age": "30-70",
                                        "Sex": "BOTHSEX"
                                    },
                                    "text_type": "1",
                                    "fact_text": "The risk of dying between the ages of 30 and 70 from one of four main non-communicable diseases (NCDs) - cardiovascular disease, cancer, diabetes or chronic respiratory disease - fell from <span class='fact-value'>20.1</span> <span class='fact-unit'>%</span> in <span class='fact-year'>2000</span> to <span class='fact-value'>15.5%</span>  in  <span class='fact-year'>2016</span>.",
                                    "fact_values": [
                                        "20.1",
                                        "15.5"
                                    ],
                                    "fact_units": [
                                        "%",
                                        "%"
                                    ],
                                    "fact_years": [
                                        "2000",
                                        "2016"
                                    ],
                                    "data_years": [
                                        "2005",
                                        "2000",
                                        "2010",
                                        "2016",
                                        "2015"
                                    ],
                                    "data_values": [
                                        "18.5",
                                        "20.1",
                                        "16.9",
                                        "15.5",
                                        "15.6"
                                    ],
                                    "data_is_censored": [
                                        false,
                                        false,
                                        false,
                                        false,
                                        false
                                    ],
                                    "data_numeric_part": [
                                        19.0,
                                        20.0,
                                        17.0,
                                        16.0,
                                        16.0
                                    ],
                                    "preferred_visualization": "time_series"
                                }
                            ]
                        }
                    ]
                }
            ]
        },
        {
            "goalCode": "5",
            "targets": [
                {
                    "targetCode": "5.5",
                    "indicators": [
                        {
                            "indicatorCode": "5.5.1",
                            "facts": [
                                {
                                    "seriesCode": "SG_GEN_PARL",
                                    "seriesTitle": "Proportion of seats held by women in national parliaments (% of total number of seats)",
                                    "hub": "337524c727bd498c8726f9f6bc6512e1",
                                    "slice_dimensions": {
                                        "Sex": "FEMALE"
                                    },
                                    "text_type": "1",
                                    "fact_text": "The proportion of seats held by women in single or lower houses of parliament declined from <span class='fact-value'>15</span> <span class='fact-unit'>%</span> in <span class='fact-year'>2000</span> to <span class='fact-value'>12.8205%</span>  in  <span class='fact-year'>2018</span>.",
                                    "fact_values": [
                                        "15",
                                        "12.8205"
                                    ],
                                    "fact_units": [
                                        "%",
                                        "%"
                                    ],
                                    "fact_years": [
                                        "2000",
                                        "2018"
                                    ],
                                    "data_years": [
                                        "2013",
                                        "2016",
                                        "2015",
                                        "2017",
                                        "2018",
                                        "2014",
                                        "2004",
                                        "2006",
                                        "2005",
                                        "2001",
                                        "2000",
                                        "2003",
                                        "2002",
                                        "2011",
                                        "2010",
                                        "2012",
                                        "2007",
                                        "2009",
                                        "2008"
                                    ],
                                    "data_values": [
                                        "13.1579",
                                        "13.1579",
                                        "13.1579",
                                        "13.1579",
                                        "12.8205",
                                        "13.1579",
                                        "20",
                                        "20",
                                        "20",
                                        "15",
                                        "15",
                                        "20",
                                        "15",
                                        "12.1951",
                                        "12.1951",
                                        "12.1951",
                                        "20",
                                        "12.1951",
                                        "12.1951"
                                    ],
                                    "data_is_censored": [
                                        false,
                                        false,
                                        false,
                                        false,
                                        false,
                                        false,
                                        false,
                                        false,
                                        false,
                                        false,
                                        false,
                                        false,
                                        false,
                                        false,
                                        false,
                                        false,
                                        false,
                                        false,
                                        false
                                    ],
                                    "data_numeric_part": [
                                        13.0,
                                        13.0,
                                        13.0,
                                        13.0,
                                        13.0,
                                        13.0,
                                        20.0,
                                        20.0,
                                        20.0,
                                        15.0,
                                        15.0,
                                        20.0,
                                        15.0,
                                        12.0,
                                        12.0,
                                        12.0,
                                        20.0,
                                        12.0,
                                        12.0
                                    ],
                                    "preferred_visualization": "time_series"
                                }
                            ]
                        }
                    ]
                }
            ]
        },
        {
            "goalCode": "7",
            "targets": [
                {
                    "targetCode": "7.1",
                    "indicators": [
                        {
                            "indicatorCode": "7.1.1",
                            "facts": [
                                {
                                    "seriesCode": "EG_ELC_ACCS",
                                    "seriesTitle": "Proportion of population with access to electricity, by urban/rural (%)",
                                    "hub": "81cf3e70351c4895828a2486efa2142c",
                                    "slice_dimensions": {
                                        "Location": "ALLAREA"
                                    },
                                    "text_type": "1",
                                    "fact_text": "The proportion of the population with access to electricity was <span class='fact-value'>100.00</span> <span class='fact-unit'>%</span> in <span class='fact-year'>2016</span>.",
                                    "fact_values": [
                                        "100.00"
                                    ],
                                    "fact_units": [
                                        "%"
                                    ],
                                    "fact_years": [
                                        "2016"
                                    ],
                                    "data_years": [
                                        "2006",
                                        "2005",
                                        "2000",
                                        "2002",
                                        "2001",
                                        "2004",
                                        "2003",
                                        "2012",
                                        "2015",
                                        "2016",
                                        "2013",
                                        "2014",
                                        "2009",
                                        "2007",
                                        "2008",
                                        "2011",
                                        "2010"
                                    ],
                                    "data_values": [
                                        "97.90",
                                        "97.51",
                                        "95.61",
                                        "96.39",
                                        "96.07",
                                        "97.13",
                                        "96.76",
                                        "99.96",
                                        "100.00",
                                        "100.00",
                                        "99.99",
                                        "100.00",
                                        "99.18",
                                        "98.33",
                                        "98.75",
                                        "99.83",
                                        "99.56"
                                    ],
                                    "data_is_censored": [
                                        false,
                                        false,
                                        false,
                                        false,
                                        false,
                                        false,
                                        false,
                                        false,
                                        false,
                                        false,
                                        false,
                                        false,
                                        false,
                                        false,
                                        false,
                                        false,
                                        false
                                    ],
                                    "data_numeric_part": [
                                        98.0,
                                        98.0,
                                        96.0,
                                        96.0,
                                        96.0,
                                        97.0,
                                        97.0,
                                        100.0,
                                        100.0,
                                        100.0,
                                        100.0,
                                        100.0,
                                        99.0,
                                        98.0,
                                        99.0,
                                        100.0,
                                        100.0
                                    ],
                                    "preferred_visualization": "time_series"
                                }
                            ]
                        },
                        {
                            "indicatorCode": "7.1.2",
                            "facts": [
                                {
                                    "seriesCode": "EG_EGY_CLEAN",
                                    "seriesTitle": "Proportion of population with primary reliance on clean fuels and technology (%)",
                                    "hub": "b087399f0b874ab9948714edcd49cbdd",
                                    "slice_dimensions": {},
                                    "text_type": "8",
                                    "fact_text": "In <span class='fact-year'> 2017</span> , <span class='fact-value'> more than 95</span>  <span class='fact-unit'>% </span> of the population relied primarily on clean fuels and technology.",
                                    "fact_values": [
                                        "more than 95"
                                    ],
                                    "fact_units": [
                                        "% "
                                    ],
                                    "fact_years": [
                                        "2017"
                                    ],
                                    "data_years": [
                                        "2000",
                                        "2010",
                                        "2017",
                                        "2016",
                                        "2015",
                                        "2005"
                                    ],
                                    "data_values": [
                                        "more than 95",
                                        "more than 95",
                                        "more than 95",
                                        "more than 95",
                                        "more than 95",
                                        "more than 95"
                                    ],
                                    "data_is_censored": [
                                        true,
                                        true,
                                        true,
                                        true,
                                        true,
                                        true
                                    ],
                                    "data_numeric_part": [
                                        95.0,
                                        95.0,
                                        95.0,
                                        95.0,
                                        95.0,
                                        95.0
                                    ],
                                    "preferred_visualization": "time_series"
                                }
                            ]
                        }
                    ]
                }
            ]
        },
        {
            "goalCode": "8",
            "targets": [
                {
                    "targetCode": "8.4",
                    "indicators": [
                        {
                            "indicatorCode": "8.4.2",
                            "facts": [
                                {
                                    "seriesCode": "EN_MAT_DOMCMPC",
                                    "seriesTitle": "Domestic material consumption per capita, by type of raw material (tonnes)",
                                    "hub": "995242b2ec9f4a21975ef7d47b5657bb",
                                    "slice_dimensions": {
                                        "Type of product": "RAW"
                                    },
                                    "text_type": "1",
                                    "fact_text": "Domestic material consumption decreased from <span class='fact-value'>10.91418</span> <span class='fact-unit'> metric tons per capita</span> in <span class='fact-year'>2000</span> to <span class='fact-value'>2.88899 metric tons per capita</span>  in  <span class='fact-year'>2017</span>.",
                                    "fact_values": [
                                        "10.91418",
                                        "2.88899"
                                    ],
                                    "fact_units": [
                                        " metric tons per capita",
                                        " metric tons per capita"
                                    ],
                                    "fact_years": [
                                        "2000",
                                        "2017"
                                    ],
                                    "data_years": [
                                        "2008",
                                        "2002",
                                        "2010",
                                        "2001",
                                        "2009",
                                        "2005",
                                        "2004",
                                        "2007",
                                        "2006",
                                        "2003",
                                        "2015",
                                        "2014",
                                        "2017",
                                        "2016",
                                        "2000",
                                        "2011",
                                        "2013",
                                        "2012"
                                    ],
                                    "data_values": [
                                        "2.08218",
                                        "9.6631",
                                        "4.52868",
                                        "8.20961",
                                        "2.98581",
                                        "7.55708",
                                        "4.97195",
                                        "2.74112",
                                        "6.22962",
                                        "6.27619",
                                        "3.10721",
                                        "3.23444",
                                        "2.88899",
                                        "2.98862",
                                        "10.91418",
                                        "2.77571",
                                        "3.30151",
                                        "2.60541"
                                    ],
                                    "data_is_censored": [
                                        false,
                                        false,
                                        false,
                                        false,
                                        false,
                                        false,
                                        false,
                                        false,
                                        false,
                                        false,
                                        false,
                                        false,
                                        false,
                                        false,
                                        false,
                                        false,
                                        false,
                                        false
                                    ],
                                    "data_numeric_part": [
                                        2.1,
                                        9.7,
                                        4.5,
                                        8.2,
                                        3.0,
                                        7.6,
                                        5.0,
                                        2.7,
                                        6.2,
                                        6.3,
                                        3.1,
                                        3.2,
                                        2.9,
                                        3.0,
                                        11.0,
                                        2.8,
                                        3.3,
                                        2.6
                                    ],
                                    "preferred_visualization": "time_series"
                                }
                            ]
                        }
                    ]
                },
                {
                    "targetCode": "8.5",
                    "indicators": [
                        {
                            "indicatorCode": "8.5.2",
                            "facts": [
                                {
                                    "seriesCode": "SL_TLF_UEM",
                                    "seriesTitle": "Unemployment rate, by sex and age (%)",
                                    "hub": "72c32323563d4a0b9432c9edcb85267a",
                                    "slice_dimensions": {
                                        "Age": "15+",
                                        "Sex": "BOTHSEX"
                                    },
                                    "text_type": "1",
                                    "fact_text": "The total unemployment rate increased from <span class='fact-value'>6.9</span> <span class='fact-unit'>%</span> in <span class='fact-year'>2001</span> to <span class='fact-value'>12.7%</span>  in  <span class='fact-year'>2016</span>.",
                                    "fact_values": [
                                        "6.9",
                                        "12.7"
                                    ],
                                    "fact_units": [
                                        "%",
                                        "%"
                                    ],
                                    "fact_years": [
                                        "2001",
                                        "2016"
                                    ],
                                    "data_years": [
                                        "2004",
                                        "2005",
                                        "2006",
                                        "2007",
                                        "2001",
                                        "2003",
                                        "2002",
                                        "2012",
                                        "2013",
                                        "2016",
                                        "2015",
                                        "2014",
                                        "2009",
                                        "2008",
                                        "2011"
                                    ],
                                    "data_values": [
                                        "10.2",
                                        "10.2",
                                        "7.5",
                                        "7.9",
                                        "6.9",
                                        "10.8",
                                        "9.1",
                                        "14.0",
                                        "16.2",
                                        "12.7",
                                        "12.0",
                                        "13.8",
                                        "14.3",
                                        "8.2",
                                        "14.5"
                                    ],
                                    "data_is_censored": [
                                        false,
                                        false,
                                        false,
                                        false,
                                        false,
                                        false,
                                        false,
                                        false,
                                        false,
                                        false,
                                        false,
                                        false,
                                        false,
                                        false,
                                        false
                                    ],
                                    "data_numeric_part": [
                                        10.0,
                                        10.0,
                                        7.5,
                                        7.9,
                                        6.9,
                                        11.0,
                                        9.1,
                                        14.0,
                                        16.0,
                                        13.0,
                                        12.0,
                                        14.0,
                                        14.0,
                                        8.2,
                                        15.0
                                    ],
                                    "preferred_visualization": "time_series"
                                }
                            ]
                        }
                    ]
                },
                {
                    "targetCode": "8.1",
                    "indicators": [
                        {
                            "indicatorCode": "8.1.1",
                            "facts": [
                                {
                                    "seriesCode": "NY_GDP_PCAP",
                                    "seriesTitle": "Annual growth rate of real GDP per capita (%)",
                                    "hub": "3cb997d2497148e68dca6787fcb84ca5",
                                    "slice_dimensions": {},
                                    "text_type": "1",
                                    "fact_text": "The annual growth rate of real gross domestic product (GDP) per capita declined from <span class='fact-value'>2.64</span> <span class='fact-unit'>%</span> in <span class='fact-year'>2000</span> to <span class='fact-value'>0.74%</span>  in  <span class='fact-year'>2017</span>.",
                                    "fact_values": [
                                        "2.64",
                                        "0.74"
                                    ],
                                    "fact_units": [
                                        "%",
                                        "%"
                                    ],
                                    "fact_years": [
                                        "2000",
                                        "2017"
                                    ],
                                    "data_years": [
                                        "2017",
                                        "2016",
                                        "2002",
                                        "2003",
                                        "2004",
                                        "2005",
                                        "2001",
                                        "2000",
                                        "2006",
                                        "2012",
                                        "2013",
                                        "2014",
                                        "2015",
                                        "2011",
                                        "2007",
                                        "2008",
                                        "2009",
                                        "2010"
                                    ],
                                    "data_values": [
                                        "0.74",
                                        "-0.96",
                                        "0.70",
                                        "-3.33",
                                        "-1.24",
                                        "1.28",
                                        "0.85",
                                        "2.64",
                                        "0.51",
                                        "1.57",
                                        "-1.94",
                                        "-2.52",
                                        "-4.24",
                                        "-0.96",
                                        "-0.48",
                                        "-4.10",
                                        "-5.84",
                                        "-0.14"
                                    ],
                                    "data_is_censored": [
                                        false,
                                        false,
                                        false,
                                        false,
                                        false,
                                        false,
                                        false,
                                        false,
                                        false,
                                        false,
                                        false,
                                        false,
                                        false,
                                        false,
                                        false,
                                        false,
                                        false,
                                        false
                                    ],
                                    "data_numeric_part": [
                                        0.74,
                                        -0.96,
                                        0.7,
                                        -3.33,
                                        -1.24,
                                        1.3,
                                        0.85,
                                        2.6,
                                        0.51,
                                        1.6,
                                        -1.94,
                                        -2.52,
                                        -4.24,
                                        -0.96,
                                        -0.48,
                                        -4.1,
                                        -5.84,
                                        -0.14
                                    ],
                                    "preferred_visualization": "time_series"
                                }
                            ]
                        }
                    ]
                }
            ]
        },
        {
            "goalCode": "9",
            "targets": [
                {
                    "targetCode": "9.c",
                    "indicators": [
                        {
                            "indicatorCode": "9.c.1",
                            "facts": [
                                {
                                    "seriesCode": "IT_MOB_NTWK",
                                    "seriesTitle": "Proportion of population covered by a mobile network, by technology (%)",
                                    "hub": "8943ce6f81b44120b6124fedb3b094d8",
                                    "slice_dimensions": {
                                        "Type of mobile technology": "AL2G"
                                    },
                                    "text_type": "2",
                                    "fact_text": "In <span class='fact-year'>2017</span>, <span class='fact-value'>99.00</span> <span class='fact-unit'>% </span> of the population was in range of at least a second-generation (2G) cellular signal",
                                    "fact_values": [
                                        "99.00"
                                    ],
                                    "fact_units": [
                                        "% "
                                    ],
                                    "fact_years": [
                                        "2017"
                                    ],
                                    "data_years": [
                                        "2008",
                                        "2009",
                                        "2010",
                                        "2014",
                                        "2007",
                                        "2002",
                                        "2003",
                                        "2004",
                                        "2005",
                                        "2006",
                                        "2015",
                                        "2016",
                                        "2017"
                                    ],
                                    "data_values": [
                                        "100.00",
                                        "100.00",
                                        "100.00",
                                        "99.00",
                                        "100.00",
                                        "95.00",
                                        "95.00",
                                        "95.00",
                                        "95.00",
                                        "95.00",
                                        "99.00",
                                        "99.00",
                                        "99.00"
                                    ],
                                    "data_is_censored": [
                                        false,
                                        false,
                                        false,
                                        false,
                                        false,
                                        false,
                                        false,
                                        false,
                                        false,
                                        false,
                                        false,
                                        false,
                                        false
                                    ],
                                    "data_numeric_part": [
                                        100.0,
                                        100.0,
                                        100.0,
                                        99.0,
                                        100.0,
                                        95.0,
                                        95.0,
                                        95.0,
                                        95.0,
                                        95.0,
                                        99.0,
                                        99.0,
                                        99.0
                                    ],
                                    "preferred_visualization": "time_series"
                                }
                            ]
                        }
                    ]
                }
            ]
        },
        {
            "goalCode": "11",
            "targets": [
                {
                    "targetCode": "11.6",
                    "indicators": [
                        {
                            "indicatorCode": "11.6.2",
                            "facts": [
                                {
                                    "seriesCode": "EN_ATM_PM25",
                                    "seriesTitle": "Annual mean levels of fine particulate matter in cities, urban population (micrograms per cubic meter)",
                                    "hub": "5b43bb59961a46daa3b8af9384f60103",
                                    "slice_dimensions": {
                                        "Location": "ALLAREA"
                                    },
                                    "text_type": "10",
                                    "fact_text": "In <span class='fact-year'> 2016</span> , the annual population-weighted average mean concentration of fine suspended particles of less than 2.5 microns in diameters (PM2.5) was about <span class='fact-value'> 17.5625343322754</span>  <span class='fact-unit'> micrograms per cubic metre</span> .  This is above the maximum level for safety set by WHO of 10 micrograms per cubic metre.",
                                    "fact_values": [
                                        "17.5625343322754"
                                    ],
                                    "fact_units": [
                                        " micrograms per cubic metre"
                                    ],
                                    "fact_years": [
                                        "2016"
                                    ],
                                    "data_years": [
                                        "2016"
                                    ],
                                    "data_values": [
                                        "17.5625343322754"
                                    ],
                                    "data_is_censored": [
                                        false
                                    ],
                                    "data_numeric_part": [
                                        18.0
                                    ],
                                    "preferred_visualization": "threshold"
                                }
                            ]
                        }
                    ]
                }
            ]
        },
        {
            "goalCode": "12",
            "targets": [
                {
                    "targetCode": "12.2",
                    "indicators": [
                        {
                            "indicatorCode": "12.2.2",
                            "facts": [
                                {
                                    "seriesCode": "EN_MAT_DOMCMPC",
                                    "seriesTitle": "Domestic material consumption per capita, by type of raw material (tonnes)",
                                    "hub": "995242b2ec9f4a21975ef7d47b5657bb",
                                    "slice_dimensions": {
                                        "Type of product": "RAW"
                                    },
                                    "text_type": "1",
                                    "fact_text": "Domestic material consumption decreased from <span class='fact-value'>10.91418</span> <span class='fact-unit'> metric tons per capita</span> in <span class='fact-year'>2000</span> to <span class='fact-value'>2.88899 metric tons per capita</span>  in  <span class='fact-year'>2017</span>.",
                                    "fact_values": [
                                        "10.91418",
                                        "2.88899"
                                    ],
                                    "fact_units": [
                                        " metric tons per capita",
                                        " metric tons per capita"
                                    ],
                                    "fact_years": [
                                        "2000",
                                        "2017"
                                    ],
                                    "data_years": [
                                        "2008",
                                        "2002",
                                        "2010",
                                        "2001",
                                        "2009",
                                        "2005",
                                        "2004",
                                        "2007",
                                        "2006",
                                        "2003",
                                        "2015",
                                        "2014",
                                        "2017",
                                        "2016",
                                        "2000",
                                        "2011",
                                        "2013",
                                        "2012"
                                    ],
                                    "data_values": [
                                        "2.08218",
                                        "9.6631",
                                        "4.52868",
                                        "8.20961",
                                        "2.98581",
                                        "7.55708",
                                        "4.97195",
                                        "2.74112",
                                        "6.22962",
                                        "6.27619",
                                        "3.10721",
                                        "3.23444",
                                        "2.88899",
                                        "2.98862",
                                        "10.91418",
                                        "2.77571",
                                        "3.30151",
                                        "2.60541"
                                    ],
                                    "data_is_censored": [
                                        false,
                                        false,
                                        false,
                                        false,
                                        false,
                                        false,
                                        false,
                                        false,
                                        false,
                                        false,
                                        false,
                                        false,
                                        false,
                                        false,
                                        false,
                                        false,
                                        false,
                                        false
                                    ],
                                    "data_numeric_part": [
                                        2.1,
                                        9.7,
                                        4.5,
                                        8.2,
                                        3.0,
                                        7.6,
                                        5.0,
                                        2.7,
                                        6.2,
                                        6.3,
                                        3.1,
                                        3.2,
                                        2.9,
                                        3.0,
                                        11.0,
                                        2.8,
                                        3.3,
                                        2.6
                                    ],
                                    "preferred_visualization": "time_series"
                                }
                            ]
                        }
                    ]
                }
            ]
        },
        {
            "goalCode": "14",
            "targets": [
                {
                    "targetCode": "14.5",
                    "indicators": [
                        {
                            "indicatorCode": "14.5.1",
                            "facts": [
                                {
                                    "seriesCode": "ER_MRN_MARIN",
                                    "seriesTitle": "Coverage of protected areas in relation to marine areas (Exclusive Economic Zones) (%)",
                                    "hub": "2a0cad7f76284e8c978bfcb0fa15cd76",
                                    "slice_dimensions": {},
                                    "text_type": "8",
                                    "fact_text": "In <span class='fact-year'> 2018</span> , <span class='fact-value'> 7.92288</span>  <span class='fact-unit'>% </span> of the marine environment under national jurisdiction (up to 200 nautical miles from shore) was under protection.",
                                    "fact_values": [
                                        "7.92288"
                                    ],
                                    "fact_units": [
                                        "% "
                                    ],
                                    "fact_years": [
                                        "2018"
                                    ],
                                    "data_years": [
                                        "2018"
                                    ],
                                    "data_values": [
                                        "7.92288"
                                    ],
                                    "data_is_censored": [
                                        false
                                    ],
                                    "data_numeric_part": [
                                        7.9
                                    ],
                                    "preferred_visualization": "singleton"
                                }
                            ]
                        }
                    ]
                }
            ]
        },
        {
            "goalCode": "15",
            "targets": [
                {
                    "targetCode": "15.1",
                    "indicators": [
                        {
                            "indicatorCode": "15.1.1",
                            "facts": [
                                {
                                    "seriesCode": "AG_LND_FRST",
                                    "seriesTitle": "Forest area as a proportion of total land area (%)",
                                    "hub": "e23061ce674142b5b33c46ea5e031658",
                                    "slice_dimensions": {},
                                    "text_type": "1",
                                    "fact_text": "Land area covered by forest was <span class='fact-value'>51.44855</span> <span class='fact-unit'>%</span> in <span class='fact-year'>2015</span>.",
                                    "fact_values": [
                                        "51.44855"
                                    ],
                                    "fact_units": [
                                        "%"
                                    ],
                                    "fact_years": [
                                        "2015"
                                    ],
                                    "data_years": [
                                        "2015",
                                        "2010",
                                        "2000",
                                        "2005"
                                    ],
                                    "data_values": [
                                        "51.44855",
                                        "51.44855",
                                        "51.44855",
                                        "51.44855"
                                    ],
                                    "data_is_censored": [
                                        false,
                                        false,
                                        false,
                                        false
                                    ],
                                    "data_numeric_part": [
                                        51.0,
                                        51.0,
                                        51.0,
                                        51.0
                                    ],
                                    "preferred_visualization": "time_series"
                                }
                            ]
                        },
                        {
                            "indicatorCode": "15.1.2",
                            "facts": [
                                {
                                    "seriesCode": "ER_PTD_TERRS",
                                    "seriesTitle": "Average proportion of Terrestrial Key Biodiversity Areas (KBAs) covered by protected areas (%)",
                                    "hub": "c2c0216c53744dd7b5278e398328bc99",
                                    "slice_dimensions": {
                                        "Bounds": "MP"
                                    },
                                    "text_type": "7",
                                    "fact_text": "The average proportion of terrestrial key biodiversity areas (KBAs) covered by protected areas was <span class='fact-value'> 24.14774</span>  <span class='fact-unit'>%</span>  in <span class='fact-year'> 2018</span> .",
                                    "fact_values": [
                                        "24.14774"
                                    ],
                                    "fact_units": [
                                        "%"
                                    ],
                                    "fact_years": [
                                        "2018"
                                    ],
                                    "data_years": [
                                        "2016",
                                        "2018",
                                        "2017",
                                        "2015",
                                        "2004",
                                        "2003",
                                        "2006",
                                        "2005",
                                        "2000",
                                        "2002",
                                        "2001",
                                        "2012",
                                        "2011",
                                        "2014",
                                        "2013",
                                        "2008",
                                        "2007",
                                        "2010",
                                        "2009"
                                    ],
                                    "data_values": [
                                        "24.14774",
                                        "24.14774",
                                        "24.14774",
                                        "24.14774",
                                        "8.31458",
                                        "8.31458",
                                        "8.31458",
                                        "8.31458",
                                        "4.91877",
                                        "8.31458",
                                        "4.91877",
                                        "10.49632",
                                        "8.39216",
                                        "10.49632",
                                        "10.49632",
                                        "8.31458",
                                        "8.31458",
                                        "8.39216",
                                        "8.34451"
                                    ],
                                    "data_is_censored": [
                                        false,
                                        false,
                                        false,
                                        false,
                                        false,
                                        false,
                                        false,
                                        false,
                                        false,
                                        false,
                                        false,
                                        false,
                                        false,
                                        false,
                                        false,
                                        false,
                                        false,
                                        false,
                                        false
                                    ],
                                    "data_numeric_part": [
                                        24.0,
                                        24.0,
                                        24.0,
                                        24.0,
                                        8.3,
                                        8.3,
                                        8.3,
                                        8.3,
                                        4.9,
                                        8.3,
                                        4.9,
                                        10.0,
                                        8.4,
                                        10.0,
                                        10.0,
                                        8.3,
                                        8.3,
                                        8.4,
                                        8.3
                                    ],
                                    "preferred_visualization": "time_series"
                                }
                            ]
                        }
                    ]
                }
            ]
        },
        {
            "goalCode": "16",
            "targets": [
                {
                    "targetCode": "16.1",
                    "indicators": [
                        {
                            "indicatorCode": "16.1.1",
                            "facts": [
                                {
                                    "seriesCode": "VC_IHR_PSRC",
                                    "seriesTitle": "Number of victims of intentional homicide per 100,000 population, by sex (victims per 100,000 population)",
                                    "hub": "b65e89e905a744e5992889ddc27f8fc7",
                                    "slice_dimensions": {},
                                    "text_type": "11",
                                    "fact_text": "In <span class='fact-year'> 2014</span> , the intentional homicide rate was <span class='fact-value'> 31.92</span>  <span class='fact-unit'> per 100,000 population</span> . ",
                                    "fact_values": [
                                        "31.92"
                                    ],
                                    "fact_units": [
                                        " per 100,000 population"
                                    ],
                                    "fact_years": [
                                        "2014"
                                    ],
                                    "data_years": [
                                        "2010",
                                        "2014",
                                        "2013",
                                        "2012",
                                        "2011"
                                    ],
                                    "data_values": [
                                        "26.05",
                                        "31.92",
                                        "31.54",
                                        "29.84",
                                        "34.65"
                                    ],
                                    "data_is_censored": [
                                        false,
                                        false,
                                        false,
                                        false,
                                        false
                                    ],
                                    "data_numeric_part": [
                                        26.0,
                                        32.0,
                                        32.0,
                                        30.0,
                                        35.0
                                    ],
                                    "preferred_visualization": "time_series"
                                }
                            ]
                        }
                    ]
                }
            ]
        },
        {
            "goalCode": "17",
            "targets": [
                {
                    "targetCode": "17.6",
                    "indicators": [
                        {
                            "indicatorCode": "17.6.2",
                            "facts": [
                                {
                                    "seriesCode": "IT_NET_BBP",
                                    "seriesTitle": "Fixed Internet broadband subscriptions per 100\u00a0inhabitants, by speed (per 100 inhabitants)",
                                    "hub": "f59cf3f8a0ec41a2b601a28682e6f2c8",
                                    "slice_dimensions": {
                                        "Type of speed": "ANYS"
                                    },
                                    "text_type": "15",
                                    "fact_text": "In <span class='fact-year'> 2017</span> , fixed-broadband internet penetration reached <span class='fact-value'> 21.97</span>  <span class='fact-unit'>% of the population</span> , up from 1.4% of the population in <span class='fact-year'> 2001</span> .",
                                    "fact_values": [
                                        "1.37",
                                        "21.97"
                                    ],
                                    "fact_units": [
                                        "% of the population",
                                        "% of the population"
                                    ],
                                    "fact_years": [
                                        "2001",
                                        "2017"
                                    ],
                                    "data_years": [
                                        "2008",
                                        "2009",
                                        "2010",
                                        "2011",
                                        "2004",
                                        "2005",
                                        "2006",
                                        "2007",
                                        "2016",
                                        "2017",
                                        "2012",
                                        "2013",
                                        "2014",
                                        "2015",
                                        "2001",
                                        "2002",
                                        "2003"
                                    ],
                                    "data_values": [
                                        "7.31",
                                        "8.90",
                                        "6.85",
                                        "4.23",
                                        "3.97",
                                        "4.06",
                                        "4.94",
                                        "5.99",
                                        "21.41",
                                        "21.97",
                                        "20.95",
                                        "19.22",
                                        "20.19",
                                        "20.94",
                                        "1.37",
                                        "2.44",
                                        "3.47"
                                    ],
                                    "data_is_censored": [
                                        false,
                                        false,
                                        false,
                                        false,
                                        false,
                                        false,
                                        false,
                                        false,
                                        false,
                                        false,
                                        false,
                                        false,
                                        false,
                                        false,
                                        false,
                                        false,
                                        false
                                    ],
                                    "data_numeric_part": [
                                        7.3,
                                        8.9,
                                        6.9,
                                        4.2,
                                        4.0,
                                        4.1,
                                        4.9,
                                        6.0,
                                        21.0,
                                        22.0,
                                        21.0,
                                        19.0,
                                        20.0,
                                        21.0,
                                        1.4,
                                        2.4,
                                        3.5
                                    ],
                                    "preferred_visualization": "time_series"
                                }
                            ]
                        }
                    ]
                }
            ]
        }
    ]
}