{
    "release": "2019.Q1.G.02",
    "country_code": "670",
    "country_name": "Saint Vincent and the Grenadines",
    "X": "-61.19024321",
    "Y": "13.24627968",
    "goals": [
        {
            "goalCode": "2",
            "targets": [
                {
                    "targetCode": "2.1",
                    "indicators": [
                        {
                            "indicatorCode": "2.1.1",
                            "facts": [
                                {
                                    "seriesCode": "SN_ITK_DEFC",
                                    "seriesTitle": "Prevalence of undernourishment (%)",
                                    "hub": "65925035bb984f66aa03480f6754c4fe",
                                    "slice_dimensions": {},
                                    "text_type": "7",
                                    "fact_text": "The proportion of the population suffering from hunger was <span class='fact-value'> 5.7</span>  <span class='fact-unit'>%</span>  in <span class='fact-year'> 2016</span> .",
                                    "fact_values": [
                                        "5.7"
                                    ],
                                    "fact_units": [
                                        "%"
                                    ],
                                    "fact_years": [
                                        "2016"
                                    ],
                                    "data_years": [
                                        "2016",
                                        "2010",
                                        "2014",
                                        "2012",
                                        "2013",
                                        "2015",
                                        "2011",
                                        "2000",
                                        "2002",
                                        "2001",
                                        "2007",
                                        "2009",
                                        "2008",
                                        "2004",
                                        "2003",
                                        "2006",
                                        "2005"
                                    ],
                                    "data_values": [
                                        "5.7",
                                        "6.7",
                                        "5.9",
                                        "6.1",
                                        "6",
                                        "5.9",
                                        "6.4",
                                        "16.7",
                                        "12.7",
                                        "14.8",
                                        "7.8",
                                        "7",
                                        "7.4",
                                        "9.8",
                                        "11.1",
                                        "8.4",
                                        "9.1"
                                    ],
                                    "data_is_censored": [
                                        false,
                                        false,
                                        false,
                                        false,
                                        false,
                                        false,
                                        false,
                                        false,
                                        false,
                                        false,
                                        false,
                                        false,
                                        false,
                                        false,
                                        false,
                                        false,
                                        false
                                    ],
                                    "data_numeric_part": [
                                        5.7,
                                        6.7,
                                        5.9,
                                        6.1,
                                        6.0,
                                        5.9,
                                        6.4,
                                        17.0,
                                        13.0,
                                        15.0,
                                        7.8,
                                        7.0,
                                        7.4,
                                        9.8,
                                        11.0,
                                        8.4,
                                        9.1
                                    ],
                                    "preferred_visualization": "time_series"
                                }
                            ]
                        }
                    ]
                }
            ]
        },
        {
            "goalCode": "3",
            "targets": [
                {
                    "targetCode": "3.1",
                    "indicators": [
                        {
                            "indicatorCode": "3.1.1",
                            "facts": [
                                {
                                    "seriesCode": "SH_STA_MMR",
                                    "seriesTitle": "Maternal mortality ratio",
                                    "hub": "0c846dfa5bab411c9a1a21ae40dd0232",
                                    "slice_dimensions": {
                                        "Bounds": "MP"
                                    },
                                    "text_type": "14",
                                    "fact_text": "The maternal mortality ratio decreased from <span class='fact-value'>58</span>  <span class='fact-unit'> per 100,000 live births</span>  in <span class='fact-year'> 1990</span>  to <span class='fact-value'> 45</span>  <span class='fact-unit'> per 100,000 live births</span>  in <span class='fact-year'> 2015</span> .",
                                    "fact_values": [
                                        "58",
                                        "45"
                                    ],
                                    "fact_units": [
                                        " per 100,000 live births",
                                        " per 100,000 live births"
                                    ],
                                    "fact_years": [
                                        "1990",
                                        "2015"
                                    ],
                                    "data_years": [
                                        "2012",
                                        "2013",
                                        "2014",
                                        "2015",
                                        "2011",
                                        "2007",
                                        "2008",
                                        "2009",
                                        "2010",
                                        "2006",
                                        "1994",
                                        "1993",
                                        "1996",
                                        "1995",
                                        "1990",
                                        "1991",
                                        "1992",
                                        "1997",
                                        "2003",
                                        "2002",
                                        "2004",
                                        "2005",
                                        "1998",
                                        "1999",
                                        "2000",
                                        "2001"
                                    ],
                                    "data_values": [
                                        "47",
                                        "46",
                                        "45",
                                        "45",
                                        "48",
                                        "51",
                                        "52",
                                        "51",
                                        "50",
                                        "50",
                                        "74",
                                        "67",
                                        "88",
                                        "81",
                                        "58",
                                        "60",
                                        "60",
                                        "86",
                                        "64",
                                        "68",
                                        "54",
                                        "50",
                                        "81",
                                        "76",
                                        "74",
                                        "69"
                                    ],
                                    "data_is_censored": [
                                        false,
                                        false,
                                        false,
                                        false,
                                        false,
                                        false,
                                        false,
                                        false,
                                        false,
                                        false,
                                        false,
                                        false,
                                        false,
                                        false,
                                        false,
                                        false,
                                        false,
                                        false,
                                        false,
                                        false,
                                        false,
                                        false,
                                        false,
                                        false,
                                        false,
                                        false
                                    ],
                                    "data_numeric_part": [
                                        47.0,
                                        46.0,
                                        45.0,
                                        45.0,
                                        48.0,
                                        51.0,
                                        52.0,
                                        51.0,
                                        50.0,
                                        50.0,
                                        74.0,
                                        67.0,
                                        88.0,
                                        81.0,
                                        58.0,
                                        60.0,
                                        60.0,
                                        86.0,
                                        64.0,
                                        68.0,
                                        54.0,
                                        50.0,
                                        81.0,
                                        76.0,
                                        74.0,
                                        69.0
                                    ],
                                    "preferred_visualization": "time_series"
                                }
                            ]
                        }
                    ]
                },
                {
                    "targetCode": "3.2",
                    "indicators": [
                        {
                            "indicatorCode": "3.2.1",
                            "facts": [
                                {
                                    "seriesCode": "SH_DYN_MORT",
                                    "seriesTitle": "Under-five mortality rate, by sex (deaths per 1,000 live births)",
                                    "hub": "216c7516b9444f289e8f7910c8726e9f",
                                    "slice_dimensions": {
                                        "Age": "<5Y",
                                        "Sex": "BOTHSEX"
                                    },
                                    "text_type": "1",
                                    "fact_text": "The mortality rate of children under age 5 fell from <span class='fact-value'>22.5</span> <span class='fact-unit'> per 1,000 live births</span> in <span class='fact-year'>2000</span> to <span class='fact-value'>16.2 per 1,000 live births</span>  in  <span class='fact-year'>2017</span>.",
                                    "fact_values": [
                                        "22.5",
                                        "16.2"
                                    ],
                                    "fact_units": [
                                        " per 1,000 live births",
                                        " per 1,000 live births"
                                    ],
                                    "fact_years": [
                                        "2000",
                                        "2017"
                                    ],
                                    "data_years": [
                                        "2005",
                                        "2006",
                                        "2007",
                                        "2001",
                                        "2000",
                                        "2004",
                                        "2002",
                                        "2003",
                                        "2015",
                                        "2016",
                                        "2014",
                                        "2017",
                                        "2010",
                                        "2008",
                                        "2009",
                                        "2013",
                                        "2011",
                                        "2012"
                                    ],
                                    "data_values": [
                                        "22.3",
                                        "22.2",
                                        "22",
                                        "22.4",
                                        "22.5",
                                        "22.3",
                                        "22.3",
                                        "22.3",
                                        "17.4",
                                        "16.8",
                                        "18.1",
                                        "16.2",
                                        "20.8",
                                        "21.7",
                                        "21.3",
                                        "18.8",
                                        "20.1",
                                        "19.5"
                                    ],
                                    "data_is_censored": [
                                        false,
                                        false,
                                        false,
                                        false,
                                        false,
                                        false,
                                        false,
                                        false,
                                        false,
                                        false,
                                        false,
                                        false,
                                        false,
                                        false,
                                        false,
                                        false,
                                        false,
                                        false
                                    ],
                                    "data_numeric_part": [
                                        22.0,
                                        22.0,
                                        22.0,
                                        22.0,
                                        23.0,
                                        22.0,
                                        22.0,
                                        22.0,
                                        17.0,
                                        17.0,
                                        18.0,
                                        16.0,
                                        21.0,
                                        22.0,
                                        21.0,
                                        19.0,
                                        20.0,
                                        20.0
                                    ],
                                    "preferred_visualization": "time_series"
                                }
                            ]
                        }
                    ]
                },
                {
                    "targetCode": "3.4",
                    "indicators": [
                        {
                            "indicatorCode": "3.4.1",
                            "facts": [
                                {
                                    "seriesCode": "SH_DTH_NCOM",
                                    "seriesTitle": "Mortality rate attributed to cardiovascular disease, cancer, diabetes or chronic respiratory disease (probability)",
                                    "hub": "512b7b1d05a14b90853ea5ca1d003b1b",
                                    "slice_dimensions": {
                                        "Age": "30-70",
                                        "Sex": "BOTHSEX"
                                    },
                                    "text_type": "1",
                                    "fact_text": "The risk of dying between the ages of 30 and 70 from one of four main non-communicable diseases (NCDs) - cardiovascular disease, cancer, diabetes or chronic respiratory disease - fell from <span class='fact-value'>24.6</span> <span class='fact-unit'>%</span> in <span class='fact-year'>2000</span> to <span class='fact-value'>23.2%</span>  in  <span class='fact-year'>2016</span>.",
                                    "fact_values": [
                                        "24.6",
                                        "23.2"
                                    ],
                                    "fact_units": [
                                        "%",
                                        "%"
                                    ],
                                    "fact_years": [
                                        "2000",
                                        "2016"
                                    ],
                                    "data_years": [
                                        "2015",
                                        "2016",
                                        "2010",
                                        "2000",
                                        "2005"
                                    ],
                                    "data_values": [
                                        "22.3",
                                        "23.2",
                                        "21.4",
                                        "24.6",
                                        "22.8"
                                    ],
                                    "data_is_censored": [
                                        false,
                                        false,
                                        false,
                                        false,
                                        false
                                    ],
                                    "data_numeric_part": [
                                        22.0,
                                        23.0,
                                        21.0,
                                        25.0,
                                        23.0
                                    ],
                                    "preferred_visualization": "time_series"
                                }
                            ]
                        }
                    ]
                }
            ]
        },
        {
            "goalCode": "4",
            "targets": [
                {
                    "targetCode": "4.2",
                    "indicators": [
                        {
                            "indicatorCode": "4.2.2",
                            "facts": [
                                {
                                    "seriesCode": "SE_PRE_PARTN",
                                    "seriesTitle": "Participation rate in organized learning (one year before the official primary entry age), by sex (%)",
                                    "hub": "3459681b792a4979a9d9731c75f7f80d",
                                    "slice_dimensions": {
                                        "Sex": "BOTHSEX"
                                    },
                                    "text_type": "2",
                                    "fact_text": "In <span class='fact-year'>2017</span>, <span class='fact-value'>94.03569</span> <span class='fact-unit'>% </span> of children participated in pre-primary or primary education in the year prior to the official entrance age for primary school",
                                    "fact_values": [
                                        "94.03569"
                                    ],
                                    "fact_units": [
                                        "% "
                                    ],
                                    "fact_years": [
                                        "2017"
                                    ],
                                    "data_years": [
                                        "2013",
                                        "2014",
                                        "2017",
                                        "2015",
                                        "2016"
                                    ],
                                    "data_values": [
                                        "99.75839",
                                        "84.7245",
                                        "94.03569",
                                        "91.11355",
                                        "90.31532"
                                    ],
                                    "data_is_censored": [
                                        false,
                                        false,
                                        false,
                                        false,
                                        false
                                    ],
                                    "data_numeric_part": [
                                        100.0,
                                        85.0,
                                        94.0,
                                        91.0,
                                        90.0
                                    ],
                                    "preferred_visualization": "time_series"
                                }
                            ]
                        }
                    ]
                }
            ]
        },
        {
            "goalCode": "5",
            "targets": [
                {
                    "targetCode": "5.5",
                    "indicators": [
                        {
                            "indicatorCode": "5.5.1",
                            "facts": [
                                {
                                    "seriesCode": "SG_GEN_PARL",
                                    "seriesTitle": "Proportion of seats held by women in national parliaments (% of total number of seats)",
                                    "hub": "337524c727bd498c8726f9f6bc6512e1",
                                    "slice_dimensions": {
                                        "Sex": "FEMALE"
                                    },
                                    "text_type": "1",
                                    "fact_text": "The proportion of seats held by women in single or lower houses of parliament increased from <span class='fact-value'>4.7619</span> <span class='fact-unit'>%</span> in <span class='fact-year'>2000</span> to <span class='fact-value'>13.0435%</span>  in  <span class='fact-year'>2018</span>.",
                                    "fact_values": [
                                        "4.7619",
                                        "13.0435"
                                    ],
                                    "fact_units": [
                                        "%",
                                        "%"
                                    ],
                                    "fact_years": [
                                        "2000",
                                        "2018"
                                    ],
                                    "data_years": [
                                        "2015",
                                        "2012",
                                        "2018",
                                        "2014",
                                        "2016",
                                        "2013",
                                        "2017",
                                        "2004",
                                        "2003",
                                        "2005",
                                        "2000",
                                        "2002",
                                        "2001",
                                        "2010",
                                        "2009",
                                        "2011",
                                        "2007",
                                        "2006",
                                        "2008"
                                    ],
                                    "data_values": [
                                        "13.0435",
                                        "17.3913",
                                        "13.0435",
                                        "13.0435",
                                        "13.0435",
                                        "17.3913",
                                        "13.0435",
                                        "22.7273",
                                        "22.7273",
                                        "22.7273",
                                        "4.7619",
                                        "22.7273",
                                        "4.7619",
                                        "21.7391",
                                        "18.1818",
                                        "14.2857",
                                        "18.1818",
                                        "18.1818",
                                        "18.1818"
                                    ],
                                    "data_is_censored": [
                                        false,
                                        false,
                                        false,
                                        false,
                                        false,
                                        false,
                                        false,
                                        false,
                                        false,
                                        false,
                                        false,
                                        false,
                                        false,
                                        false,
                                        false,
                                        false,
                                        false,
                                        false,
                                        false
                                    ],
                                    "data_numeric_part": [
                                        13.0,
                                        17.0,
                                        13.0,
                                        13.0,
                                        13.0,
                                        17.0,
                                        13.0,
                                        23.0,
                                        23.0,
                                        23.0,
                                        4.8,
                                        23.0,
                                        4.8,
                                        22.0,
                                        18.0,
                                        14.0,
                                        18.0,
                                        18.0,
                                        18.0
                                    ],
                                    "preferred_visualization": "time_series"
                                }
                            ]
                        }
                    ]
                }
            ]
        },
        {
            "goalCode": "7",
            "targets": [
                {
                    "targetCode": "7.1",
                    "indicators": [
                        {
                            "indicatorCode": "7.1.1",
                            "facts": [
                                {
                                    "seriesCode": "EG_ELC_ACCS",
                                    "seriesTitle": "Proportion of population with access to electricity, by urban/rural (%)",
                                    "hub": "81cf3e70351c4895828a2486efa2142c",
                                    "slice_dimensions": {
                                        "Location": "ALLAREA"
                                    },
                                    "text_type": "1",
                                    "fact_text": "The proportion of the population with access to electricity increased from <span class='fact-value'>80.03</span> <span class='fact-unit'>%</span> in <span class='fact-year'>2000</span> to <span class='fact-value'>100.00%</span>  in  <span class='fact-year'>2016</span>.",
                                    "fact_values": [
                                        "80.03",
                                        "100.00"
                                    ],
                                    "fact_units": [
                                        "%",
                                        "%"
                                    ],
                                    "fact_years": [
                                        "2000",
                                        "2016"
                                    ],
                                    "data_years": [
                                        "2006",
                                        "2004",
                                        "2005",
                                        "2001",
                                        "2000",
                                        "2003",
                                        "2002",
                                        "2014",
                                        "2015",
                                        "2012",
                                        "2013",
                                        "2016",
                                        "2008",
                                        "2007",
                                        "2010",
                                        "2011",
                                        "2009"
                                    ],
                                    "data_values": [
                                        "87.80",
                                        "85.20",
                                        "86.50",
                                        "82.41",
                                        "80.03",
                                        "83.91",
                                        "82.63",
                                        "98.60",
                                        "99.46",
                                        "96.03",
                                        "97.46",
                                        "100.00",
                                        "90.47",
                                        "88.79",
                                        "93.22",
                                        "94.62",
                                        "91.84"
                                    ],
                                    "data_is_censored": [
                                        false,
                                        false,
                                        false,
                                        false,
                                        false,
                                        false,
                                        false,
                                        false,
                                        false,
                                        false,
                                        false,
                                        false,
                                        false,
                                        false,
                                        false,
                                        false,
                                        false
                                    ],
                                    "data_numeric_part": [
                                        88.0,
                                        85.0,
                                        87.0,
                                        82.0,
                                        80.0,
                                        84.0,
                                        83.0,
                                        99.0,
                                        99.0,
                                        96.0,
                                        97.0,
                                        100.0,
                                        90.0,
                                        89.0,
                                        93.0,
                                        95.0,
                                        92.0
                                    ],
                                    "preferred_visualization": "time_series"
                                }
                            ]
                        },
                        {
                            "indicatorCode": "7.1.2",
                            "facts": [
                                {
                                    "seriesCode": "EG_EGY_CLEAN",
                                    "seriesTitle": "Proportion of population with primary reliance on clean fuels and technology (%)",
                                    "hub": "b087399f0b874ab9948714edcd49cbdd",
                                    "slice_dimensions": {},
                                    "text_type": "8",
                                    "fact_text": "In <span class='fact-year'> 2017</span> , <span class='fact-value'> more than 95</span>  <span class='fact-unit'>% </span> of the population relied primarily on clean fuels and technology.",
                                    "fact_values": [
                                        "more than 95"
                                    ],
                                    "fact_units": [
                                        "% "
                                    ],
                                    "fact_years": [
                                        "2017"
                                    ],
                                    "data_years": [
                                        "2016",
                                        "2015",
                                        "2010",
                                        "2005",
                                        "2000",
                                        "2017"
                                    ],
                                    "data_values": [
                                        "more than 95",
                                        "more than 95",
                                        "more than 95",
                                        "more than 95",
                                        "more than 95",
                                        "more than 95"
                                    ],
                                    "data_is_censored": [
                                        true,
                                        true,
                                        true,
                                        true,
                                        true,
                                        true
                                    ],
                                    "data_numeric_part": [
                                        95.0,
                                        95.0,
                                        95.0,
                                        95.0,
                                        95.0,
                                        95.0
                                    ],
                                    "preferred_visualization": "time_series"
                                }
                            ]
                        }
                    ]
                }
            ]
        },
        {
            "goalCode": "8",
            "targets": [
                {
                    "targetCode": "8.5",
                    "indicators": [
                        {
                            "indicatorCode": "8.5.2",
                            "facts": [
                                {
                                    "seriesCode": "SL_TLF_UEM",
                                    "seriesTitle": "Unemployment rate, by sex and age (%)",
                                    "hub": "72c32323563d4a0b9432c9edcb85267a",
                                    "slice_dimensions": {
                                        "Age": "15+",
                                        "Sex": "BOTHSEX"
                                    },
                                    "text_type": "1",
                                    "fact_text": "The total unemployment rate declined from <span class='fact-value'>21.1</span> <span class='fact-unit'>%</span> in <span class='fact-year'>2001</span> to <span class='fact-value'>18.8%</span>  in  <span class='fact-year'>2008</span>.",
                                    "fact_values": [
                                        "21.1",
                                        "18.8"
                                    ],
                                    "fact_units": [
                                        "%",
                                        "%"
                                    ],
                                    "fact_years": [
                                        "2001",
                                        "2008"
                                    ],
                                    "data_years": [
                                        "2008",
                                        "2001"
                                    ],
                                    "data_values": [
                                        "18.8",
                                        "21.1"
                                    ],
                                    "data_is_censored": [
                                        false,
                                        false
                                    ],
                                    "data_numeric_part": [
                                        19.0,
                                        21.0
                                    ],
                                    "preferred_visualization": "singleton"
                                }
                            ]
                        }
                    ]
                },
                {
                    "targetCode": "8.1",
                    "indicators": [
                        {
                            "indicatorCode": "8.1.1",
                            "facts": [
                                {
                                    "seriesCode": "NY_GDP_PCAP",
                                    "seriesTitle": "Annual growth rate of real GDP per capita (%)",
                                    "hub": "3cb997d2497148e68dca6787fcb84ca5",
                                    "slice_dimensions": {},
                                    "text_type": "1",
                                    "fact_text": "The annual growth rate of real gross domestic product (GDP) per capita declined from <span class='fact-value'>1.80</span> <span class='fact-unit'>%</span> in <span class='fact-year'>2000</span> to <span class='fact-value'>0.48%</span>  in  <span class='fact-year'>2017</span>.",
                                    "fact_values": [
                                        "1.80",
                                        "0.48"
                                    ],
                                    "fact_units": [
                                        "%",
                                        "%"
                                    ],
                                    "fact_years": [
                                        "2000",
                                        "2017"
                                    ],
                                    "data_years": [
                                        "2000",
                                        "2009",
                                        "2008",
                                        "2007",
                                        "2001",
                                        "2006",
                                        "2005",
                                        "2004",
                                        "2003",
                                        "2002",
                                        "2010",
                                        "2011",
                                        "2017",
                                        "2016",
                                        "2014",
                                        "2013",
                                        "2012",
                                        "2015"
                                    ],
                                    "data_values": [
                                        "1.80",
                                        "-2.18",
                                        "1.47",
                                        "3.19",
                                        "1.68",
                                        "7.54",
                                        "2.33",
                                        "3.95",
                                        "7.48",
                                        "6.11",
                                        "-3.40",
                                        "-0.45",
                                        "0.48",
                                        "1.10",
                                        "0.92",
                                        "1.84",
                                        "1.40",
                                        "1.70"
                                    ],
                                    "data_is_censored": [
                                        false,
                                        false,
                                        false,
                                        false,
                                        false,
                                        false,
                                        false,
                                        false,
                                        false,
                                        false,
                                        false,
                                        false,
                                        false,
                                        false,
                                        false,
                                        false,
                                        false,
                                        false
                                    ],
                                    "data_numeric_part": [
                                        1.8,
                                        -2.18,
                                        1.5,
                                        3.2,
                                        1.7,
                                        7.5,
                                        2.3,
                                        4.0,
                                        7.5,
                                        6.1,
                                        -3.4,
                                        -0.45,
                                        0.48,
                                        1.1,
                                        0.92,
                                        1.8,
                                        1.4,
                                        1.7
                                    ],
                                    "preferred_visualization": "time_series"
                                }
                            ]
                        }
                    ]
                }
            ]
        },
        {
            "goalCode": "9",
            "targets": [
                {
                    "targetCode": "9.5",
                    "indicators": [
                        {
                            "indicatorCode": "9.5.1",
                            "facts": [
                                {
                                    "seriesCode": "GB_XPD_RSDV",
                                    "seriesTitle": "Research and development expenditure as a proportion of GDP (%)",
                                    "hub": "a4e6d6a6cc804c3598cc9b96cd96ce67",
                                    "slice_dimensions": {},
                                    "text_type": "9",
                                    "fact_text": "In <span class='fact-year'> 2002</span> , investment in research and development (R&D) stood at <span class='fact-value'> 0.12</span>  <span class='fact-unit'>% of GDP</span> , up from <span class='fact-value'> 0.04</span>  <span class='fact-unit'>%</span>  in <span class='fact-year'> 2001</span> ",
                                    "fact_values": [
                                        "0.04% of GDP",
                                        "0.12% of GDP"
                                    ],
                                    "fact_units": [
                                        "%",
                                        "%"
                                    ],
                                    "fact_years": [
                                        "2001",
                                        "2002"
                                    ],
                                    "data_years": [
                                        "2002",
                                        "2001"
                                    ],
                                    "data_values": [
                                        "0.12",
                                        "0.04"
                                    ],
                                    "data_is_censored": [
                                        false,
                                        false
                                    ],
                                    "data_numeric_part": [
                                        0.12,
                                        0.04
                                    ],
                                    "preferred_visualization": "singleton"
                                }
                            ]
                        }
                    ]
                },
                {
                    "targetCode": "9.c",
                    "indicators": [
                        {
                            "indicatorCode": "9.c.1",
                            "facts": [
                                {
                                    "seriesCode": "IT_MOB_NTWK",
                                    "seriesTitle": "Proportion of population covered by a mobile network, by technology (%)",
                                    "hub": "8943ce6f81b44120b6124fedb3b094d8",
                                    "slice_dimensions": {
                                        "Type of mobile technology": "AL2G"
                                    },
                                    "text_type": "2",
                                    "fact_text": "In <span class='fact-year'>2017</span>, <span class='fact-value'>100.00</span> <span class='fact-unit'>% </span> of the population was in range of at least a second-generation (2G) cellular signal",
                                    "fact_values": [
                                        "100.00"
                                    ],
                                    "fact_units": [
                                        "% "
                                    ],
                                    "fact_years": [
                                        "2017"
                                    ],
                                    "data_years": [
                                        "2012",
                                        "2013",
                                        "2014",
                                        "2015",
                                        "2016",
                                        "2003",
                                        "2002",
                                        "2004",
                                        "2001",
                                        "2017",
                                        "2011",
                                        "2010",
                                        "2009",
                                        "2005",
                                        "2008",
                                        "2007",
                                        "2006"
                                    ],
                                    "data_values": [
                                        "100.00",
                                        "100.00",
                                        "100.00",
                                        "100.00",
                                        "100.00",
                                        "95.00",
                                        "75.00",
                                        "100.00",
                                        "55.00",
                                        "100.00",
                                        "100.00",
                                        "100.00",
                                        "100.00",
                                        "100.00",
                                        "100.00",
                                        "100.00",
                                        "100.00"
                                    ],
                                    "data_is_censored": [
                                        false,
                                        false,
                                        false,
                                        false,
                                        false,
                                        false,
                                        false,
                                        false,
                                        false,
                                        false,
                                        false,
                                        false,
                                        false,
                                        false,
                                        false,
                                        false,
                                        false
                                    ],
                                    "data_numeric_part": [
                                        100.0,
                                        100.0,
                                        100.0,
                                        100.0,
                                        100.0,
                                        95.0,
                                        75.0,
                                        100.0,
                                        55.0,
                                        100.0,
                                        100.0,
                                        100.0,
                                        100.0,
                                        100.0,
                                        100.0,
                                        100.0,
                                        100.0
                                    ],
                                    "preferred_visualization": "time_series"
                                }
                            ]
                        }
                    ]
                }
            ]
        },
        {
            "goalCode": "11",
            "targets": [
                {
                    "targetCode": "11.6",
                    "indicators": [
                        {
                            "indicatorCode": "11.6.2",
                            "facts": [
                                {
                                    "seriesCode": "EN_ATM_PM25",
                                    "seriesTitle": "Annual mean levels of fine particulate matter in cities, urban population (micrograms per cubic meter)",
                                    "hub": "5b43bb59961a46daa3b8af9384f60103",
                                    "slice_dimensions": {
                                        "Location": "ALLAREA"
                                    },
                                    "text_type": "10",
                                    "fact_text": "In <span class='fact-year'> 2016</span> , the annual population-weighted average mean concentration of fine suspended particles of less than 2.5 microns in diameters (PM2.5) was about <span class='fact-value'> 21.2003498077393</span>  <span class='fact-unit'> micrograms per cubic metre</span> .  This is above the maximum level for safety set by WHO of 10 micrograms per cubic metre.",
                                    "fact_values": [
                                        "21.2003498077393"
                                    ],
                                    "fact_units": [
                                        " micrograms per cubic metre"
                                    ],
                                    "fact_years": [
                                        "2016"
                                    ],
                                    "data_years": [
                                        "2016"
                                    ],
                                    "data_values": [
                                        "21.2003498077393"
                                    ],
                                    "data_is_censored": [
                                        false
                                    ],
                                    "data_numeric_part": [
                                        21.0
                                    ],
                                    "preferred_visualization": "threshold"
                                }
                            ]
                        }
                    ]
                }
            ]
        },
        {
            "goalCode": "14",
            "targets": [
                {
                    "targetCode": "14.5",
                    "indicators": [
                        {
                            "indicatorCode": "14.5.1",
                            "facts": [
                                {
                                    "seriesCode": "ER_MRN_MARIN",
                                    "seriesTitle": "Coverage of protected areas in relation to marine areas (Exclusive Economic Zones) (%)",
                                    "hub": "2a0cad7f76284e8c978bfcb0fa15cd76",
                                    "slice_dimensions": {},
                                    "text_type": "8",
                                    "fact_text": "In <span class='fact-year'> 2018</span> , <span class='fact-value'> 0.2201</span>  <span class='fact-unit'>% </span> of the marine environment under national jurisdiction (up to 200 nautical miles from shore) was under protection.",
                                    "fact_values": [
                                        "0.2201"
                                    ],
                                    "fact_units": [
                                        "% "
                                    ],
                                    "fact_years": [
                                        "2018"
                                    ],
                                    "data_years": [
                                        "2018"
                                    ],
                                    "data_values": [
                                        "0.2201"
                                    ],
                                    "data_is_censored": [
                                        false
                                    ],
                                    "data_numeric_part": [
                                        0.22
                                    ],
                                    "preferred_visualization": "singleton"
                                }
                            ]
                        }
                    ]
                }
            ]
        },
        {
            "goalCode": "15",
            "targets": [
                {
                    "targetCode": "15.1",
                    "indicators": [
                        {
                            "indicatorCode": "15.1.1",
                            "facts": [
                                {
                                    "seriesCode": "AG_LND_FRST",
                                    "seriesTitle": "Forest area as a proportion of total land area (%)",
                                    "hub": "e23061ce674142b5b33c46ea5e031658",
                                    "slice_dimensions": {},
                                    "text_type": "1",
                                    "fact_text": "Land area covered by forest was <span class='fact-value'>69.23077</span> <span class='fact-unit'>%</span> in <span class='fact-year'>2015</span>.",
                                    "fact_values": [
                                        "69.23077"
                                    ],
                                    "fact_units": [
                                        "%"
                                    ],
                                    "fact_years": [
                                        "2015"
                                    ],
                                    "data_years": [
                                        "2015",
                                        "2010",
                                        "2005",
                                        "2000"
                                    ],
                                    "data_values": [
                                        "69.23077",
                                        "69.23077",
                                        "66.66667",
                                        "66.66667"
                                    ],
                                    "data_is_censored": [
                                        false,
                                        false,
                                        false,
                                        false
                                    ],
                                    "data_numeric_part": [
                                        69.0,
                                        69.0,
                                        67.0,
                                        67.0
                                    ],
                                    "preferred_visualization": "time_series"
                                }
                            ]
                        },
                        {
                            "indicatorCode": "15.1.2",
                            "facts": [
                                {
                                    "seriesCode": "ER_PTD_TERRS",
                                    "seriesTitle": "Average proportion of Terrestrial Key Biodiversity Areas (KBAs) covered by protected areas (%)",
                                    "hub": "c2c0216c53744dd7b5278e398328bc99",
                                    "slice_dimensions": {
                                        "Bounds": "MP"
                                    },
                                    "text_type": "7",
                                    "fact_text": "The average proportion of terrestrial key biodiversity areas (KBAs) covered by protected areas was <span class='fact-value'> 42.83069</span>  <span class='fact-unit'>%</span>  in <span class='fact-year'> 2018</span> .",
                                    "fact_values": [
                                        "42.83069"
                                    ],
                                    "fact_units": [
                                        "%"
                                    ],
                                    "fact_years": [
                                        "2018"
                                    ],
                                    "data_years": [
                                        "2012",
                                        "2005",
                                        "2008",
                                        "2009",
                                        "2011",
                                        "2006",
                                        "2007",
                                        "2010",
                                        "2015",
                                        "2016",
                                        "2013",
                                        "2014",
                                        "2017",
                                        "2018",
                                        "2000",
                                        "2003",
                                        "2004",
                                        "2001",
                                        "2002"
                                    ],
                                    "data_values": [
                                        "42.83069",
                                        "42.83069",
                                        "42.83069",
                                        "42.83069",
                                        "42.83069",
                                        "42.83069",
                                        "42.83069",
                                        "42.83069",
                                        "42.83069",
                                        "42.83069",
                                        "42.83069",
                                        "42.83069",
                                        "42.83069",
                                        "42.83069",
                                        "42.83069",
                                        "42.83069",
                                        "42.83069",
                                        "42.83069",
                                        "42.83069"
                                    ],
                                    "data_is_censored": [
                                        false,
                                        false,
                                        false,
                                        false,
                                        false,
                                        false,
                                        false,
                                        false,
                                        false,
                                        false,
                                        false,
                                        false,
                                        false,
                                        false,
                                        false,
                                        false,
                                        false,
                                        false,
                                        false
                                    ],
                                    "data_numeric_part": [
                                        43.0,
                                        43.0,
                                        43.0,
                                        43.0,
                                        43.0,
                                        43.0,
                                        43.0,
                                        43.0,
                                        43.0,
                                        43.0,
                                        43.0,
                                        43.0,
                                        43.0,
                                        43.0,
                                        43.0,
                                        43.0,
                                        43.0,
                                        43.0,
                                        43.0
                                    ],
                                    "preferred_visualization": "time_series"
                                }
                            ]
                        }
                    ]
                }
            ]
        },
        {
            "goalCode": "16",
            "targets": [
                {
                    "targetCode": "16.1",
                    "indicators": [
                        {
                            "indicatorCode": "16.1.1",
                            "facts": [
                                {
                                    "seriesCode": "VC_IHR_PSRC",
                                    "seriesTitle": "Number of victims of intentional homicide per 100,000 population, by sex (victims per 100,000 population)",
                                    "hub": "b65e89e905a744e5992889ddc27f8fc7",
                                    "slice_dimensions": {},
                                    "text_type": "11",
                                    "fact_text": "In <span class='fact-year'> 2016</span> , the intentional homicide rate was <span class='fact-value'> 36.46</span>  <span class='fact-unit'> per 100,000 population</span> . ",
                                    "fact_values": [
                                        "36.46"
                                    ],
                                    "fact_units": [
                                        " per 100,000 population"
                                    ],
                                    "fact_years": [
                                        "2016"
                                    ],
                                    "data_years": [
                                        "2010",
                                        "2012",
                                        "2016",
                                        "2011"
                                    ],
                                    "data_values": [
                                        "22.87",
                                        "25.61",
                                        "36.46",
                                        "19.21"
                                    ],
                                    "data_is_censored": [
                                        false,
                                        false,
                                        false,
                                        false
                                    ],
                                    "data_numeric_part": [
                                        23.0,
                                        26.0,
                                        36.0,
                                        19.0
                                    ],
                                    "preferred_visualization": "time_series"
                                }
                            ]
                        }
                    ]
                }
            ]
        },
        {
            "goalCode": "17",
            "targets": [
                {
                    "targetCode": "17.3",
                    "indicators": [
                        {
                            "indicatorCode": "17.3.2",
                            "facts": [
                                {
                                    "seriesCode": "BX_TRF_PWKR",
                                    "seriesTitle": "Volume of remittances (in United States dollars) as a proportion of total GDP (%)",
                                    "hub": "68e9ec78abe543889762bbdd36cd3d31",
                                    "slice_dimensions": {},
                                    "text_type": "9",
                                    "fact_text": "In <span class='fact-year'> 2016</span> , the inflow of personal remittances was <span class='fact-value'> 0.21</span>  <span class='fact-unit'>% of GDP</span> .",
                                    "fact_values": [
                                        "0.21"
                                    ],
                                    "fact_units": [
                                        "% of GDP"
                                    ],
                                    "fact_years": [
                                        "2016"
                                    ],
                                    "data_years": [
                                        "2015",
                                        "2016",
                                        "2012",
                                        "2007",
                                        "2013",
                                        "2009",
                                        "2014",
                                        "2010",
                                        "2008",
                                        "2011",
                                        "1990",
                                        "1991",
                                        "1994",
                                        "1995",
                                        "1992",
                                        "1993",
                                        "2003",
                                        "2001",
                                        "2002",
                                        "2005",
                                        "2006",
                                        "2004",
                                        "1997",
                                        "1998",
                                        "1996",
                                        "2000",
                                        "1999"
                                    ],
                                    "data_values": [
                                        "5.52",
                                        "0.21",
                                        "4.49",
                                        "4.43",
                                        "4.38",
                                        "4.31",
                                        "6.00",
                                        "4.27",
                                        "3.85",
                                        "4.32",
                                        "6.50",
                                        "0.96",
                                        "5.87",
                                        "4.90",
                                        "0.73",
                                        "6.07",
                                        "4.30",
                                        "4.52",
                                        "4.42",
                                        "4.07",
                                        "4.18",
                                        "4.11",
                                        "4.94",
                                        "4.83",
                                        "5.01",
                                        "4.87",
                                        "4.75"
                                    ],
                                    "data_is_censored": [
                                        false,
                                        false,
                                        false,
                                        false,
                                        false,
                                        false,
                                        false,
                                        false,
                                        false,
                                        false,
                                        false,
                                        false,
                                        false,
                                        false,
                                        false,
                                        false,
                                        false,
                                        false,
                                        false,
                                        false,
                                        false,
                                        false,
                                        false,
                                        false,
                                        false,
                                        false,
                                        false
                                    ],
                                    "data_numeric_part": [
                                        5.5,
                                        0.21,
                                        4.5,
                                        4.4,
                                        4.4,
                                        4.3,
                                        6.0,
                                        4.3,
                                        3.9,
                                        4.3,
                                        6.5,
                                        0.96,
                                        5.9,
                                        4.9,
                                        0.73,
                                        6.1,
                                        4.3,
                                        4.5,
                                        4.4,
                                        4.1,
                                        4.2,
                                        4.1,
                                        4.9,
                                        4.8,
                                        5.0,
                                        4.9,
                                        4.8
                                    ],
                                    "preferred_visualization": "time_series"
                                }
                            ]
                        }
                    ]
                },
                {
                    "targetCode": "17.4",
                    "indicators": [
                        {
                            "indicatorCode": "17.4.1",
                            "facts": [
                                {
                                    "seriesCode": "DT_TDS_DECT",
                                    "seriesTitle": "Debt service as a proportion of exports of goods and services (%)",
                                    "hub": "f16a0c0c54504a84bd7296f42375d73e",
                                    "slice_dimensions": {},
                                    "text_type": "1",
                                    "fact_text": "Debt service as a proportion of exports of goods and services increased from <span class='fact-value'>3.14</span> <span class='fact-unit'>%</span> in <span class='fact-year'>1990</span> to <span class='fact-value'>10.93%</span>  in  <span class='fact-year'>2016</span>.",
                                    "fact_values": [
                                        "3.14",
                                        "10.93"
                                    ],
                                    "fact_units": [
                                        "%",
                                        "%"
                                    ],
                                    "fact_years": [
                                        "1990",
                                        "2016"
                                    ],
                                    "data_years": [
                                        "2002",
                                        "2015",
                                        "2016",
                                        "1992",
                                        "2013",
                                        "2014",
                                        "1993",
                                        "1990",
                                        "2001",
                                        "1991",
                                        "2000",
                                        "2004",
                                        "1997",
                                        "2007",
                                        "1996",
                                        "2008",
                                        "1998",
                                        "2005",
                                        "2006",
                                        "2011",
                                        "2003",
                                        "2012",
                                        "1994",
                                        "2009",
                                        "1995",
                                        "2010",
                                        "1999"
                                    ],
                                    "data_values": [
                                        "6.51",
                                        "11.99",
                                        "10.93",
                                        "4.13",
                                        "15.66",
                                        "10.91",
                                        "6.31",
                                        "3.14",
                                        "6.72",
                                        "4.05",
                                        "6.15",
                                        "10.20",
                                        "6.55",
                                        "12.32",
                                        "5.48",
                                        "13.94",
                                        "6.24",
                                        "11.32",
                                        "14.78",
                                        "18.25",
                                        "7.80",
                                        "18.07",
                                        "6.23",
                                        "17.55",
                                        "5.10",
                                        "18.52",
                                        "6.98"
                                    ],
                                    "data_is_censored": [
                                        false,
                                        false,
                                        false,
                                        false,
                                        false,
                                        false,
                                        false,
                                        false,
                                        false,
                                        false,
                                        false,
                                        false,
                                        false,
                                        false,
                                        false,
                                        false,
                                        false,
                                        false,
                                        false,
                                        false,
                                        false,
                                        false,
                                        false,
                                        false,
                                        false,
                                        false,
                                        false
                                    ],
                                    "data_numeric_part": [
                                        6.5,
                                        12.0,
                                        11.0,
                                        4.1,
                                        16.0,
                                        11.0,
                                        6.3,
                                        3.1,
                                        6.7,
                                        4.1,
                                        6.2,
                                        10.0,
                                        6.6,
                                        12.0,
                                        5.5,
                                        14.0,
                                        6.2,
                                        11.0,
                                        15.0,
                                        18.0,
                                        7.8,
                                        18.0,
                                        6.2,
                                        18.0,
                                        5.1,
                                        19.0,
                                        7.0
                                    ],
                                    "preferred_visualization": "time_series"
                                }
                            ]
                        }
                    ]
                },
                {
                    "targetCode": "17.6",
                    "indicators": [
                        {
                            "indicatorCode": "17.6.2",
                            "facts": [
                                {
                                    "seriesCode": "IT_NET_BBP",
                                    "seriesTitle": "Fixed Internet broadband subscriptions per 100\u00a0inhabitants, by speed (per 100 inhabitants)",
                                    "hub": "f59cf3f8a0ec41a2b601a28682e6f2c8",
                                    "slice_dimensions": {
                                        "Type of speed": "ANYS"
                                    },
                                    "text_type": "15",
                                    "fact_text": "In <span class='fact-year'> 2017</span> , fixed-broadband internet penetration reached <span class='fact-value'> 22.00</span>  <span class='fact-unit'>% of the population</span> , up from 0.08% of the population in <span class='fact-year'> 2001</span> .",
                                    "fact_values": [
                                        "0.08",
                                        "22.00"
                                    ],
                                    "fact_units": [
                                        "% of the population",
                                        "% of the population"
                                    ],
                                    "fact_years": [
                                        "2001",
                                        "2017"
                                    ],
                                    "data_years": [
                                        "2008",
                                        "2009",
                                        "2010",
                                        "2004",
                                        "2005",
                                        "2007",
                                        "2006",
                                        "2015",
                                        "2016",
                                        "2017",
                                        "2014",
                                        "2011",
                                        "2012",
                                        "2013",
                                        "2001",
                                        "2002",
                                        "2003"
                                    ],
                                    "data_values": [
                                        "8.58",
                                        "10.53",
                                        "11.44",
                                        "1.22",
                                        "3.35",
                                        "7.31",
                                        "5.16",
                                        "15.49",
                                        "19.94",
                                        "22.00",
                                        "13.46",
                                        "12.12",
                                        "12.45",
                                        "13.36",
                                        "0.08",
                                        "1.00",
                                        "1.06"
                                    ],
                                    "data_is_censored": [
                                        false,
                                        false,
                                        false,
                                        false,
                                        false,
                                        false,
                                        false,
                                        false,
                                        false,
                                        false,
                                        false,
                                        false,
                                        false,
                                        false,
                                        false,
                                        false,
                                        false
                                    ],
                                    "data_numeric_part": [
                                        8.6,
                                        11.0,
                                        11.0,
                                        1.2,
                                        3.4,
                                        7.3,
                                        5.2,
                                        15.0,
                                        20.0,
                                        22.0,
                                        13.0,
                                        12.0,
                                        12.0,
                                        13.0,
                                        0.08,
                                        1.0,
                                        1.1
                                    ],
                                    "preferred_visualization": "time_series"
                                }
                            ]
                        }
                    ]
                }
            ]
        }
    ]
}