{
    "release": "2019.Q1.G.02",
    "country_code": "796",
    "country_name": "Turks and Caicos Islands",
    "X": "-71.745121",
    "Y": "21.80780585",
    "goals": [
        {
            "goalCode": "7",
            "targets": [
                {
                    "targetCode": "7.1",
                    "indicators": [
                        {
                            "indicatorCode": "7.1.1",
                            "facts": [
                                {
                                    "seriesCode": "EG_ELC_ACCS",
                                    "seriesTitle": "Proportion of population with access to electricity, by urban/rural (%)",
                                    "hub": "81cf3e70351c4895828a2486efa2142c",
                                    "slice_dimensions": {
                                        "Location": "ALLAREA"
                                    },
                                    "text_type": "1",
                                    "fact_text": "The proportion of the population with access to electricity was <span class='fact-value'>95.70</span> <span class='fact-unit'>%</span> in <span class='fact-year'>2016</span>.",
                                    "fact_values": [
                                        "95.70"
                                    ],
                                    "fact_units": [
                                        "%"
                                    ],
                                    "fact_years": [
                                        "2016"
                                    ],
                                    "data_years": [
                                        "2006",
                                        "2005",
                                        "2004",
                                        "2001",
                                        "2000",
                                        "2003",
                                        "2002",
                                        "2011",
                                        "2014",
                                        "2015",
                                        "2012",
                                        "2013",
                                        "2016",
                                        "2008",
                                        "2007",
                                        "2010",
                                        "2009"
                                    ],
                                    "data_values": [
                                        "93.38",
                                        "93.24",
                                        "93.11",
                                        "92.72",
                                        "95.60",
                                        "92.98",
                                        "92.86",
                                        "94.39",
                                        "95.16",
                                        "95.43",
                                        "93.10",
                                        "94.90",
                                        "95.70",
                                        "93.73",
                                        "93.54",
                                        "94.15",
                                        "93.93"
                                    ],
                                    "data_is_censored": [
                                        false,
                                        false,
                                        false,
                                        false,
                                        false,
                                        false,
                                        false,
                                        false,
                                        false,
                                        false,
                                        false,
                                        false,
                                        false,
                                        false,
                                        false,
                                        false,
                                        false
                                    ],
                                    "data_numeric_part": [
                                        93.0,
                                        93.0,
                                        93.0,
                                        93.0,
                                        96.0,
                                        93.0,
                                        93.0,
                                        94.0,
                                        95.0,
                                        95.0,
                                        93.0,
                                        95.0,
                                        96.0,
                                        94.0,
                                        94.0,
                                        94.0,
                                        94.0
                                    ],
                                    "preferred_visualization": "time_series"
                                }
                            ]
                        }
                    ]
                }
            ]
        },
        {
            "goalCode": "8",
            "targets": [
                {
                    "targetCode": "8.1",
                    "indicators": [
                        {
                            "indicatorCode": "8.1.1",
                            "facts": [
                                {
                                    "seriesCode": "NY_GDP_PCAP",
                                    "seriesTitle": "Annual growth rate of real GDP per capita (%)",
                                    "hub": "3cb997d2497148e68dca6787fcb84ca5",
                                    "slice_dimensions": {},
                                    "text_type": "1",
                                    "fact_text": "The annual growth rate of real gross domestic product (GDP) per capita increased from <span class='fact-value'>-0.71</span> <span class='fact-unit'>%</span> in <span class='fact-year'>2000</span> to <span class='fact-value'>2.67%</span>  in  <span class='fact-year'>2017</span>.",
                                    "fact_values": [
                                        "-0.71",
                                        "2.67"
                                    ],
                                    "fact_units": [
                                        "%",
                                        "%"
                                    ],
                                    "fact_years": [
                                        "2000",
                                        "2017"
                                    ],
                                    "data_years": [
                                        "2006",
                                        "2005",
                                        "2004",
                                        "2003",
                                        "2001",
                                        "2000",
                                        "2002",
                                        "2007",
                                        "2008",
                                        "2015",
                                        "2014",
                                        "2013",
                                        "2016",
                                        "2012",
                                        "2011",
                                        "2010",
                                        "2009",
                                        "2017"
                                    ],
                                    "data_values": [
                                        "12.80",
                                        "8.23",
                                        "4.20",
                                        "1.55",
                                        "0.09",
                                        "-0.71",
                                        "-6.08",
                                        "1.96",
                                        "5.18",
                                        "4.09",
                                        "4.71",
                                        "-0.71",
                                        "2.72",
                                        "-4.64",
                                        "2.19",
                                        "-1.46",
                                        "-21.58",
                                        "2.67"
                                    ],
                                    "data_is_censored": [
                                        false,
                                        false,
                                        false,
                                        false,
                                        false,
                                        false,
                                        false,
                                        false,
                                        false,
                                        false,
                                        false,
                                        false,
                                        false,
                                        false,
                                        false,
                                        false,
                                        false,
                                        false
                                    ],
                                    "data_numeric_part": [
                                        13.0,
                                        8.2,
                                        4.2,
                                        1.6,
                                        0.09,
                                        -0.71,
                                        -6.08,
                                        2.0,
                                        5.2,
                                        4.1,
                                        4.7,
                                        -0.71,
                                        2.7,
                                        -4.64,
                                        2.2,
                                        -1.46,
                                        -21.58,
                                        2.7
                                    ],
                                    "preferred_visualization": "time_series"
                                }
                            ]
                        }
                    ]
                }
            ]
        },
        {
            "goalCode": "9",
            "targets": [
                {
                    "targetCode": "9.c",
                    "indicators": [
                        {
                            "indicatorCode": "9.c.1",
                            "facts": [
                                {
                                    "seriesCode": "IT_MOB_NTWK",
                                    "seriesTitle": "Proportion of population covered by a mobile network, by technology (%)",
                                    "hub": "8943ce6f81b44120b6124fedb3b094d8",
                                    "slice_dimensions": {
                                        "Type of mobile technology": "AL2G"
                                    },
                                    "text_type": "2",
                                    "fact_text": "In <span class='fact-year'>2015</span>, <span class='fact-value'>98.00</span> <span class='fact-unit'>% </span> of the population was in range of at least a second-generation (2G) cellular signal",
                                    "fact_values": [
                                        "98.00"
                                    ],
                                    "fact_units": [
                                        "% "
                                    ],
                                    "fact_years": [
                                        "2015"
                                    ],
                                    "data_years": [
                                        "2015"
                                    ],
                                    "data_values": [
                                        "98.00"
                                    ],
                                    "data_is_censored": [
                                        false
                                    ],
                                    "data_numeric_part": [
                                        98.0
                                    ],
                                    "preferred_visualization": "singleton"
                                }
                            ]
                        }
                    ]
                }
            ]
        },
        {
            "goalCode": "14",
            "targets": [
                {
                    "targetCode": "14.5",
                    "indicators": [
                        {
                            "indicatorCode": "14.5.1",
                            "facts": [
                                {
                                    "seriesCode": "ER_MRN_MARIN",
                                    "seriesTitle": "Coverage of protected areas in relation to marine areas (Exclusive Economic Zones) (%)",
                                    "hub": "2a0cad7f76284e8c978bfcb0fa15cd76",
                                    "slice_dimensions": {},
                                    "text_type": "8",
                                    "fact_text": "In <span class='fact-year'> 2018</span> , <span class='fact-value'> 0.09713</span>  <span class='fact-unit'>% </span> of the marine environment under national jurisdiction (up to 200 nautical miles from shore) was under protection.",
                                    "fact_values": [
                                        "0.09713"
                                    ],
                                    "fact_units": [
                                        "% "
                                    ],
                                    "fact_years": [
                                        "2018"
                                    ],
                                    "data_years": [
                                        "2018"
                                    ],
                                    "data_values": [
                                        "0.09713"
                                    ],
                                    "data_is_censored": [
                                        false
                                    ],
                                    "data_numeric_part": [
                                        0.1
                                    ],
                                    "preferred_visualization": "singleton"
                                }
                            ]
                        }
                    ]
                }
            ]
        },
        {
            "goalCode": "15",
            "targets": [
                {
                    "targetCode": "15.1",
                    "indicators": [
                        {
                            "indicatorCode": "15.1.1",
                            "facts": [
                                {
                                    "seriesCode": "AG_LND_FRST",
                                    "seriesTitle": "Forest area as a proportion of total land area (%)",
                                    "hub": "e23061ce674142b5b33c46ea5e031658",
                                    "slice_dimensions": {},
                                    "text_type": "1",
                                    "fact_text": "Land area covered by forest was <span class='fact-value'>36.21053</span> <span class='fact-unit'>%</span> in <span class='fact-year'>2015</span>.",
                                    "fact_values": [
                                        "36.21053"
                                    ],
                                    "fact_units": [
                                        "%"
                                    ],
                                    "fact_years": [
                                        "2015"
                                    ],
                                    "data_years": [
                                        "2015",
                                        "2010",
                                        "2005",
                                        "2000"
                                    ],
                                    "data_values": [
                                        "36.21053",
                                        "36.21053",
                                        "36.21053",
                                        "36.21053"
                                    ],
                                    "data_is_censored": [
                                        false,
                                        false,
                                        false,
                                        false
                                    ],
                                    "data_numeric_part": [
                                        36.0,
                                        36.0,
                                        36.0,
                                        36.0
                                    ],
                                    "preferred_visualization": "time_series"
                                }
                            ]
                        },
                        {
                            "indicatorCode": "15.1.2",
                            "facts": [
                                {
                                    "seriesCode": "ER_PTD_TERRS",
                                    "seriesTitle": "Average proportion of Terrestrial Key Biodiversity Areas (KBAs) covered by protected areas (%)",
                                    "hub": "c2c0216c53744dd7b5278e398328bc99",
                                    "slice_dimensions": {
                                        "Bounds": "MP"
                                    },
                                    "text_type": "7",
                                    "fact_text": "The average proportion of terrestrial key biodiversity areas (KBAs) covered by protected areas was <span class='fact-value'> 27.9558</span>  <span class='fact-unit'>%</span>  in <span class='fact-year'> 2018</span> .",
                                    "fact_values": [
                                        "27.9558"
                                    ],
                                    "fact_units": [
                                        "%"
                                    ],
                                    "fact_years": [
                                        "2018"
                                    ],
                                    "data_years": [
                                        "2017",
                                        "2016",
                                        "2018",
                                        "2013",
                                        "2012",
                                        "2015",
                                        "2014",
                                        "2002",
                                        "2001",
                                        "2004",
                                        "2003",
                                        "2000",
                                        "2009",
                                        "2010",
                                        "2011",
                                        "2008",
                                        "2006",
                                        "2005",
                                        "2007"
                                    ],
                                    "data_values": [
                                        "27.9558",
                                        "27.9558",
                                        "27.9558",
                                        "27.9558",
                                        "27.9558",
                                        "27.9558",
                                        "27.9558",
                                        "27.9558",
                                        "27.9558",
                                        "27.9558",
                                        "27.9558",
                                        "27.9558",
                                        "27.9558",
                                        "27.9558",
                                        "27.9558",
                                        "27.9558",
                                        "27.9558",
                                        "27.9558",
                                        "27.9558"
                                    ],
                                    "data_is_censored": [
                                        false,
                                        false,
                                        false,
                                        false,
                                        false,
                                        false,
                                        false,
                                        false,
                                        false,
                                        false,
                                        false,
                                        false,
                                        false,
                                        false,
                                        false,
                                        false,
                                        false,
                                        false,
                                        false
                                    ],
                                    "data_numeric_part": [
                                        28.0,
                                        28.0,
                                        28.0,
                                        28.0,
                                        28.0,
                                        28.0,
                                        28.0,
                                        28.0,
                                        28.0,
                                        28.0,
                                        28.0,
                                        28.0,
                                        28.0,
                                        28.0,
                                        28.0,
                                        28.0,
                                        28.0,
                                        28.0,
                                        28.0
                                    ],
                                    "preferred_visualization": "time_series"
                                }
                            ]
                        }
                    ]
                }
            ]
        },
        {
            "goalCode": "16",
            "targets": [
                {
                    "targetCode": "16.1",
                    "indicators": [
                        {
                            "indicatorCode": "16.1.1",
                            "facts": [
                                {
                                    "seriesCode": "VC_IHR_PSRC",
                                    "seriesTitle": "Number of victims of intentional homicide per 100,000 population, by sex (victims per 100,000 population)",
                                    "hub": "b65e89e905a744e5992889ddc27f8fc7",
                                    "slice_dimensions": {},
                                    "text_type": "11",
                                    "fact_text": "In <span class='fact-year'> 2014</span> , the intentional homicide rate was <span class='fact-value'> 5.93</span>  <span class='fact-unit'> per 100,000 population</span> . ",
                                    "fact_values": [
                                        "5.93"
                                    ],
                                    "fact_units": [
                                        " per 100,000 population"
                                    ],
                                    "fact_years": [
                                        "2014"
                                    ],
                                    "data_years": [
                                        "2014",
                                        "2013"
                                    ],
                                    "data_values": [
                                        "5.93",
                                        "12.08"
                                    ],
                                    "data_is_censored": [
                                        false,
                                        false
                                    ],
                                    "data_numeric_part": [
                                        5.9,
                                        12.0
                                    ],
                                    "preferred_visualization": "singleton"
                                }
                            ]
                        }
                    ]
                }
            ]
        }
    ]
}