{
    "release": "2019.Q1.G.02",
    "country_code": "434",
    "country_name": "Libya",
    "X": "18.0295985",
    "Y": "27.04042819",
    "goals": [
        {
            "goalCode": "2",
            "targets": [
                {
                    "targetCode": "2.2",
                    "indicators": [
                        {
                            "indicatorCode": "2.2.1",
                            "facts": [
                                {
                                    "seriesCode": "SH_STA_STUNT",
                                    "seriesTitle": "Proportion of children moderately or severely stunted (%)",
                                    "hub": "8c0866ad73ae486ba647f5490fed5529",
                                    "slice_dimensions": {
                                        "Age": "<5Y",
                                        "Bounds": "MP"
                                    },
                                    "text_type": "2",
                                    "fact_text": "In <span class='fact-year'>2007</span>, <span class='fact-value'>21.0</span> <span class='fact-unit'>% </span> of children under age 5 had stunted growth",
                                    "fact_values": [
                                        "21.0"
                                    ],
                                    "fact_units": [
                                        "% "
                                    ],
                                    "fact_years": [
                                        "2007"
                                    ],
                                    "data_years": [
                                        "2007"
                                    ],
                                    "data_values": [
                                        "21.0"
                                    ],
                                    "data_is_censored": [
                                        false
                                    ],
                                    "data_numeric_part": [
                                        21.0
                                    ],
                                    "preferred_visualization": "singleton"
                                }
                            ]
                        },
                        {
                            "indicatorCode": "2.2.2",
                            "facts": [
                                {
                                    "seriesCode": "SH_STA_OVRWGT",
                                    "seriesTitle": "Proportion of children moderately or severely overweight (%)",
                                    "hub": "a012070afbd3486d9c0596352b9698d6",
                                    "slice_dimensions": {
                                        "Age": "<5Y",
                                        "Bounds": "MP"
                                    },
                                    "text_type": "1",
                                    "fact_text": "The share of overweight children under age 5 was <span class='fact-value'>22.4</span> <span class='fact-unit'>%</span> in <span class='fact-year'>2007</span>.",
                                    "fact_values": [
                                        "22.4"
                                    ],
                                    "fact_units": [
                                        "%"
                                    ],
                                    "fact_years": [
                                        "2007"
                                    ],
                                    "data_years": [
                                        "2007"
                                    ],
                                    "data_values": [
                                        "22.4"
                                    ],
                                    "data_is_censored": [
                                        false
                                    ],
                                    "data_numeric_part": [
                                        22.0
                                    ],
                                    "preferred_visualization": "singleton"
                                }
                            ]
                        }
                    ]
                }
            ]
        },
        {
            "goalCode": "3",
            "targets": [
                {
                    "targetCode": "3.1",
                    "indicators": [
                        {
                            "indicatorCode": "3.1.1",
                            "facts": [
                                {
                                    "seriesCode": "SH_STA_MMR",
                                    "seriesTitle": "Maternal mortality ratio",
                                    "hub": "0c846dfa5bab411c9a1a21ae40dd0232",
                                    "slice_dimensions": {
                                        "Bounds": "MP"
                                    },
                                    "text_type": "14",
                                    "fact_text": "The maternal mortality ratio decreased from <span class='fact-value'>39</span>  <span class='fact-unit'> per 100,000 live births</span>  in <span class='fact-year'> 1990</span>  to <span class='fact-value'> 9</span>  <span class='fact-unit'> per 100,000 live births</span>  in <span class='fact-year'> 2015</span> .",
                                    "fact_values": [
                                        "39",
                                        "9"
                                    ],
                                    "fact_units": [
                                        " per 100,000 live births",
                                        " per 100,000 live births"
                                    ],
                                    "fact_years": [
                                        "1990",
                                        "2015"
                                    ],
                                    "data_years": [
                                        "2004",
                                        "2003",
                                        "2002",
                                        "2001",
                                        "2005",
                                        "2009",
                                        "2008",
                                        "2007",
                                        "2006",
                                        "2000",
                                        "1995",
                                        "1994",
                                        "1993",
                                        "1992",
                                        "1996",
                                        "1999",
                                        "1998",
                                        "1997",
                                        "2013",
                                        "2012",
                                        "2011",
                                        "2010",
                                        "2014",
                                        "2015",
                                        "1991",
                                        "1990"
                                    ],
                                    "data_values": [
                                        "12",
                                        "13",
                                        "14",
                                        "16",
                                        "11",
                                        "9",
                                        "9",
                                        "9",
                                        "10",
                                        "17",
                                        "25",
                                        "27",
                                        "29",
                                        "32",
                                        "23",
                                        "18",
                                        "20",
                                        "21",
                                        "9",
                                        "9",
                                        "9",
                                        "9",
                                        "9",
                                        "9",
                                        "35",
                                        "39"
                                    ],
                                    "data_is_censored": [
                                        false,
                                        false,
                                        false,
                                        false,
                                        false,
                                        false,
                                        false,
                                        false,
                                        false,
                                        false,
                                        false,
                                        false,
                                        false,
                                        false,
                                        false,
                                        false,
                                        false,
                                        false,
                                        false,
                                        false,
                                        false,
                                        false,
                                        false,
                                        false,
                                        false,
                                        false
                                    ],
                                    "data_numeric_part": [
                                        12.0,
                                        13.0,
                                        14.0,
                                        16.0,
                                        11.0,
                                        9.0,
                                        9.0,
                                        9.0,
                                        10.0,
                                        17.0,
                                        25.0,
                                        27.0,
                                        29.0,
                                        32.0,
                                        23.0,
                                        18.0,
                                        20.0,
                                        21.0,
                                        9.0,
                                        9.0,
                                        9.0,
                                        9.0,
                                        9.0,
                                        9.0,
                                        35.0,
                                        39.0
                                    ],
                                    "preferred_visualization": "time_series"
                                }
                            ]
                        }
                    ]
                },
                {
                    "targetCode": "3.2",
                    "indicators": [
                        {
                            "indicatorCode": "3.2.1",
                            "facts": [
                                {
                                    "seriesCode": "SH_DYN_MORT",
                                    "seriesTitle": "Under-five mortality rate, by sex (deaths per 1,000 live births)",
                                    "hub": "216c7516b9444f289e8f7910c8726e9f",
                                    "slice_dimensions": {
                                        "Age": "<5Y",
                                        "Sex": "BOTHSEX"
                                    },
                                    "text_type": "1",
                                    "fact_text": "The mortality rate of children under age 5 fell from <span class='fact-value'>28.1</span> <span class='fact-unit'> per 1,000 live births</span> in <span class='fact-year'>2000</span> to <span class='fact-value'>12.4 per 1,000 live births</span>  in  <span class='fact-year'>2017</span>.",
                                    "fact_values": [
                                        "28.1",
                                        "12.4"
                                    ],
                                    "fact_units": [
                                        " per 1,000 live births",
                                        " per 1,000 live births"
                                    ],
                                    "fact_years": [
                                        "2000",
                                        "2017"
                                    ],
                                    "data_years": [
                                        "2005",
                                        "2008",
                                        "2007",
                                        "2006",
                                        "2001",
                                        "2002",
                                        "2000",
                                        "2004",
                                        "2003",
                                        "2016",
                                        "2014",
                                        "2015",
                                        "2017",
                                        "2010",
                                        "2009",
                                        "2013",
                                        "2011",
                                        "2012"
                                    ],
                                    "data_values": [
                                        "23.1",
                                        "18.8",
                                        "20.2",
                                        "21.7",
                                        "27.3",
                                        "26.4",
                                        "28.1",
                                        "24.4",
                                        "25.5",
                                        "12.8",
                                        "13.8",
                                        "13.3",
                                        "12.4",
                                        "16.6",
                                        "17.6",
                                        "14.4",
                                        "17.6",
                                        "15"
                                    ],
                                    "data_is_censored": [
                                        false,
                                        false,
                                        false,
                                        false,
                                        false,
                                        false,
                                        false,
                                        false,
                                        false,
                                        false,
                                        false,
                                        false,
                                        false,
                                        false,
                                        false,
                                        false,
                                        false,
                                        false
                                    ],
                                    "data_numeric_part": [
                                        23.0,
                                        19.0,
                                        20.0,
                                        22.0,
                                        27.0,
                                        26.0,
                                        28.0,
                                        24.0,
                                        26.0,
                                        13.0,
                                        14.0,
                                        13.0,
                                        12.0,
                                        17.0,
                                        18.0,
                                        14.0,
                                        18.0,
                                        15.0
                                    ],
                                    "preferred_visualization": "time_series"
                                }
                            ]
                        }
                    ]
                },
                {
                    "targetCode": "3.4",
                    "indicators": [
                        {
                            "indicatorCode": "3.4.1",
                            "facts": [
                                {
                                    "seriesCode": "SH_DTH_NCOM",
                                    "seriesTitle": "Mortality rate attributed to cardiovascular disease, cancer, diabetes or chronic respiratory disease (probability)",
                                    "hub": "512b7b1d05a14b90853ea5ca1d003b1b",
                                    "slice_dimensions": {
                                        "Age": "30-70",
                                        "Sex": "BOTHSEX"
                                    },
                                    "text_type": "1",
                                    "fact_text": "The risk of dying between the ages of 30 and 70 from one of four main non-communicable diseases (NCDs) - cardiovascular disease, cancer, diabetes or chronic respiratory disease - fell from <span class='fact-value'>22.7</span> <span class='fact-unit'>%</span> in <span class='fact-year'>2000</span> to <span class='fact-value'>20.1%</span>  in  <span class='fact-year'>2016</span>.",
                                    "fact_values": [
                                        "22.7",
                                        "20.1"
                                    ],
                                    "fact_units": [
                                        "%",
                                        "%"
                                    ],
                                    "fact_years": [
                                        "2000",
                                        "2016"
                                    ],
                                    "data_years": [
                                        "2016",
                                        "2000",
                                        "2005",
                                        "2010",
                                        "2015"
                                    ],
                                    "data_values": [
                                        "20.1",
                                        "22.7",
                                        "21.9",
                                        "20.7",
                                        "19.7"
                                    ],
                                    "data_is_censored": [
                                        false,
                                        false,
                                        false,
                                        false,
                                        false
                                    ],
                                    "data_numeric_part": [
                                        20.0,
                                        23.0,
                                        22.0,
                                        21.0,
                                        20.0
                                    ],
                                    "preferred_visualization": "time_series"
                                }
                            ]
                        }
                    ]
                }
            ]
        },
        {
            "goalCode": "5",
            "targets": [
                {
                    "targetCode": "5.5",
                    "indicators": [
                        {
                            "indicatorCode": "5.5.1",
                            "facts": [
                                {
                                    "seriesCode": "SG_GEN_PARL",
                                    "seriesTitle": "Proportion of seats held by women in national parliaments (% of total number of seats)",
                                    "hub": "337524c727bd498c8726f9f6bc6512e1",
                                    "slice_dimensions": {
                                        "Sex": "FEMALE"
                                    },
                                    "text_type": "1",
                                    "fact_text": "The proportion of seats held by women in single or lower houses of parliament increased from <span class='fact-value'>4.7368</span> <span class='fact-unit'>%</span> in <span class='fact-year'>2006</span> to <span class='fact-value'>15.9574%</span>  in  <span class='fact-year'>2018</span>.",
                                    "fact_values": [
                                        "4.7368",
                                        "15.9574"
                                    ],
                                    "fact_units": [
                                        "%",
                                        "%"
                                    ],
                                    "fact_years": [
                                        "2006",
                                        "2018"
                                    ],
                                    "data_years": [
                                        "2013",
                                        "2016",
                                        "2018",
                                        "2017",
                                        "2014",
                                        "2015",
                                        "2010",
                                        "2012",
                                        "2011",
                                        "2007",
                                        "2006",
                                        "2009",
                                        "2008"
                                    ],
                                    "data_values": [
                                        "16.5",
                                        "15.9574",
                                        "15.9574",
                                        "15.9574",
                                        "16.5",
                                        "15.9574",
                                        "7.6923",
                                        "7.6923",
                                        "7.6923",
                                        "7.6923",
                                        "4.7368",
                                        "7.6923",
                                        "7.6923"
                                    ],
                                    "data_is_censored": [
                                        false,
                                        false,
                                        false,
                                        false,
                                        false,
                                        false,
                                        false,
                                        false,
                                        false,
                                        false,
                                        false,
                                        false,
                                        false
                                    ],
                                    "data_numeric_part": [
                                        17.0,
                                        16.0,
                                        16.0,
                                        16.0,
                                        17.0,
                                        16.0,
                                        7.7,
                                        7.7,
                                        7.7,
                                        7.7,
                                        4.7,
                                        7.7,
                                        7.7
                                    ],
                                    "preferred_visualization": "time_series"
                                }
                            ]
                        }
                    ]
                }
            ]
        },
        {
            "goalCode": "6",
            "targets": [
                {
                    "targetCode": "6.2",
                    "indicators": [
                        {
                            "indicatorCode": "6.2.1",
                            "facts": [
                                {
                                    "seriesCode": "SH_SAN_SAFE",
                                    "seriesTitle": "Proportion of population using safely managed sanitation services, by urban/rural (%)",
                                    "hub": "28a9a3072fd940aa9fb0f983d25ef65f",
                                    "slice_dimensions": {
                                        "Location": "ALLAREA"
                                    },
                                    "text_type": "2",
                                    "fact_text": "In <span class='fact-year'>2015</span>, <span class='fact-value'>26.25254</span> <span class='fact-unit'>% </span> of the population used a \"safely managed\" sanitation service - a basic facility that safely disposes of human waste",
                                    "fact_values": [
                                        "26.25254"
                                    ],
                                    "fact_units": [
                                        "% "
                                    ],
                                    "fact_years": [
                                        "2015"
                                    ],
                                    "data_years": [
                                        "2009",
                                        "2004",
                                        "2001",
                                        "2003",
                                        "2014",
                                        "2013",
                                        "2015",
                                        "2005",
                                        "2008",
                                        "2006",
                                        "2010",
                                        "2007",
                                        "2000",
                                        "2002",
                                        "2011",
                                        "2012"
                                    ],
                                    "data_values": [
                                        "27.64092",
                                        "28.5665",
                                        "28.5665",
                                        "28.5665",
                                        "26.48394",
                                        "26.71534",
                                        "26.25254",
                                        "28.5665",
                                        "27.87231",
                                        "28.33511",
                                        "27.40952",
                                        "28.10371",
                                        "28.5665",
                                        "28.5665",
                                        "27.17813",
                                        "26.94673"
                                    ],
                                    "data_is_censored": [
                                        false,
                                        false,
                                        false,
                                        false,
                                        false,
                                        false,
                                        false,
                                        false,
                                        false,
                                        false,
                                        false,
                                        false,
                                        false,
                                        false,
                                        false,
                                        false
                                    ],
                                    "data_numeric_part": [
                                        28.0,
                                        29.0,
                                        29.0,
                                        29.0,
                                        26.0,
                                        27.0,
                                        26.0,
                                        29.0,
                                        28.0,
                                        28.0,
                                        27.0,
                                        28.0,
                                        29.0,
                                        29.0,
                                        27.0,
                                        27.0
                                    ],
                                    "preferred_visualization": "time_series"
                                }
                            ]
                        }
                    ]
                }
            ]
        },
        {
            "goalCode": "7",
            "targets": [
                {
                    "targetCode": "7.1",
                    "indicators": [
                        {
                            "indicatorCode": "7.1.1",
                            "facts": [
                                {
                                    "seriesCode": "EG_ELC_ACCS",
                                    "seriesTitle": "Proportion of population with access to electricity, by urban/rural (%)",
                                    "hub": "81cf3e70351c4895828a2486efa2142c",
                                    "slice_dimensions": {
                                        "Location": "ALLAREA"
                                    },
                                    "text_type": "1",
                                    "fact_text": "The proportion of the population with access to electricity was <span class='fact-value'>98.54</span> <span class='fact-unit'>%</span> in <span class='fact-year'>2016</span>.",
                                    "fact_values": [
                                        "98.54"
                                    ],
                                    "fact_units": [
                                        "%"
                                    ],
                                    "fact_years": [
                                        "2016"
                                    ],
                                    "data_years": [
                                        "2004",
                                        "2006",
                                        "2005",
                                        "2000",
                                        "2001",
                                        "2003",
                                        "2002",
                                        "2014",
                                        "2015",
                                        "2012",
                                        "2013",
                                        "2016",
                                        "2008",
                                        "2007",
                                        "2011",
                                        "2009",
                                        "2010"
                                    ],
                                    "data_values": [
                                        "99.07",
                                        "98.82",
                                        "98.94",
                                        "99.80",
                                        "99.46",
                                        "99.20",
                                        "99.34",
                                        "98.52",
                                        "98.53",
                                        "98.52",
                                        "98.52",
                                        "98.54",
                                        "98.64",
                                        "98.72",
                                        "98.53",
                                        "98.59",
                                        "98.55"
                                    ],
                                    "data_is_censored": [
                                        false,
                                        false,
                                        false,
                                        false,
                                        false,
                                        false,
                                        false,
                                        false,
                                        false,
                                        false,
                                        false,
                                        false,
                                        false,
                                        false,
                                        false,
                                        false,
                                        false
                                    ],
                                    "data_numeric_part": [
                                        99.0,
                                        99.0,
                                        99.0,
                                        100.0,
                                        99.0,
                                        99.0,
                                        99.0,
                                        99.0,
                                        99.0,
                                        99.0,
                                        99.0,
                                        99.0,
                                        99.0,
                                        99.0,
                                        99.0,
                                        99.0,
                                        99.0
                                    ],
                                    "preferred_visualization": "time_series"
                                }
                            ]
                        }
                    ]
                }
            ]
        },
        {
            "goalCode": "8",
            "targets": [
                {
                    "targetCode": "8.4",
                    "indicators": [
                        {
                            "indicatorCode": "8.4.2",
                            "facts": [
                                {
                                    "seriesCode": "EN_MAT_DOMCMPC",
                                    "seriesTitle": "Domestic material consumption per capita, by type of raw material (tonnes)",
                                    "hub": "995242b2ec9f4a21975ef7d47b5657bb",
                                    "slice_dimensions": {
                                        "Type of product": "RAW"
                                    },
                                    "text_type": "1",
                                    "fact_text": "Domestic material consumption increased from <span class='fact-value'>9.69016</span> <span class='fact-unit'> metric tons per capita</span> in <span class='fact-year'>2000</span> to <span class='fact-value'>11.04627 metric tons per capita</span>  in  <span class='fact-year'>2017</span>.",
                                    "fact_values": [
                                        "9.69016",
                                        "11.04627"
                                    ],
                                    "fact_units": [
                                        " metric tons per capita",
                                        " metric tons per capita"
                                    ],
                                    "fact_years": [
                                        "2000",
                                        "2017"
                                    ],
                                    "data_years": [
                                        "2012",
                                        "2011",
                                        "2013",
                                        "2016",
                                        "2015",
                                        "2014",
                                        "2006",
                                        "2005",
                                        "2010",
                                        "2007",
                                        "2009",
                                        "2008",
                                        "2017",
                                        "2004",
                                        "2000",
                                        "2001",
                                        "2003",
                                        "2002"
                                    ],
                                    "data_values": [
                                        "9.61155",
                                        "8.97145",
                                        "9.77528",
                                        "10.98673",
                                        "10.88522",
                                        "10.86471",
                                        "11.7961",
                                        "10.65503",
                                        "17.30084",
                                        "11.95666",
                                        "15.4306",
                                        "12.99475",
                                        "11.04627",
                                        "10.57264",
                                        "9.69016",
                                        "9.62227",
                                        "10.56862",
                                        "10.13119"
                                    ],
                                    "data_is_censored": [
                                        false,
                                        false,
                                        false,
                                        false,
                                        false,
                                        false,
                                        false,
                                        false,
                                        false,
                                        false,
                                        false,
                                        false,
                                        false,
                                        false,
                                        false,
                                        false,
                                        false,
                                        false
                                    ],
                                    "data_numeric_part": [
                                        9.6,
                                        9.0,
                                        9.8,
                                        11.0,
                                        11.0,
                                        11.0,
                                        12.0,
                                        11.0,
                                        17.0,
                                        12.0,
                                        15.0,
                                        13.0,
                                        11.0,
                                        11.0,
                                        9.7,
                                        9.6,
                                        11.0,
                                        10.0
                                    ],
                                    "preferred_visualization": "time_series"
                                }
                            ]
                        }
                    ]
                },
                {
                    "targetCode": "8.5",
                    "indicators": [
                        {
                            "indicatorCode": "8.5.2",
                            "facts": [
                                {
                                    "seriesCode": "SL_TLF_UEM",
                                    "seriesTitle": "Unemployment rate, by sex and age (%)",
                                    "hub": "72c32323563d4a0b9432c9edcb85267a",
                                    "slice_dimensions": {
                                        "Age": "15+",
                                        "Sex": "BOTHSEX"
                                    },
                                    "text_type": "1",
                                    "fact_text": "The total unemployment rate was <span class='fact-value'>19.0</span> <span class='fact-unit'>%</span> in <span class='fact-year'>2012</span>.",
                                    "fact_values": [
                                        "19.0"
                                    ],
                                    "fact_units": [
                                        "%"
                                    ],
                                    "fact_years": [
                                        "2012"
                                    ],
                                    "data_years": [
                                        "2012"
                                    ],
                                    "data_values": [
                                        "19.0"
                                    ],
                                    "data_is_censored": [
                                        false
                                    ],
                                    "data_numeric_part": [
                                        19.0
                                    ],
                                    "preferred_visualization": "singleton"
                                }
                            ]
                        }
                    ]
                },
                {
                    "targetCode": "8.1",
                    "indicators": [
                        {
                            "indicatorCode": "8.1.1",
                            "facts": [
                                {
                                    "seriesCode": "NY_GDP_PCAP",
                                    "seriesTitle": "Annual growth rate of real GDP per capita (%)",
                                    "hub": "3cb997d2497148e68dca6787fcb84ca5",
                                    "slice_dimensions": {},
                                    "text_type": "1",
                                    "fact_text": "The annual growth rate of real gross domestic product (GDP) per capita increased from <span class='fact-value'>0.78</span> <span class='fact-unit'>%</span> in <span class='fact-year'>2000</span> to <span class='fact-value'>61.92%</span>  in  <span class='fact-year'>2017</span>.",
                                    "fact_values": [
                                        "0.78",
                                        "61.92"
                                    ],
                                    "fact_units": [
                                        "%",
                                        "%"
                                    ],
                                    "fact_years": [
                                        "2000",
                                        "2017"
                                    ],
                                    "data_years": [
                                        "2016",
                                        "2017",
                                        "2008",
                                        "2009",
                                        "2010",
                                        "2006",
                                        "2007",
                                        "2015",
                                        "2013",
                                        "2014",
                                        "2011",
                                        "2012",
                                        "2000",
                                        "2004",
                                        "2005",
                                        "2001",
                                        "2003",
                                        "2002"
                                    ],
                                    "data_values": [
                                        "-16.87",
                                        "61.92",
                                        "13.07",
                                        "-1.85",
                                        "3.51",
                                        "5.11",
                                        "3.52",
                                        "-45.77",
                                        "-52.11",
                                        "-50.17",
                                        "-61.42",
                                        "124.54",
                                        "0.78",
                                        "2.81",
                                        "8.62",
                                        "-1.06",
                                        "11.19",
                                        "-2.80"
                                    ],
                                    "data_is_censored": [
                                        false,
                                        false,
                                        false,
                                        false,
                                        false,
                                        false,
                                        false,
                                        false,
                                        false,
                                        false,
                                        false,
                                        false,
                                        false,
                                        false,
                                        false,
                                        false,
                                        false,
                                        false
                                    ],
                                    "data_numeric_part": [
                                        -16.87,
                                        62.0,
                                        13.0,
                                        -1.85,
                                        3.5,
                                        5.1,
                                        3.5,
                                        -45.77,
                                        -52.11,
                                        -50.17,
                                        -61.42,
                                        125.0,
                                        0.78,
                                        2.8,
                                        8.6,
                                        -1.06,
                                        11.0,
                                        -2.8
                                    ],
                                    "preferred_visualization": "time_series"
                                }
                            ]
                        }
                    ]
                }
            ]
        },
        {
            "goalCode": "9",
            "targets": [
                {
                    "targetCode": "9.4",
                    "indicators": [
                        {
                            "indicatorCode": "9.4.1",
                            "facts": [
                                {
                                    "seriesCode": "EN_ATM_CO2GDP",
                                    "seriesTitle": "Carbon dioxide emissions per unit of GDP (kilogrammes of CO2 per constant 2010 United States dollars)",
                                    "hub": "b5ff535a5fa841659c576685489dfac7",
                                    "slice_dimensions": {},
                                    "text_type": "1",
                                    "fact_text": "The carbon dioxide emissions per unit of GDP increased from <span class='fact-value'>0.32</span> <span class='fact-unit'> kilograms</span> in <span class='fact-year'>2000</span> to <span class='fact-value'>0.96 kilograms</span>  in  <span class='fact-year'>2016</span>.",
                                    "fact_values": [
                                        "0.32",
                                        "0.96"
                                    ],
                                    "fact_units": [
                                        " kilograms",
                                        " kilograms"
                                    ],
                                    "fact_years": [
                                        "2000",
                                        "2016"
                                    ],
                                    "data_years": [
                                        "2015",
                                        "2016",
                                        "2014",
                                        "2013",
                                        "2001",
                                        "2002",
                                        "2003",
                                        "2004",
                                        "2005",
                                        "2006",
                                        "2007",
                                        "2008",
                                        "2009",
                                        "2010",
                                        "2011",
                                        "2012",
                                        "2000"
                                    ],
                                    "data_values": [
                                        "0.89",
                                        "0.96",
                                        "0.94",
                                        "0.5",
                                        "0.33",
                                        "0.36",
                                        "0.33",
                                        "0.32",
                                        "0.29",
                                        "0.27",
                                        "0.23",
                                        "0.24",
                                        "0.27",
                                        "0.27",
                                        "0.51",
                                        "0.32",
                                        "0.32"
                                    ],
                                    "data_is_censored": [
                                        false,
                                        false,
                                        false,
                                        false,
                                        false,
                                        false,
                                        false,
                                        false,
                                        false,
                                        false,
                                        false,
                                        false,
                                        false,
                                        false,
                                        false,
                                        false,
                                        false
                                    ],
                                    "data_numeric_part": [
                                        0.89,
                                        0.96,
                                        0.94,
                                        0.5,
                                        0.33,
                                        0.36,
                                        0.33,
                                        0.32,
                                        0.29,
                                        0.27,
                                        0.23,
                                        0.24,
                                        0.27,
                                        0.27,
                                        0.51,
                                        0.32,
                                        0.32
                                    ],
                                    "preferred_visualization": "time_series"
                                }
                            ]
                        }
                    ]
                },
                {
                    "targetCode": "9.c",
                    "indicators": [
                        {
                            "indicatorCode": "9.c.1",
                            "facts": [
                                {
                                    "seriesCode": "IT_MOB_NTWK",
                                    "seriesTitle": "Proportion of population covered by a mobile network, by technology (%)",
                                    "hub": "8943ce6f81b44120b6124fedb3b094d8",
                                    "slice_dimensions": {
                                        "Type of mobile technology": "AL2G"
                                    },
                                    "text_type": "2",
                                    "fact_text": "In <span class='fact-year'>2017</span>, <span class='fact-value'>78.08</span> <span class='fact-unit'>% </span> of the population was in range of at least a second-generation (2G) cellular signal",
                                    "fact_values": [
                                        "78.08"
                                    ],
                                    "fact_units": [
                                        "% "
                                    ],
                                    "fact_years": [
                                        "2017"
                                    ],
                                    "data_years": [
                                        "2009",
                                        "2006",
                                        "2013",
                                        "2015",
                                        "2017",
                                        "2016"
                                    ],
                                    "data_values": [
                                        "98.00",
                                        "70.70",
                                        "98.00",
                                        "50.00",
                                        "78.08",
                                        "78.08"
                                    ],
                                    "data_is_censored": [
                                        false,
                                        false,
                                        false,
                                        false,
                                        false,
                                        false
                                    ],
                                    "data_numeric_part": [
                                        98.0,
                                        71.0,
                                        98.0,
                                        50.0,
                                        78.0,
                                        78.0
                                    ],
                                    "preferred_visualization": "time_series"
                                }
                            ]
                        }
                    ]
                }
            ]
        },
        {
            "goalCode": "11",
            "targets": [
                {
                    "targetCode": "11.6",
                    "indicators": [
                        {
                            "indicatorCode": "11.6.2",
                            "facts": [
                                {
                                    "seriesCode": "EN_ATM_PM25",
                                    "seriesTitle": "Annual mean levels of fine particulate matter in cities, urban population (micrograms per cubic meter)",
                                    "hub": "5b43bb59961a46daa3b8af9384f60103",
                                    "slice_dimensions": {
                                        "Location": "ALLAREA"
                                    },
                                    "text_type": "10",
                                    "fact_text": "In <span class='fact-year'> 2016</span> , the annual population-weighted average mean concentration of fine suspended particles of less than 2.5 microns in diameters (PM2.5) was about <span class='fact-value'> 44.1662254333496</span>  <span class='fact-unit'> micrograms per cubic metre</span> .  This is above the maximum level for safety set by WHO of 10 micrograms per cubic metre.",
                                    "fact_values": [
                                        "44.1662254333496"
                                    ],
                                    "fact_units": [
                                        " micrograms per cubic metre"
                                    ],
                                    "fact_years": [
                                        "2016"
                                    ],
                                    "data_years": [
                                        "2016"
                                    ],
                                    "data_values": [
                                        "44.1662254333496"
                                    ],
                                    "data_is_censored": [
                                        false
                                    ],
                                    "data_numeric_part": [
                                        44.0
                                    ],
                                    "preferred_visualization": "threshold"
                                }
                            ]
                        }
                    ]
                }
            ]
        },
        {
            "goalCode": "12",
            "targets": [
                {
                    "targetCode": "12.2",
                    "indicators": [
                        {
                            "indicatorCode": "12.2.2",
                            "facts": [
                                {
                                    "seriesCode": "EN_MAT_DOMCMPC",
                                    "seriesTitle": "Domestic material consumption per capita, by type of raw material (tonnes)",
                                    "hub": "995242b2ec9f4a21975ef7d47b5657bb",
                                    "slice_dimensions": {
                                        "Type of product": "RAW"
                                    },
                                    "text_type": "1",
                                    "fact_text": "Domestic material consumption increased from <span class='fact-value'>9.69016</span> <span class='fact-unit'> metric tons per capita</span> in <span class='fact-year'>2000</span> to <span class='fact-value'>11.04627 metric tons per capita</span>  in  <span class='fact-year'>2017</span>.",
                                    "fact_values": [
                                        "9.69016",
                                        "11.04627"
                                    ],
                                    "fact_units": [
                                        " metric tons per capita",
                                        " metric tons per capita"
                                    ],
                                    "fact_years": [
                                        "2000",
                                        "2017"
                                    ],
                                    "data_years": [
                                        "2012",
                                        "2011",
                                        "2013",
                                        "2016",
                                        "2015",
                                        "2014",
                                        "2006",
                                        "2005",
                                        "2010",
                                        "2007",
                                        "2009",
                                        "2008",
                                        "2017",
                                        "2004",
                                        "2000",
                                        "2001",
                                        "2003",
                                        "2002"
                                    ],
                                    "data_values": [
                                        "9.61155",
                                        "8.97145",
                                        "9.77528",
                                        "10.98673",
                                        "10.88522",
                                        "10.86471",
                                        "11.7961",
                                        "10.65503",
                                        "17.30084",
                                        "11.95666",
                                        "15.4306",
                                        "12.99475",
                                        "11.04627",
                                        "10.57264",
                                        "9.69016",
                                        "9.62227",
                                        "10.56862",
                                        "10.13119"
                                    ],
                                    "data_is_censored": [
                                        false,
                                        false,
                                        false,
                                        false,
                                        false,
                                        false,
                                        false,
                                        false,
                                        false,
                                        false,
                                        false,
                                        false,
                                        false,
                                        false,
                                        false,
                                        false,
                                        false,
                                        false
                                    ],
                                    "data_numeric_part": [
                                        9.6,
                                        9.0,
                                        9.8,
                                        11.0,
                                        11.0,
                                        11.0,
                                        12.0,
                                        11.0,
                                        17.0,
                                        12.0,
                                        15.0,
                                        13.0,
                                        11.0,
                                        11.0,
                                        9.7,
                                        9.6,
                                        11.0,
                                        10.0
                                    ],
                                    "preferred_visualization": "time_series"
                                }
                            ]
                        }
                    ]
                }
            ]
        },
        {
            "goalCode": "14",
            "targets": [
                {
                    "targetCode": "14.5",
                    "indicators": [
                        {
                            "indicatorCode": "14.5.1",
                            "facts": [
                                {
                                    "seriesCode": "ER_MRN_MARIN",
                                    "seriesTitle": "Coverage of protected areas in relation to marine areas (Exclusive Economic Zones) (%)",
                                    "hub": "2a0cad7f76284e8c978bfcb0fa15cd76",
                                    "slice_dimensions": {},
                                    "text_type": "8",
                                    "fact_text": "In <span class='fact-year'> 2018</span> , <span class='fact-value'> 0.63643</span>  <span class='fact-unit'>% </span> of the marine environment under national jurisdiction (up to 200 nautical miles from shore) was under protection.",
                                    "fact_values": [
                                        "0.63643"
                                    ],
                                    "fact_units": [
                                        "% "
                                    ],
                                    "fact_years": [
                                        "2018"
                                    ],
                                    "data_years": [
                                        "2018"
                                    ],
                                    "data_values": [
                                        "0.63643"
                                    ],
                                    "data_is_censored": [
                                        false
                                    ],
                                    "data_numeric_part": [
                                        0.64
                                    ],
                                    "preferred_visualization": "singleton"
                                }
                            ]
                        }
                    ]
                }
            ]
        },
        {
            "goalCode": "15",
            "targets": [
                {
                    "targetCode": "15.1",
                    "indicators": [
                        {
                            "indicatorCode": "15.1.1",
                            "facts": [
                                {
                                    "seriesCode": "AG_LND_FRST",
                                    "seriesTitle": "Forest area as a proportion of total land area (%)",
                                    "hub": "e23061ce674142b5b33c46ea5e031658",
                                    "slice_dimensions": {},
                                    "text_type": "1",
                                    "fact_text": "Land area covered by forest was <span class='fact-value'>0.12333</span> <span class='fact-unit'>%</span> in <span class='fact-year'>2015</span>.",
                                    "fact_values": [
                                        "0.12333"
                                    ],
                                    "fact_units": [
                                        "%"
                                    ],
                                    "fact_years": [
                                        "2015"
                                    ],
                                    "data_years": [
                                        "2000",
                                        "2005",
                                        "2010",
                                        "2015"
                                    ],
                                    "data_values": [
                                        "0.12333",
                                        "0.12333",
                                        "0.12333",
                                        "0.12333"
                                    ],
                                    "data_is_censored": [
                                        false,
                                        false,
                                        false,
                                        false
                                    ],
                                    "data_numeric_part": [
                                        0.12,
                                        0.12,
                                        0.12,
                                        0.12
                                    ],
                                    "preferred_visualization": "time_series"
                                }
                            ]
                        },
                        {
                            "indicatorCode": "15.1.2",
                            "facts": [
                                {
                                    "seriesCode": "ER_PTD_TERRS",
                                    "seriesTitle": "Average proportion of Terrestrial Key Biodiversity Areas (KBAs) covered by protected areas (%)",
                                    "hub": "c2c0216c53744dd7b5278e398328bc99",
                                    "slice_dimensions": {
                                        "Bounds": "MP"
                                    },
                                    "text_type": "7",
                                    "fact_text": "The average proportion of terrestrial key biodiversity areas (KBAs) covered by protected areas was <span class='fact-value'> 4.59978</span>  <span class='fact-unit'>%</span>  in <span class='fact-year'> 2018</span> .",
                                    "fact_values": [
                                        "4.59978"
                                    ],
                                    "fact_units": [
                                        "%"
                                    ],
                                    "fact_years": [
                                        "2018"
                                    ],
                                    "data_years": [
                                        "2000",
                                        "2001",
                                        "2002",
                                        "2003",
                                        "2004",
                                        "2005",
                                        "2006",
                                        "2015",
                                        "2016",
                                        "2014",
                                        "2017",
                                        "2018",
                                        "2007",
                                        "2008",
                                        "2009",
                                        "2010",
                                        "2011",
                                        "2012",
                                        "2013"
                                    ],
                                    "data_values": [
                                        "4.59978",
                                        "4.59978",
                                        "4.59978",
                                        "4.59978",
                                        "4.59978",
                                        "4.59978",
                                        "4.59978",
                                        "4.59978",
                                        "4.59978",
                                        "4.59978",
                                        "4.59978",
                                        "4.59978",
                                        "4.59978",
                                        "4.59978",
                                        "4.59978",
                                        "4.59978",
                                        "4.59978",
                                        "4.59978",
                                        "4.59978"
                                    ],
                                    "data_is_censored": [
                                        false,
                                        false,
                                        false,
                                        false,
                                        false,
                                        false,
                                        false,
                                        false,
                                        false,
                                        false,
                                        false,
                                        false,
                                        false,
                                        false,
                                        false,
                                        false,
                                        false,
                                        false,
                                        false
                                    ],
                                    "data_numeric_part": [
                                        4.6,
                                        4.6,
                                        4.6,
                                        4.6,
                                        4.6,
                                        4.6,
                                        4.6,
                                        4.6,
                                        4.6,
                                        4.6,
                                        4.6,
                                        4.6,
                                        4.6,
                                        4.6,
                                        4.6,
                                        4.6,
                                        4.6,
                                        4.6,
                                        4.6
                                    ],
                                    "preferred_visualization": "time_series"
                                }
                            ]
                        }
                    ]
                }
            ]
        },
        {
            "goalCode": "16",
            "targets": [
                {
                    "targetCode": "16.1",
                    "indicators": [
                        {
                            "indicatorCode": "16.1.1",
                            "facts": [
                                {
                                    "seriesCode": "VC_IHR_PSRC",
                                    "seriesTitle": "Number of victims of intentional homicide per 100,000 population, by sex (victims per 100,000 population)",
                                    "hub": "b65e89e905a744e5992889ddc27f8fc7",
                                    "slice_dimensions": {},
                                    "text_type": "11",
                                    "fact_text": "In <span class='fact-year'> 2015</span> , the intentional homicide rate was <span class='fact-value'> 2.50</span>  <span class='fact-unit'> per 100,000 population</span> . ",
                                    "fact_values": [
                                        "2.50"
                                    ],
                                    "fact_units": [
                                        " per 100,000 population"
                                    ],
                                    "fact_years": [
                                        "2015"
                                    ],
                                    "data_years": [
                                        "2015",
                                        "2010"
                                    ],
                                    "data_values": [
                                        "2.50",
                                        "3.11"
                                    ],
                                    "data_is_censored": [
                                        false,
                                        false
                                    ],
                                    "data_numeric_part": [
                                        2.5,
                                        3.1
                                    ],
                                    "preferred_visualization": "singleton"
                                }
                            ]
                        }
                    ]
                }
            ]
        },
        {
            "goalCode": "17",
            "targets": [
                {
                    "targetCode": "17.3",
                    "indicators": [
                        {
                            "indicatorCode": "17.3.2",
                            "facts": [
                                {
                                    "seriesCode": "BX_TRF_PWKR",
                                    "seriesTitle": "Volume of remittances (in United States dollars) as a proportion of total GDP (%)",
                                    "hub": "68e9ec78abe543889762bbdd36cd3d31",
                                    "slice_dimensions": {},
                                    "text_type": "9",
                                    "fact_text": "In <span class='fact-year'> 2006</span> , the inflow of personal remittances was <span class='fact-value'> 0.03</span>  <span class='fact-unit'>% of GDP</span> , up from <span class='fact-value'> 0.02</span>  <span class='fact-unit'>%</span>  in <span class='fact-year'> 2000</span> ",
                                    "fact_values": [
                                        "0.02% of GDP",
                                        "0.03% of GDP"
                                    ],
                                    "fact_units": [
                                        " per 100,000 population"
                                    ],
                                    "fact_years": [
                                        "2000",
                                        "2006"
                                    ],
                                    "data_years": [
                                        "2003",
                                        "2004",
                                        "2002",
                                        "2006",
                                        "2005",
                                        "2000",
                                        "2001"
                                    ],
                                    "data_values": [
                                        "0.03",
                                        "0.03",
                                        "0.03",
                                        "0.03",
                                        "0.03",
                                        "0.02",
                                        "0.03"
                                    ],
                                    "data_is_censored": [
                                        false,
                                        false,
                                        false,
                                        false,
                                        false,
                                        false,
                                        false
                                    ],
                                    "data_numeric_part": [
                                        0.03,
                                        0.03,
                                        0.03,
                                        0.03,
                                        0.03,
                                        0.02,
                                        0.03
                                    ],
                                    "preferred_visualization": "time_series"
                                }
                            ]
                        }
                    ]
                },
                {
                    "targetCode": "17.6",
                    "indicators": [
                        {
                            "indicatorCode": "17.6.2",
                            "facts": [
                                {
                                    "seriesCode": "IT_NET_BBP",
                                    "seriesTitle": "Fixed Internet broadband subscriptions per 100\u00a0inhabitants, by speed (per 100 inhabitants)",
                                    "hub": "f59cf3f8a0ec41a2b601a28682e6f2c8",
                                    "slice_dimensions": {
                                        "Type of speed": "ANYS"
                                    },
                                    "text_type": "15",
                                    "fact_text": "In <span class='fact-year'> 2017</span> , fixed-broadband internet penetration reached <span class='fact-value'> 4.99</span>  <span class='fact-unit'>% of the population</span> , up from 0.76% of the population in <span class='fact-year'> 2008</span> .",
                                    "fact_values": [
                                        "0.76",
                                        "4.99"
                                    ],
                                    "fact_units": [
                                        "% of the population",
                                        "% of the population"
                                    ],
                                    "fact_years": [
                                        "2008",
                                        "2017"
                                    ],
                                    "data_years": [
                                        "2010",
                                        "2009",
                                        "2012",
                                        "2011",
                                        "2008",
                                        "2017",
                                        "2016",
                                        "2013",
                                        "2015",
                                        "2014"
                                    ],
                                    "data_values": [
                                        "1.18",
                                        "1.03",
                                        "1.09",
                                        "1.13",
                                        "0.76",
                                        "4.99",
                                        "2.68",
                                        "1.04",
                                        "0.98",
                                        "1.01"
                                    ],
                                    "data_is_censored": [
                                        false,
                                        false,
                                        false,
                                        false,
                                        false,
                                        false,
                                        false,
                                        false,
                                        false,
                                        false
                                    ],
                                    "data_numeric_part": [
                                        1.2,
                                        1.0,
                                        1.1,
                                        1.1,
                                        0.76,
                                        5.0,
                                        2.7,
                                        1.0,
                                        0.98,
                                        1.0
                                    ],
                                    "preferred_visualization": "time_series"
                                }
                            ]
                        }
                    ]
                },
                {
                    "targetCode": "17.18",
                    "indicators": [
                        {
                            "indicatorCode": "17.18.3",
                            "facts": [
                                {
                                    "seriesCode": "SG_STT_NSDSFND",
                                    "seriesTitle": "Countries with national statistical plans that are fully funded (1 = YES; 0 = NO)",
                                    "hub": "bc201a5c69e94e23b45bad86c828f1be",
                                    "slice_dimensions": {},
                                    "text_type": "12",
                                    "fact_text": "As of <span class='fact-year'> 2018</span> , Libya does not have national statistical plans that are fully funded.",
                                    "fact_values": [
                                        "0"
                                    ],
                                    "fact_units": [
                                        ""
                                    ],
                                    "fact_years": [
                                        "2018"
                                    ],
                                    "data_years": [
                                        "2018"
                                    ],
                                    "data_values": [
                                        "0"
                                    ],
                                    "data_is_censored": [
                                        false
                                    ],
                                    "data_numeric_part": [
                                        0.0
                                    ],
                                    "preferred_visualization": "boolean"
                                }
                            ]
                        }
                    ]
                }
            ]
        }
    ]
}