{
    "release": "2019.Q1.G.02",
    "country_code": "492",
    "country_name": "Monaco",
    "X": "7.424214814",
    "Y": "43.73532918",
    "goals": [
        {
            "goalCode": "3",
            "targets": [
                {
                    "targetCode": "3.2",
                    "indicators": [
                        {
                            "indicatorCode": "3.2.1",
                            "facts": [
                                {
                                    "seriesCode": "SH_DYN_MORT",
                                    "seriesTitle": "Under-five mortality rate, by sex (deaths per 1,000 live births)",
                                    "hub": "216c7516b9444f289e8f7910c8726e9f",
                                    "slice_dimensions": {
                                        "Age": "<5Y",
                                        "Sex": "BOTHSEX"
                                    },
                                    "text_type": "1",
                                    "fact_text": "The mortality rate of children under age 5 fell from <span class='fact-value'>5.2</span> <span class='fact-unit'> per 1,000 live births</span> in <span class='fact-year'>2000</span> to <span class='fact-value'>3.3 per 1,000 live births</span>  in  <span class='fact-year'>2017</span>.",
                                    "fact_values": [
                                        "5.2",
                                        "3.3"
                                    ],
                                    "fact_units": [
                                        " per 1,000 live births",
                                        " per 1,000 live births"
                                    ],
                                    "fact_years": [
                                        "2000",
                                        "2017"
                                    ],
                                    "data_years": [
                                        "2005",
                                        "2007",
                                        "2006",
                                        "2001",
                                        "2002",
                                        "2000",
                                        "2004",
                                        "2003",
                                        "2016",
                                        "2014",
                                        "2015",
                                        "2017",
                                        "2010",
                                        "2008",
                                        "2009",
                                        "2013",
                                        "2011",
                                        "2012"
                                    ],
                                    "data_values": [
                                        "4.5",
                                        "4.3",
                                        "4.4",
                                        "5",
                                        "4.8",
                                        "5.2",
                                        "4.6",
                                        "4.7",
                                        "3.4",
                                        "3.6",
                                        "3.5",
                                        "3.3",
                                        "4",
                                        "4.2",
                                        "4.1",
                                        "3.7",
                                        "3.9",
                                        "3.8"
                                    ],
                                    "data_is_censored": [
                                        false,
                                        false,
                                        false,
                                        false,
                                        false,
                                        false,
                                        false,
                                        false,
                                        false,
                                        false,
                                        false,
                                        false,
                                        false,
                                        false,
                                        false,
                                        false,
                                        false,
                                        false
                                    ],
                                    "data_numeric_part": [
                                        4.5,
                                        4.3,
                                        4.4,
                                        5.0,
                                        4.8,
                                        5.2,
                                        4.6,
                                        4.7,
                                        3.4,
                                        3.6,
                                        3.5,
                                        3.3,
                                        4.0,
                                        4.2,
                                        4.1,
                                        3.7,
                                        3.9,
                                        3.8
                                    ],
                                    "preferred_visualization": "time_series"
                                }
                            ]
                        }
                    ]
                }
            ]
        },
        {
            "goalCode": "5",
            "targets": [
                {
                    "targetCode": "5.5",
                    "indicators": [
                        {
                            "indicatorCode": "5.5.1",
                            "facts": [
                                {
                                    "seriesCode": "SG_GEN_PARL",
                                    "seriesTitle": "Proportion of seats held by women in national parliaments (% of total number of seats)",
                                    "hub": "337524c727bd498c8726f9f6bc6512e1",
                                    "slice_dimensions": {
                                        "Sex": "FEMALE"
                                    },
                                    "text_type": "1",
                                    "fact_text": "The proportion of seats held by women in single or lower houses of parliament was <span class='fact-value'>20.8333</span> <span class='fact-unit'>%</span> in <span class='fact-year'>2018</span>.",
                                    "fact_values": [
                                        "20.8333"
                                    ],
                                    "fact_units": [
                                        "%"
                                    ],
                                    "fact_years": [
                                        "2018"
                                    ],
                                    "data_years": [
                                        "2016",
                                        "2013",
                                        "2018",
                                        "2014",
                                        "2017",
                                        "2015",
                                        "2004",
                                        "2003",
                                        "2005",
                                        "2000",
                                        "2002",
                                        "2001",
                                        "2010",
                                        "2012",
                                        "2011",
                                        "2007",
                                        "2006",
                                        "2009",
                                        "2008"
                                    ],
                                    "data_values": [
                                        "20.8333",
                                        "19.0476",
                                        "20.8333",
                                        "20.8333",
                                        "20.8333",
                                        "20.8333",
                                        "20.8333",
                                        "22.2222",
                                        "20.8333",
                                        "22.2222",
                                        "22.2222",
                                        "22.2222",
                                        "26.087",
                                        "19.0476",
                                        "26.087",
                                        "20.8333",
                                        "20.8333",
                                        "25",
                                        "20.8333"
                                    ],
                                    "data_is_censored": [
                                        false,
                                        false,
                                        false,
                                        false,
                                        false,
                                        false,
                                        false,
                                        false,
                                        false,
                                        false,
                                        false,
                                        false,
                                        false,
                                        false,
                                        false,
                                        false,
                                        false,
                                        false,
                                        false
                                    ],
                                    "data_numeric_part": [
                                        21.0,
                                        19.0,
                                        21.0,
                                        21.0,
                                        21.0,
                                        21.0,
                                        21.0,
                                        22.0,
                                        21.0,
                                        22.0,
                                        22.0,
                                        22.0,
                                        26.0,
                                        19.0,
                                        26.0,
                                        21.0,
                                        21.0,
                                        25.0,
                                        21.0
                                    ],
                                    "preferred_visualization": "time_series"
                                }
                            ]
                        }
                    ]
                }
            ]
        },
        {
            "goalCode": "6",
            "targets": [
                {
                    "targetCode": "6.1",
                    "indicators": [
                        {
                            "indicatorCode": "6.1.1",
                            "facts": [
                                {
                                    "seriesCode": "SH_H2O_SAFE",
                                    "seriesTitle": "Proportion of population using safely managed drinking water services, by urban/rural (%)",
                                    "hub": "9fd0677f368c48dca6f5e11f64badafd",
                                    "slice_dimensions": {
                                        "Location": "ALLAREA"
                                    },
                                    "text_type": "2",
                                    "fact_text": "In <span class='fact-year'>2015</span>, <span class='fact-value'>100</span> <span class='fact-unit'>% </span> of the population used a \"safely managed\" drinking water service - an improved source located on premises, available when needed and free from contamination",
                                    "fact_values": [
                                        "100"
                                    ],
                                    "fact_units": [
                                        "% "
                                    ],
                                    "fact_years": [
                                        "2015"
                                    ],
                                    "data_years": [
                                        "2013",
                                        "2012",
                                        "2007",
                                        "2005",
                                        "2002",
                                        "2000",
                                        "2004",
                                        "2015",
                                        "2009",
                                        "2011",
                                        "2008",
                                        "2006",
                                        "2003",
                                        "2014",
                                        "2001",
                                        "2010"
                                    ],
                                    "data_values": [
                                        "100",
                                        "100",
                                        "100",
                                        "100",
                                        "100",
                                        "100",
                                        "100",
                                        "100",
                                        "100",
                                        "100",
                                        "100",
                                        "100",
                                        "100",
                                        "100",
                                        "100",
                                        "100"
                                    ],
                                    "data_is_censored": [
                                        false,
                                        false,
                                        false,
                                        false,
                                        false,
                                        false,
                                        false,
                                        false,
                                        false,
                                        false,
                                        false,
                                        false,
                                        false,
                                        false,
                                        false,
                                        false
                                    ],
                                    "data_numeric_part": [
                                        100.0,
                                        100.0,
                                        100.0,
                                        100.0,
                                        100.0,
                                        100.0,
                                        100.0,
                                        100.0,
                                        100.0,
                                        100.0,
                                        100.0,
                                        100.0,
                                        100.0,
                                        100.0,
                                        100.0,
                                        100.0
                                    ],
                                    "preferred_visualization": "time_series"
                                }
                            ]
                        }
                    ]
                },
                {
                    "targetCode": "6.2",
                    "indicators": [
                        {
                            "indicatorCode": "6.2.1",
                            "facts": [
                                {
                                    "seriesCode": "SH_SAN_SAFE",
                                    "seriesTitle": "Proportion of population using safely managed sanitation services, by urban/rural (%)",
                                    "hub": "28a9a3072fd940aa9fb0f983d25ef65f",
                                    "slice_dimensions": {
                                        "Location": "ALLAREA"
                                    },
                                    "text_type": "2",
                                    "fact_text": "In <span class='fact-year'>2015</span>, <span class='fact-value'>100</span> <span class='fact-unit'>% </span> of the population used a \"safely managed\" sanitation service - a basic facility that safely disposes of human waste",
                                    "fact_values": [
                                        "100"
                                    ],
                                    "fact_units": [
                                        "% "
                                    ],
                                    "fact_years": [
                                        "2015"
                                    ],
                                    "data_years": [
                                        "2013",
                                        "2006",
                                        "2012",
                                        "2007",
                                        "2004",
                                        "2001",
                                        "2011",
                                        "2002",
                                        "2014",
                                        "2000",
                                        "2003",
                                        "2010",
                                        "2008",
                                        "2005",
                                        "2015",
                                        "2009"
                                    ],
                                    "data_values": [
                                        "100",
                                        "100",
                                        "100",
                                        "100",
                                        "100",
                                        "100",
                                        "100",
                                        "100",
                                        "100",
                                        "100",
                                        "100",
                                        "100",
                                        "100",
                                        "100",
                                        "100",
                                        "100"
                                    ],
                                    "data_is_censored": [
                                        false,
                                        false,
                                        false,
                                        false,
                                        false,
                                        false,
                                        false,
                                        false,
                                        false,
                                        false,
                                        false,
                                        false,
                                        false,
                                        false,
                                        false,
                                        false
                                    ],
                                    "data_numeric_part": [
                                        100.0,
                                        100.0,
                                        100.0,
                                        100.0,
                                        100.0,
                                        100.0,
                                        100.0,
                                        100.0,
                                        100.0,
                                        100.0,
                                        100.0,
                                        100.0,
                                        100.0,
                                        100.0,
                                        100.0,
                                        100.0
                                    ],
                                    "preferred_visualization": "time_series"
                                }
                            ]
                        }
                    ]
                }
            ]
        },
        {
            "goalCode": "7",
            "targets": [
                {
                    "targetCode": "7.1",
                    "indicators": [
                        {
                            "indicatorCode": "7.1.1",
                            "facts": [
                                {
                                    "seriesCode": "EG_ELC_ACCS",
                                    "seriesTitle": "Proportion of population with access to electricity, by urban/rural (%)",
                                    "hub": "81cf3e70351c4895828a2486efa2142c",
                                    "slice_dimensions": {
                                        "Location": "ALLAREA"
                                    },
                                    "text_type": "1",
                                    "fact_text": "The proportion of the population with access to electricity was <span class='fact-value'>100.00</span> <span class='fact-unit'>%</span> in <span class='fact-year'>2016</span>.",
                                    "fact_values": [
                                        "100.00"
                                    ],
                                    "fact_units": [
                                        "%"
                                    ],
                                    "fact_years": [
                                        "2016"
                                    ],
                                    "data_years": [
                                        "2004",
                                        "2006",
                                        "2005",
                                        "2000",
                                        "2001",
                                        "2003",
                                        "2002",
                                        "2014",
                                        "2015",
                                        "2012",
                                        "2013",
                                        "2016",
                                        "2008",
                                        "2007",
                                        "2011",
                                        "2009",
                                        "2010"
                                    ],
                                    "data_values": [
                                        "100.00",
                                        "100.00",
                                        "100.00",
                                        "100.00",
                                        "100.00",
                                        "100.00",
                                        "100.00",
                                        "100.00",
                                        "100.00",
                                        "100.00",
                                        "100.00",
                                        "100.00",
                                        "100.00",
                                        "100.00",
                                        "100.00",
                                        "100.00",
                                        "100.00"
                                    ],
                                    "data_is_censored": [
                                        false,
                                        false,
                                        false,
                                        false,
                                        false,
                                        false,
                                        false,
                                        false,
                                        false,
                                        false,
                                        false,
                                        false,
                                        false,
                                        false,
                                        false,
                                        false,
                                        false
                                    ],
                                    "data_numeric_part": [
                                        100.0,
                                        100.0,
                                        100.0,
                                        100.0,
                                        100.0,
                                        100.0,
                                        100.0,
                                        100.0,
                                        100.0,
                                        100.0,
                                        100.0,
                                        100.0,
                                        100.0,
                                        100.0,
                                        100.0,
                                        100.0,
                                        100.0
                                    ],
                                    "preferred_visualization": "time_series"
                                }
                            ]
                        },
                        {
                            "indicatorCode": "7.1.2",
                            "facts": [
                                {
                                    "seriesCode": "EG_EGY_CLEAN",
                                    "seriesTitle": "Proportion of population with primary reliance on clean fuels and technology (%)",
                                    "hub": "b087399f0b874ab9948714edcd49cbdd",
                                    "slice_dimensions": {},
                                    "text_type": "8",
                                    "fact_text": "In <span class='fact-year'> 2017</span> , <span class='fact-value'> more than 95</span>  <span class='fact-unit'>% </span> of the population relied primarily on clean fuels and technology.",
                                    "fact_values": [
                                        "more than 95"
                                    ],
                                    "fact_units": [
                                        "% "
                                    ],
                                    "fact_years": [
                                        "2017"
                                    ],
                                    "data_years": [
                                        "2017",
                                        "2016",
                                        "2015",
                                        "2010",
                                        "2005",
                                        "2000"
                                    ],
                                    "data_values": [
                                        "more than 95",
                                        "more than 95",
                                        "more than 95",
                                        "more than 95",
                                        "more than 95",
                                        "more than 95"
                                    ],
                                    "data_is_censored": [
                                        true,
                                        true,
                                        true,
                                        true,
                                        true,
                                        true
                                    ],
                                    "data_numeric_part": [
                                        95.0,
                                        95.0,
                                        95.0,
                                        95.0,
                                        95.0,
                                        95.0
                                    ],
                                    "preferred_visualization": "time_series"
                                }
                            ]
                        }
                    ]
                }
            ]
        },
        {
            "goalCode": "8",
            "targets": [
                {
                    "targetCode": "8.5",
                    "indicators": [
                        {
                            "indicatorCode": "8.5.2",
                            "facts": [
                                {
                                    "seriesCode": "SL_TLF_UEM",
                                    "seriesTitle": "Unemployment rate, by sex and age (%)",
                                    "hub": "72c32323563d4a0b9432c9edcb85267a",
                                    "slice_dimensions": {
                                        "Age": "15+",
                                        "Sex": "BOTHSEX"
                                    },
                                    "text_type": "1",
                                    "fact_text": "The total unemployment rate was <span class='fact-value'>3.6</span> <span class='fact-unit'>%</span> in <span class='fact-year'>2000</span>.",
                                    "fact_values": [
                                        "3.6"
                                    ],
                                    "fact_units": [
                                        "%"
                                    ],
                                    "fact_years": [
                                        "2000"
                                    ],
                                    "data_years": [
                                        "2000"
                                    ],
                                    "data_values": [
                                        "3.6"
                                    ],
                                    "data_is_censored": [
                                        false
                                    ],
                                    "data_numeric_part": [
                                        3.6
                                    ],
                                    "preferred_visualization": "singleton"
                                }
                            ]
                        }
                    ]
                },
                {
                    "targetCode": "8.1",
                    "indicators": [
                        {
                            "indicatorCode": "8.1.1",
                            "facts": [
                                {
                                    "seriesCode": "NY_GDP_PCAP",
                                    "seriesTitle": "Annual growth rate of real GDP per capita (%)",
                                    "hub": "3cb997d2497148e68dca6787fcb84ca5",
                                    "slice_dimensions": {},
                                    "text_type": "1",
                                    "fact_text": "The annual growth rate of real gross domestic product (GDP) per capita was <span class='fact-value'>-0.50</span> <span class='fact-unit'>%</span> in <span class='fact-year'>2017</span>.",
                                    "fact_values": [
                                        "-0.50"
                                    ],
                                    "fact_units": [
                                        "%"
                                    ],
                                    "fact_years": [
                                        "2017"
                                    ],
                                    "data_years": [
                                        "2002",
                                        "2001",
                                        "2000",
                                        "2003",
                                        "2004",
                                        "2005",
                                        "2012",
                                        "2011",
                                        "2010",
                                        "2013",
                                        "2009",
                                        "2008",
                                        "2007",
                                        "2006",
                                        "2014",
                                        "2017",
                                        "2016",
                                        "2015"
                                    ],
                                    "data_values": [
                                        "0.28",
                                        "1.08",
                                        "2.96",
                                        "-0.11",
                                        "1.61",
                                        "0.17",
                                        "0.22",
                                        "5.92",
                                        "0.64",
                                        "9.03",
                                        "-13.51",
                                        "-1.51",
                                        "12.12",
                                        "3.93",
                                        "6.73",
                                        "-0.50",
                                        "2.70",
                                        "4.46"
                                    ],
                                    "data_is_censored": [
                                        false,
                                        false,
                                        false,
                                        false,
                                        false,
                                        false,
                                        false,
                                        false,
                                        false,
                                        false,
                                        false,
                                        false,
                                        false,
                                        false,
                                        false,
                                        false,
                                        false,
                                        false
                                    ],
                                    "data_numeric_part": [
                                        0.28,
                                        1.1,
                                        3.0,
                                        -0.11,
                                        1.6,
                                        0.17,
                                        0.22,
                                        5.9,
                                        0.64,
                                        9.0,
                                        -13.51,
                                        -1.51,
                                        12.0,
                                        3.9,
                                        6.7,
                                        -0.5,
                                        2.7,
                                        4.5
                                    ],
                                    "preferred_visualization": "time_series"
                                }
                            ]
                        }
                    ]
                }
            ]
        },
        {
            "goalCode": "9",
            "targets": [
                {
                    "targetCode": "9.5",
                    "indicators": [
                        {
                            "indicatorCode": "9.5.1",
                            "facts": [
                                {
                                    "seriesCode": "GB_XPD_RSDV",
                                    "seriesTitle": "Research and development expenditure as a proportion of GDP (%)",
                                    "hub": "a4e6d6a6cc804c3598cc9b96cd96ce67",
                                    "slice_dimensions": {},
                                    "text_type": "9",
                                    "fact_text": "In <span class='fact-year'> 2005</span> , investment in research and development (R&D) stood at <span class='fact-value'> 0.04</span>  <span class='fact-unit'>% of GDP</span> .",
                                    "fact_values": [
                                        "0.04"
                                    ],
                                    "fact_units": [
                                        "% of GDP"
                                    ],
                                    "fact_years": [
                                        "2005"
                                    ],
                                    "data_years": [
                                        "2005",
                                        "2004"
                                    ],
                                    "data_values": [
                                        "0.04",
                                        "0.04"
                                    ],
                                    "data_is_censored": [
                                        false,
                                        false
                                    ],
                                    "data_numeric_part": [
                                        0.04,
                                        0.04
                                    ],
                                    "preferred_visualization": "singleton"
                                }
                            ]
                        }
                    ]
                },
                {
                    "targetCode": "9.c",
                    "indicators": [
                        {
                            "indicatorCode": "9.c.1",
                            "facts": [
                                {
                                    "seriesCode": "IT_MOB_NTWK",
                                    "seriesTitle": "Proportion of population covered by a mobile network, by technology (%)",
                                    "hub": "8943ce6f81b44120b6124fedb3b094d8",
                                    "slice_dimensions": {
                                        "Type of mobile technology": "AL2G"
                                    },
                                    "text_type": "2",
                                    "fact_text": "In <span class='fact-year'>2017</span>, <span class='fact-value'>100.00</span> <span class='fact-unit'>% </span> of the population was in range of at least a second-generation (2G) cellular signal",
                                    "fact_values": [
                                        "100.00"
                                    ],
                                    "fact_units": [
                                        "% "
                                    ],
                                    "fact_years": [
                                        "2017"
                                    ],
                                    "data_years": [
                                        "2010",
                                        "2009",
                                        "2008",
                                        "2007",
                                        "2006",
                                        "2005",
                                        "2011",
                                        "2016",
                                        "2015",
                                        "2014",
                                        "2013",
                                        "2012",
                                        "2017"
                                    ],
                                    "data_values": [
                                        "100.00",
                                        "100.00",
                                        "100.00",
                                        "100.00",
                                        "100.00",
                                        "100.00",
                                        "100.00",
                                        "100.00",
                                        "100.00",
                                        "100.00",
                                        "100.00",
                                        "100.00",
                                        "100.00"
                                    ],
                                    "data_is_censored": [
                                        false,
                                        false,
                                        false,
                                        false,
                                        false,
                                        false,
                                        false,
                                        false,
                                        false,
                                        false,
                                        false,
                                        false,
                                        false
                                    ],
                                    "data_numeric_part": [
                                        100.0,
                                        100.0,
                                        100.0,
                                        100.0,
                                        100.0,
                                        100.0,
                                        100.0,
                                        100.0,
                                        100.0,
                                        100.0,
                                        100.0,
                                        100.0,
                                        100.0
                                    ],
                                    "preferred_visualization": "time_series"
                                }
                            ]
                        }
                    ]
                }
            ]
        },
        {
            "goalCode": "11",
            "targets": [
                {
                    "targetCode": "11.6",
                    "indicators": [
                        {
                            "indicatorCode": "11.6.2",
                            "facts": [
                                {
                                    "seriesCode": "EN_ATM_PM25",
                                    "seriesTitle": "Annual mean levels of fine particulate matter in cities, urban population (micrograms per cubic meter)",
                                    "hub": "5b43bb59961a46daa3b8af9384f60103",
                                    "slice_dimensions": {
                                        "Location": "ALLAREA"
                                    },
                                    "text_type": "10",
                                    "fact_text": "In <span class='fact-year'> 2016</span> , the annual population-weighted average mean concentration of fine suspended particles of less than 2.5 microns in diameters (PM2.5) was about <span class='fact-value'> 12.2028636932373</span>  <span class='fact-unit'> micrograms per cubic metre</span> .  This is above the maximum level for safety set by WHO of 10 micrograms per cubic metre.",
                                    "fact_values": [
                                        "12.2028636932373"
                                    ],
                                    "fact_units": [
                                        " micrograms per cubic metre"
                                    ],
                                    "fact_years": [
                                        "2016"
                                    ],
                                    "data_years": [
                                        "2016"
                                    ],
                                    "data_values": [
                                        "12.2028636932373"
                                    ],
                                    "data_is_censored": [
                                        false
                                    ],
                                    "data_numeric_part": [
                                        12.0
                                    ],
                                    "preferred_visualization": "threshold"
                                }
                            ]
                        }
                    ]
                }
            ]
        },
        {
            "goalCode": "14",
            "targets": [
                {
                    "targetCode": "14.5",
                    "indicators": [
                        {
                            "indicatorCode": "14.5.1",
                            "facts": [
                                {
                                    "seriesCode": "ER_MRN_MARIN",
                                    "seriesTitle": "Coverage of protected areas in relation to marine areas (Exclusive Economic Zones) (%)",
                                    "hub": "2a0cad7f76284e8c978bfcb0fa15cd76",
                                    "slice_dimensions": {},
                                    "text_type": "8",
                                    "fact_text": "In <span class='fact-year'> 2018</span> , <span class='fact-value'> 0.14418</span>  <span class='fact-unit'>% </span> of the marine environment under national jurisdiction (up to 200 nautical miles from shore) was under protection.",
                                    "fact_values": [
                                        "0.14418"
                                    ],
                                    "fact_units": [
                                        "% "
                                    ],
                                    "fact_years": [
                                        "2018"
                                    ],
                                    "data_years": [
                                        "2018"
                                    ],
                                    "data_values": [
                                        "0.14418"
                                    ],
                                    "data_is_censored": [
                                        false
                                    ],
                                    "data_numeric_part": [
                                        0.14
                                    ],
                                    "preferred_visualization": "singleton"
                                }
                            ]
                        }
                    ]
                }
            ]
        },
        {
            "goalCode": "15",
            "targets": [
                {
                    "targetCode": "15.1",
                    "indicators": [
                        {
                            "indicatorCode": "15.1.1",
                            "facts": [
                                {
                                    "seriesCode": "AG_LND_FRST",
                                    "seriesTitle": "Forest area as a proportion of total land area (%)",
                                    "hub": "e23061ce674142b5b33c46ea5e031658",
                                    "slice_dimensions": {},
                                    "text_type": "1",
                                    "fact_text": "Land area covered by forest <span class='fact-value'>0</span> <span class='fact-unit'>%</span> in <span class='fact-year'>2000</span> to <span class='fact-value'>0%</span>  in  <span class='fact-year'>2015</span>.",
                                    "fact_values": [
                                        "0",
                                        "0"
                                    ],
                                    "fact_units": [
                                        "%",
                                        "%"
                                    ],
                                    "fact_years": [
                                        "2000",
                                        "2015"
                                    ],
                                    "data_years": [
                                        "2015",
                                        "2010",
                                        "2005",
                                        "2000"
                                    ],
                                    "data_values": [
                                        "0",
                                        "0",
                                        "0",
                                        "0"
                                    ],
                                    "data_is_censored": [
                                        false,
                                        false,
                                        false,
                                        false
                                    ],
                                    "data_numeric_part": [
                                        0.0,
                                        0.0,
                                        0.0,
                                        0.0
                                    ],
                                    "preferred_visualization": "time_series"
                                }
                            ]
                        }
                    ]
                }
            ]
        },
        {
            "goalCode": "16",
            "targets": [
                {
                    "targetCode": "16.1",
                    "indicators": [
                        {
                            "indicatorCode": "16.1.1",
                            "facts": [
                                {
                                    "seriesCode": "VC_IHR_PSRC",
                                    "seriesTitle": "Number of victims of intentional homicide per 100,000 population, by sex (victims per 100,000 population)",
                                    "hub": "b65e89e905a744e5992889ddc27f8fc7",
                                    "slice_dimensions": {},
                                    "text_type": "11",
                                    "fact_text": "In <span class='fact-year'> 2015</span> , the intentional homicide rate was <span class='fact-value'> 0.00</span>  <span class='fact-unit'> per 100,000 population</span> . ",
                                    "fact_values": [
                                        "0.00"
                                    ],
                                    "fact_units": [
                                        " per 100,000 population"
                                    ],
                                    "fact_years": [
                                        "2015"
                                    ],
                                    "data_years": [
                                        "2010",
                                        "2011",
                                        "2012",
                                        "2013",
                                        "2015"
                                    ],
                                    "data_values": [
                                        "0.00",
                                        "0.00",
                                        "0.00",
                                        "0.00",
                                        "0.00"
                                    ],
                                    "data_is_censored": [
                                        false,
                                        false,
                                        false,
                                        false,
                                        false
                                    ],
                                    "data_numeric_part": [
                                        0.0,
                                        0.0,
                                        0.0,
                                        0.0,
                                        0.0
                                    ],
                                    "preferred_visualization": "time_series"
                                }
                            ]
                        }
                    ]
                },
                {
                    "targetCode": "16.9",
                    "indicators": [
                        {
                            "indicatorCode": "16.9.1",
                            "facts": [
                                {
                                    "seriesCode": "SG_REG_BRTH",
                                    "seriesTitle": "Proportion of children under 5 years of age whose births have been registered with a civil authority (% of children under 5 years of age)",
                                    "hub": "",
                                    "slice_dimensions": {
                                        "Age": "<5Y"
                                    },
                                    "text_type": "3",
                                    "fact_text": "In <span class='fact-year'> 2014</span> , there were about <span class='fact-value'> 100</span> <span class='fact-unit'>%</span>  of children under age 5 whose births were registered with a civil authority",
                                    "fact_values": [
                                        "100"
                                    ],
                                    "fact_units": [
                                        "%"
                                    ],
                                    "fact_years": [
                                        "2014"
                                    ],
                                    "data_years": [
                                        "2014"
                                    ],
                                    "data_values": [
                                        "100"
                                    ],
                                    "data_is_censored": [
                                        false
                                    ],
                                    "data_numeric_part": [
                                        100.0
                                    ],
                                    "preferred_visualization": "singleton"
                                }
                            ]
                        }
                    ]
                }
            ]
        },
        {
            "goalCode": "17",
            "targets": [
                {
                    "targetCode": "17.6",
                    "indicators": [
                        {
                            "indicatorCode": "17.6.2",
                            "facts": [
                                {
                                    "seriesCode": "IT_NET_BBP",
                                    "seriesTitle": "Fixed Internet broadband subscriptions per 100\u00a0inhabitants, by speed (per 100 inhabitants)",
                                    "hub": "f59cf3f8a0ec41a2b601a28682e6f2c8",
                                    "slice_dimensions": {
                                        "Type of speed": "ANYS"
                                    },
                                    "text_type": "15",
                                    "fact_text": "In <span class='fact-year'> 2017</span> , fixed-broadband internet penetration reached <span class='fact-value'> 49.77</span>  <span class='fact-unit'>% of the population</span> , up from 2.5% of the population in <span class='fact-year'> 2000</span> .",
                                    "fact_values": [
                                        "2.49",
                                        "49.77"
                                    ],
                                    "fact_units": [
                                        "% of the population",
                                        "% of the population"
                                    ],
                                    "fact_years": [
                                        "2000",
                                        "2017"
                                    ],
                                    "data_years": [
                                        "2004",
                                        "2005",
                                        "2006",
                                        "2003",
                                        "2000",
                                        "2001",
                                        "2002",
                                        "2011",
                                        "2012",
                                        "2013",
                                        "2010",
                                        "2007",
                                        "2008",
                                        "2009",
                                        "2017",
                                        "2014",
                                        "2015",
                                        "2016"
                                    ],
                                    "data_values": [
                                        "22.83",
                                        "28.11",
                                        "31.97",
                                        "19.84",
                                        "2.49",
                                        "8.21",
                                        "15.03",
                                        "42.46",
                                        "43.03",
                                        "44.50",
                                        "37.20",
                                        "35.03",
                                        "36.26",
                                        "36.68",
                                        "49.77",
                                        "46.68",
                                        "47.91",
                                        "48.35"
                                    ],
                                    "data_is_censored": [
                                        false,
                                        false,
                                        false,
                                        false,
                                        false,
                                        false,
                                        false,
                                        false,
                                        false,
                                        false,
                                        false,
                                        false,
                                        false,
                                        false,
                                        false,
                                        false,
                                        false,
                                        false
                                    ],
                                    "data_numeric_part": [
                                        23.0,
                                        28.0,
                                        32.0,
                                        20.0,
                                        2.5,
                                        8.2,
                                        15.0,
                                        42.0,
                                        43.0,
                                        45.0,
                                        37.0,
                                        35.0,
                                        36.0,
                                        37.0,
                                        50.0,
                                        47.0,
                                        48.0,
                                        48.0
                                    ],
                                    "preferred_visualization": "time_series"
                                }
                            ]
                        }
                    ]
                }
            ]
        }
    ]
}