{
    "release": "2019.Q1.G.02",
    "country_code": "408",
    "country_name": "Democratic People's Republic of Korea",
    "X": "127.1803633",
    "Y": "40.1462645",
    "goals": [
        {
            "goalCode": "2",
            "targets": [
                {
                    "targetCode": "2.1",
                    "indicators": [
                        {
                            "indicatorCode": "2.1.1",
                            "facts": [
                                {
                                    "seriesCode": "SN_ITK_DEFC",
                                    "seriesTitle": "Prevalence of undernourishment (%)",
                                    "hub": "65925035bb984f66aa03480f6754c4fe",
                                    "slice_dimensions": {},
                                    "text_type": "7",
                                    "fact_text": "The proportion of the population suffering from hunger was <span class='fact-value'> 43.4</span>  <span class='fact-unit'>%</span>  in <span class='fact-year'> 2016</span> .",
                                    "fact_values": [
                                        "43.4"
                                    ],
                                    "fact_units": [
                                        "%"
                                    ],
                                    "fact_years": [
                                        "2016"
                                    ],
                                    "data_years": [
                                        "2010",
                                        "2011",
                                        "2016",
                                        "2013",
                                        "2014",
                                        "2015",
                                        "2012",
                                        "2001",
                                        "2000",
                                        "2003",
                                        "2002",
                                        "2008",
                                        "2007",
                                        "2009",
                                        "2004",
                                        "2006",
                                        "2005"
                                    ],
                                    "data_values": [
                                        "41.8",
                                        "41.7",
                                        "43.4",
                                        "41.7",
                                        "42.3",
                                        "42.8",
                                        "41.6",
                                        "37.1",
                                        "37.5",
                                        "34.5",
                                        "35.5",
                                        "40.8",
                                        "39.3",
                                        "41.5",
                                        "34.1",
                                        "37.3",
                                        "35.4"
                                    ],
                                    "data_is_censored": [
                                        false,
                                        false,
                                        false,
                                        false,
                                        false,
                                        false,
                                        false,
                                        false,
                                        false,
                                        false,
                                        false,
                                        false,
                                        false,
                                        false,
                                        false,
                                        false,
                                        false
                                    ],
                                    "data_numeric_part": [
                                        42.0,
                                        42.0,
                                        43.0,
                                        42.0,
                                        42.0,
                                        43.0,
                                        42.0,
                                        37.0,
                                        38.0,
                                        35.0,
                                        36.0,
                                        41.0,
                                        39.0,
                                        42.0,
                                        34.0,
                                        37.0,
                                        35.0
                                    ],
                                    "preferred_visualization": "time_series"
                                }
                            ]
                        }
                    ]
                },
                {
                    "targetCode": "2.2",
                    "indicators": [
                        {
                            "indicatorCode": "2.2.1",
                            "facts": [
                                {
                                    "seriesCode": "SH_STA_STUNT",
                                    "seriesTitle": "Proportion of children moderately or severely stunted (%)",
                                    "hub": "8c0866ad73ae486ba647f5490fed5529",
                                    "slice_dimensions": {
                                        "Age": "<5Y",
                                        "Bounds": "MP"
                                    },
                                    "text_type": "2",
                                    "fact_text": "In <span class='fact-year'>2012</span>, <span class='fact-value'>27.9</span> <span class='fact-unit'>% </span> of children under age 5 had stunted growth",
                                    "fact_values": [
                                        "27.9"
                                    ],
                                    "fact_units": [
                                        "% "
                                    ],
                                    "fact_years": [
                                        "2012"
                                    ],
                                    "data_years": [
                                        "2000",
                                        "2002",
                                        "2009",
                                        "2012",
                                        "2004"
                                    ],
                                    "data_values": [
                                        "51.0",
                                        "44.7",
                                        "32.4",
                                        "27.9",
                                        "43.1"
                                    ],
                                    "data_is_censored": [
                                        false,
                                        false,
                                        false,
                                        false,
                                        false
                                    ],
                                    "data_numeric_part": [
                                        51.0,
                                        45.0,
                                        32.0,
                                        28.0,
                                        43.0
                                    ],
                                    "preferred_visualization": "time_series"
                                }
                            ]
                        },
                        {
                            "indicatorCode": "2.2.2",
                            "facts": [
                                {
                                    "seriesCode": "SH_STA_OVRWGT",
                                    "seriesTitle": "Proportion of children moderately or severely overweight (%)",
                                    "hub": "a012070afbd3486d9c0596352b9698d6",
                                    "slice_dimensions": {
                                        "Age": "<5Y",
                                        "Bounds": "MP"
                                    },
                                    "text_type": "1",
                                    "fact_text": "The share of overweight children under age 5 was <span class='fact-value'>0.9</span> <span class='fact-unit'>%</span> in <span class='fact-year'>2002</span>.",
                                    "fact_values": [
                                        "0.9"
                                    ],
                                    "fact_units": [
                                        "%"
                                    ],
                                    "fact_years": [
                                        "2002"
                                    ],
                                    "data_years": [
                                        "2002"
                                    ],
                                    "data_values": [
                                        "0.9"
                                    ],
                                    "data_is_censored": [
                                        false
                                    ],
                                    "data_numeric_part": [
                                        0.9
                                    ],
                                    "preferred_visualization": "singleton"
                                }
                            ]
                        }
                    ]
                }
            ]
        },
        {
            "goalCode": "3",
            "targets": [
                {
                    "targetCode": "3.1",
                    "indicators": [
                        {
                            "indicatorCode": "3.1.1",
                            "facts": [
                                {
                                    "seriesCode": "SH_STA_MMR",
                                    "seriesTitle": "Maternal mortality ratio",
                                    "hub": "0c846dfa5bab411c9a1a21ae40dd0232",
                                    "slice_dimensions": {
                                        "Bounds": "MP"
                                    },
                                    "text_type": "14",
                                    "fact_text": "The maternal mortality ratio increased from <span class='fact-value'>75</span>  <span class='fact-unit'> per 100,000 live births</span>  in <span class='fact-year'> 1990</span>  to <span class='fact-value'> 82</span>  <span class='fact-unit'> per 100,000 live births</span>  in <span class='fact-year'> 2015</span> .",
                                    "fact_values": [
                                        "75",
                                        "82"
                                    ],
                                    "fact_units": [
                                        " per 100,000 live births",
                                        " per 100,000 live births"
                                    ],
                                    "fact_years": [
                                        "1990",
                                        "2015"
                                    ],
                                    "data_years": [
                                        "2015",
                                        "2014",
                                        "2013",
                                        "1990",
                                        "1993",
                                        "1992",
                                        "1991",
                                        "1994",
                                        "2007",
                                        "2006",
                                        "2005",
                                        "2008",
                                        "2012",
                                        "2011",
                                        "2010",
                                        "2009",
                                        "2004",
                                        "1998",
                                        "1997",
                                        "1996",
                                        "1995",
                                        "2003",
                                        "2002",
                                        "2001",
                                        "2000",
                                        "1999"
                                    ],
                                    "data_values": [
                                        "82",
                                        "85",
                                        "87",
                                        "75",
                                        "56",
                                        "56",
                                        "63",
                                        "65",
                                        "104",
                                        "104",
                                        "105",
                                        "103",
                                        "91",
                                        "95",
                                        "97",
                                        "100",
                                        "106",
                                        "127",
                                        "116",
                                        "99",
                                        "81",
                                        "109",
                                        "114",
                                        "121",
                                        "128",
                                        "131"
                                    ],
                                    "data_is_censored": [
                                        false,
                                        false,
                                        false,
                                        false,
                                        false,
                                        false,
                                        false,
                                        false,
                                        false,
                                        false,
                                        false,
                                        false,
                                        false,
                                        false,
                                        false,
                                        false,
                                        false,
                                        false,
                                        false,
                                        false,
                                        false,
                                        false,
                                        false,
                                        false,
                                        false,
                                        false
                                    ],
                                    "data_numeric_part": [
                                        82.0,
                                        85.0,
                                        87.0,
                                        75.0,
                                        56.0,
                                        56.0,
                                        63.0,
                                        65.0,
                                        104.0,
                                        104.0,
                                        105.0,
                                        103.0,
                                        91.0,
                                        95.0,
                                        97.0,
                                        100.0,
                                        106.0,
                                        127.0,
                                        116.0,
                                        99.0,
                                        81.0,
                                        109.0,
                                        114.0,
                                        121.0,
                                        128.0,
                                        131.0
                                    ],
                                    "preferred_visualization": "time_series"
                                }
                            ]
                        }
                    ]
                },
                {
                    "targetCode": "3.2",
                    "indicators": [
                        {
                            "indicatorCode": "3.2.1",
                            "facts": [
                                {
                                    "seriesCode": "SH_DYN_MORT",
                                    "seriesTitle": "Under-five mortality rate, by sex (deaths per 1,000 live births)",
                                    "hub": "216c7516b9444f289e8f7910c8726e9f",
                                    "slice_dimensions": {
                                        "Age": "<5Y",
                                        "Sex": "BOTHSEX"
                                    },
                                    "text_type": "1",
                                    "fact_text": "The mortality rate of children under age 5 fell from <span class='fact-value'>59.9</span> <span class='fact-unit'> per 1,000 live births</span> in <span class='fact-year'>2000</span> to <span class='fact-value'>19 per 1,000 live births</span>  in  <span class='fact-year'>2017</span>.",
                                    "fact_values": [
                                        "59.9",
                                        "19"
                                    ],
                                    "fact_units": [
                                        " per 1,000 live births",
                                        " per 1,000 live births"
                                    ],
                                    "fact_years": [
                                        "2000",
                                        "2017"
                                    ],
                                    "data_years": [
                                        "2008",
                                        "2007",
                                        "2006",
                                        "2002",
                                        "2000",
                                        "2001",
                                        "2004",
                                        "2005",
                                        "2003",
                                        "2016",
                                        "2014",
                                        "2015",
                                        "2017",
                                        "2010",
                                        "2011",
                                        "2009",
                                        "2013",
                                        "2012"
                                    ],
                                    "data_values": [
                                        "31.8",
                                        "32.2",
                                        "32.3",
                                        "44.6",
                                        "59.9",
                                        "52",
                                        "34.9",
                                        "32.9",
                                        "38.8",
                                        "20",
                                        "22.4",
                                        "21",
                                        "19",
                                        "29.5",
                                        "27.6",
                                        "30.9",
                                        "23.9",
                                        "25.7"
                                    ],
                                    "data_is_censored": [
                                        false,
                                        false,
                                        false,
                                        false,
                                        false,
                                        false,
                                        false,
                                        false,
                                        false,
                                        false,
                                        false,
                                        false,
                                        false,
                                        false,
                                        false,
                                        false,
                                        false,
                                        false
                                    ],
                                    "data_numeric_part": [
                                        32.0,
                                        32.0,
                                        32.0,
                                        45.0,
                                        60.0,
                                        52.0,
                                        35.0,
                                        33.0,
                                        39.0,
                                        20.0,
                                        22.0,
                                        21.0,
                                        19.0,
                                        30.0,
                                        28.0,
                                        31.0,
                                        24.0,
                                        26.0
                                    ],
                                    "preferred_visualization": "time_series"
                                }
                            ]
                        }
                    ]
                },
                {
                    "targetCode": "3.4",
                    "indicators": [
                        {
                            "indicatorCode": "3.4.1",
                            "facts": [
                                {
                                    "seriesCode": "SH_DTH_NCOM",
                                    "seriesTitle": "Mortality rate attributed to cardiovascular disease, cancer, diabetes or chronic respiratory disease (probability)",
                                    "hub": "512b7b1d05a14b90853ea5ca1d003b1b",
                                    "slice_dimensions": {
                                        "Age": "30-70",
                                        "Sex": "BOTHSEX"
                                    },
                                    "text_type": "1",
                                    "fact_text": "The risk of dying between the ages of 30 and 70 from one of four main non-communicable diseases (NCDs) - cardiovascular disease, cancer, diabetes or chronic respiratory disease - increased from <span class='fact-value'>23.6</span> <span class='fact-unit'>%</span> in <span class='fact-year'>2000</span> to <span class='fact-value'>25.6%</span>  in  <span class='fact-year'>2016</span>.",
                                    "fact_values": [
                                        "23.6",
                                        "25.6"
                                    ],
                                    "fact_units": [
                                        "%",
                                        "%"
                                    ],
                                    "fact_years": [
                                        "2000",
                                        "2016"
                                    ],
                                    "data_years": [
                                        "2000",
                                        "2005",
                                        "2016",
                                        "2015",
                                        "2010"
                                    ],
                                    "data_values": [
                                        "23.6",
                                        "26.5",
                                        "25.6",
                                        "25.8",
                                        "27.3"
                                    ],
                                    "data_is_censored": [
                                        false,
                                        false,
                                        false,
                                        false,
                                        false
                                    ],
                                    "data_numeric_part": [
                                        24.0,
                                        27.0,
                                        26.0,
                                        26.0,
                                        27.0
                                    ],
                                    "preferred_visualization": "time_series"
                                }
                            ]
                        }
                    ]
                }
            ]
        },
        {
            "goalCode": "5",
            "targets": [
                {
                    "targetCode": "5.5",
                    "indicators": [
                        {
                            "indicatorCode": "5.5.1",
                            "facts": [
                                {
                                    "seriesCode": "SG_GEN_PARL",
                                    "seriesTitle": "Proportion of seats held by women in national parliaments (% of total number of seats)",
                                    "hub": "337524c727bd498c8726f9f6bc6512e1",
                                    "slice_dimensions": {
                                        "Sex": "FEMALE"
                                    },
                                    "text_type": "1",
                                    "fact_text": "The proportion of seats held by women in single or lower houses of parliament declined from <span class='fact-value'>20.0873</span> <span class='fact-unit'>%</span> in <span class='fact-year'>2000</span> to <span class='fact-value'>16.3028%</span>  in  <span class='fact-year'>2018</span>.",
                                    "fact_values": [
                                        "20.0873",
                                        "16.3028"
                                    ],
                                    "fact_units": [
                                        "%",
                                        "%"
                                    ],
                                    "fact_years": [
                                        "2000",
                                        "2018"
                                    ],
                                    "data_years": [
                                        "2013",
                                        "2016",
                                        "2018",
                                        "2014",
                                        "2017",
                                        "2015",
                                        "2003",
                                        "2005",
                                        "2001",
                                        "2000",
                                        "2002",
                                        "2010",
                                        "2012",
                                        "2011",
                                        "2007",
                                        "2006",
                                        "2009",
                                        "2008"
                                    ],
                                    "data_values": [
                                        "15.575",
                                        "16.3028",
                                        "16.3028",
                                        "15.575",
                                        "16.3028",
                                        "16.3028",
                                        "20.0873",
                                        "20.0873",
                                        "20.0873",
                                        "20.0873",
                                        "20.0873",
                                        "15.575",
                                        "15.575",
                                        "15.575",
                                        "20.0873",
                                        "20.0873",
                                        "20.0873",
                                        "20.0873"
                                    ],
                                    "data_is_censored": [
                                        false,
                                        false,
                                        false,
                                        false,
                                        false,
                                        false,
                                        false,
                                        false,
                                        false,
                                        false,
                                        false,
                                        false,
                                        false,
                                        false,
                                        false,
                                        false,
                                        false,
                                        false
                                    ],
                                    "data_numeric_part": [
                                        16.0,
                                        16.0,
                                        16.0,
                                        16.0,
                                        16.0,
                                        16.0,
                                        20.0,
                                        20.0,
                                        20.0,
                                        20.0,
                                        20.0,
                                        16.0,
                                        16.0,
                                        16.0,
                                        20.0,
                                        20.0,
                                        20.0,
                                        20.0
                                    ],
                                    "preferred_visualization": "time_series"
                                }
                            ]
                        }
                    ]
                }
            ]
        },
        {
            "goalCode": "7",
            "targets": [
                {
                    "targetCode": "7.1",
                    "indicators": [
                        {
                            "indicatorCode": "7.1.1",
                            "facts": [
                                {
                                    "seriesCode": "EG_ELC_ACCS",
                                    "seriesTitle": "Proportion of population with access to electricity, by urban/rural (%)",
                                    "hub": "81cf3e70351c4895828a2486efa2142c",
                                    "slice_dimensions": {
                                        "Location": "ALLAREA"
                                    },
                                    "text_type": "1",
                                    "fact_text": "The proportion of the population with access to electricity increased from <span class='fact-value'>11.65</span> <span class='fact-unit'>%</span> in <span class='fact-year'>2000</span> to <span class='fact-value'>39.24%</span>  in  <span class='fact-year'>2016</span>.",
                                    "fact_values": [
                                        "11.65",
                                        "39.24"
                                    ],
                                    "fact_units": [
                                        "%",
                                        "%"
                                    ],
                                    "fact_years": [
                                        "2000",
                                        "2016"
                                    ],
                                    "data_years": [
                                        "2006",
                                        "2005",
                                        "2000",
                                        "2002",
                                        "2001",
                                        "2003",
                                        "2004",
                                        "2012",
                                        "2015",
                                        "2013",
                                        "2014",
                                        "2016",
                                        "2008",
                                        "2009",
                                        "2007",
                                        "2011",
                                        "2010"
                                    ],
                                    "data_values": [
                                        "21.63",
                                        "19.96",
                                        "11.65",
                                        "14.98",
                                        "13.32",
                                        "16.64",
                                        "18.29",
                                        "32.07",
                                        "37.45",
                                        "33.85",
                                        "35.65",
                                        "39.24",
                                        "25.03",
                                        "26.00",
                                        "23.32",
                                        "30.29",
                                        "28.52"
                                    ],
                                    "data_is_censored": [
                                        false,
                                        false,
                                        false,
                                        false,
                                        false,
                                        false,
                                        false,
                                        false,
                                        false,
                                        false,
                                        false,
                                        false,
                                        false,
                                        false,
                                        false,
                                        false,
                                        false
                                    ],
                                    "data_numeric_part": [
                                        22.0,
                                        20.0,
                                        12.0,
                                        15.0,
                                        13.0,
                                        17.0,
                                        18.0,
                                        32.0,
                                        37.0,
                                        34.0,
                                        36.0,
                                        39.0,
                                        25.0,
                                        26.0,
                                        23.0,
                                        30.0,
                                        29.0
                                    ],
                                    "preferred_visualization": "time_series"
                                }
                            ]
                        },
                        {
                            "indicatorCode": "7.1.2",
                            "facts": [
                                {
                                    "seriesCode": "EG_EGY_CLEAN",
                                    "seriesTitle": "Proportion of population with primary reliance on clean fuels and technology (%)",
                                    "hub": "b087399f0b874ab9948714edcd49cbdd",
                                    "slice_dimensions": {},
                                    "text_type": "8",
                                    "fact_text": "In <span class='fact-year'> 2017</span> , <span class='fact-value'> 11</span>  <span class='fact-unit'>% </span> of the population relied primarily on clean fuels and technology.",
                                    "fact_values": [
                                        "11"
                                    ],
                                    "fact_units": [
                                        "% "
                                    ],
                                    "fact_years": [
                                        "2017"
                                    ],
                                    "data_years": [
                                        "2005",
                                        "2017",
                                        "2016",
                                        "2015",
                                        "2010",
                                        "2000"
                                    ],
                                    "data_values": [
                                        "less than 5",
                                        "11",
                                        "10",
                                        "9",
                                        "6",
                                        "less than 5"
                                    ],
                                    "data_is_censored": [
                                        true,
                                        false,
                                        false,
                                        false,
                                        false,
                                        true
                                    ],
                                    "data_numeric_part": [
                                        5.0,
                                        11.0,
                                        10.0,
                                        9.0,
                                        6.0,
                                        5.0
                                    ],
                                    "preferred_visualization": "time_series"
                                }
                            ]
                        }
                    ]
                }
            ]
        },
        {
            "goalCode": "8",
            "targets": [
                {
                    "targetCode": "8.4",
                    "indicators": [
                        {
                            "indicatorCode": "8.4.2",
                            "facts": [
                                {
                                    "seriesCode": "EN_MAT_DOMCMPC",
                                    "seriesTitle": "Domestic material consumption per capita, by type of raw material (tonnes)",
                                    "hub": "995242b2ec9f4a21975ef7d47b5657bb",
                                    "slice_dimensions": {
                                        "Type of product": "RAW"
                                    },
                                    "text_type": "1",
                                    "fact_text": "Domestic material consumption decreased from <span class='fact-value'>4.19508</span> <span class='fact-unit'> metric tons per capita</span> in <span class='fact-year'>2000</span> to <span class='fact-value'>3.62622 metric tons per capita</span>  in  <span class='fact-year'>2017</span>.",
                                    "fact_values": [
                                        "4.19508",
                                        "3.62622"
                                    ],
                                    "fact_units": [
                                        " metric tons per capita",
                                        " metric tons per capita"
                                    ],
                                    "fact_years": [
                                        "2000",
                                        "2017"
                                    ],
                                    "data_years": [
                                        "2017",
                                        "2016",
                                        "2013",
                                        "2012",
                                        "2015",
                                        "2014",
                                        "2001",
                                        "2000",
                                        "2003",
                                        "2002",
                                        "2009",
                                        "2008",
                                        "2011",
                                        "2010",
                                        "2005",
                                        "2004",
                                        "2007",
                                        "2006"
                                    ],
                                    "data_values": [
                                        "3.62622",
                                        "3.71695",
                                        "3.75521",
                                        "4.08949",
                                        "3.80908",
                                        "3.82732",
                                        "4.44103",
                                        "4.19508",
                                        "4.61478",
                                        "4.48621",
                                        "4.50827",
                                        "4.54822",
                                        "4.07217",
                                        "4.41799",
                                        "4.66641",
                                        "4.61087",
                                        "4.44552",
                                        "4.75767"
                                    ],
                                    "data_is_censored": [
                                        false,
                                        false,
                                        false,
                                        false,
                                        false,
                                        false,
                                        false,
                                        false,
                                        false,
                                        false,
                                        false,
                                        false,
                                        false,
                                        false,
                                        false,
                                        false,
                                        false,
                                        false
                                    ],
                                    "data_numeric_part": [
                                        3.6,
                                        3.7,
                                        3.8,
                                        4.1,
                                        3.8,
                                        3.8,
                                        4.4,
                                        4.2,
                                        4.6,
                                        4.5,
                                        4.5,
                                        4.5,
                                        4.1,
                                        4.4,
                                        4.7,
                                        4.6,
                                        4.4,
                                        4.8
                                    ],
                                    "preferred_visualization": "time_series"
                                }
                            ]
                        }
                    ]
                },
                {
                    "targetCode": "8.1",
                    "indicators": [
                        {
                            "indicatorCode": "8.1.1",
                            "facts": [
                                {
                                    "seriesCode": "NY_GDP_PCAP",
                                    "seriesTitle": "Annual growth rate of real GDP per capita (%)",
                                    "hub": "3cb997d2497148e68dca6787fcb84ca5",
                                    "slice_dimensions": {},
                                    "text_type": "1",
                                    "fact_text": "The annual growth rate of real gross domestic product (GDP) per capita was <span class='fact-value'>-3.95</span> <span class='fact-unit'>%</span> in <span class='fact-year'>2017</span>.",
                                    "fact_values": [
                                        "-3.95"
                                    ],
                                    "fact_units": [
                                        "%"
                                    ],
                                    "fact_years": [
                                        "2017"
                                    ],
                                    "data_years": [
                                        "2016",
                                        "2017",
                                        "2015",
                                        "2001",
                                        "2002",
                                        "2003",
                                        "2004",
                                        "2000",
                                        "2011",
                                        "2012",
                                        "2013",
                                        "2014",
                                        "2005",
                                        "2010",
                                        "2006",
                                        "2007",
                                        "2008",
                                        "2009"
                                    ],
                                    "data_values": [
                                        "3.36",
                                        "-3.95",
                                        "-1.64",
                                        "2.92",
                                        "0.49",
                                        "1.16",
                                        "1.44",
                                        "-0.50",
                                        "0.26",
                                        "0.77",
                                        "0.54",
                                        "0.52",
                                        "3.00",
                                        "-0.99",
                                        "-1.67",
                                        "-1.77",
                                        "2.54",
                                        "-1.43"
                                    ],
                                    "data_is_censored": [
                                        false,
                                        false,
                                        false,
                                        false,
                                        false,
                                        false,
                                        false,
                                        false,
                                        false,
                                        false,
                                        false,
                                        false,
                                        false,
                                        false,
                                        false,
                                        false,
                                        false,
                                        false
                                    ],
                                    "data_numeric_part": [
                                        3.4,
                                        -3.95,
                                        -1.64,
                                        2.9,
                                        0.49,
                                        1.2,
                                        1.4,
                                        -0.5,
                                        0.26,
                                        0.77,
                                        0.54,
                                        0.52,
                                        3.0,
                                        -0.99,
                                        -1.67,
                                        -1.77,
                                        2.5,
                                        -1.43
                                    ],
                                    "preferred_visualization": "time_series"
                                }
                            ]
                        }
                    ]
                }
            ]
        },
        {
            "goalCode": "9",
            "targets": [
                {
                    "targetCode": "9.4",
                    "indicators": [
                        {
                            "indicatorCode": "9.4.1",
                            "facts": [
                                {
                                    "seriesCode": "EN_ATM_CO2GDP",
                                    "seriesTitle": "Carbon dioxide emissions per unit of GDP (kilogrammes of CO2 per constant 2010 United States dollars)",
                                    "hub": "b5ff535a5fa841659c576685489dfac7",
                                    "slice_dimensions": {},
                                    "text_type": "1",
                                    "fact_text": "The carbon dioxide emissions per unit of GDP decreased from <span class='fact-value'>0.63</span> <span class='fact-unit'> kilograms</span> in <span class='fact-year'>2000</span> to <span class='fact-value'>0.25 kilograms</span>  in  <span class='fact-year'>2016</span>.",
                                    "fact_values": [
                                        "0.63",
                                        "0.25"
                                    ],
                                    "fact_units": [
                                        " kilograms",
                                        " kilograms"
                                    ],
                                    "fact_years": [
                                        "2000",
                                        "2016"
                                    ],
                                    "data_years": [
                                        "2005",
                                        "2006",
                                        "2007",
                                        "2008",
                                        "2009",
                                        "2010",
                                        "2011",
                                        "2012",
                                        "2013",
                                        "2014",
                                        "2015",
                                        "2004",
                                        "2002",
                                        "2000",
                                        "2001",
                                        "2003",
                                        "2016"
                                    ],
                                    "data_values": [
                                        "0.7",
                                        "0.69",
                                        "0.58",
                                        "0.66",
                                        "0.48",
                                        "0.49",
                                        "0.36",
                                        "0.37",
                                        "0.25",
                                        "0.29",
                                        "0.22",
                                        "0.67",
                                        "0.64",
                                        "0.63",
                                        "0.67",
                                        "0.65",
                                        "0.25"
                                    ],
                                    "data_is_censored": [
                                        false,
                                        false,
                                        false,
                                        false,
                                        false,
                                        false,
                                        false,
                                        false,
                                        false,
                                        false,
                                        false,
                                        false,
                                        false,
                                        false,
                                        false,
                                        false,
                                        false
                                    ],
                                    "data_numeric_part": [
                                        0.7,
                                        0.69,
                                        0.58,
                                        0.66,
                                        0.48,
                                        0.49,
                                        0.36,
                                        0.37,
                                        0.25,
                                        0.29,
                                        0.22,
                                        0.67,
                                        0.64,
                                        0.63,
                                        0.67,
                                        0.65,
                                        0.25
                                    ],
                                    "preferred_visualization": "time_series"
                                }
                            ]
                        }
                    ]
                },
                {
                    "targetCode": "9.c",
                    "indicators": [
                        {
                            "indicatorCode": "9.c.1",
                            "facts": [
                                {
                                    "seriesCode": "IT_MOB_NTWK",
                                    "seriesTitle": "Proportion of population covered by a mobile network, by technology (%)",
                                    "hub": "8943ce6f81b44120b6124fedb3b094d8",
                                    "slice_dimensions": {
                                        "Type of mobile technology": "AL2G"
                                    },
                                    "text_type": "2",
                                    "fact_text": "In <span class='fact-year'>2017</span>, <span class='fact-value'>95.00</span> <span class='fact-unit'>% </span> of the population was in range of at least a second-generation (2G) cellular signal",
                                    "fact_values": [
                                        "95.00"
                                    ],
                                    "fact_units": [
                                        "% "
                                    ],
                                    "fact_years": [
                                        "2017"
                                    ],
                                    "data_years": [
                                        "2017",
                                        "2016",
                                        "2015",
                                        "2007",
                                        "2006",
                                        "2005",
                                        "2003",
                                        "2002",
                                        "2001",
                                        "2000",
                                        "2004"
                                    ],
                                    "data_values": [
                                        "95.00",
                                        "95.00",
                                        "95.00",
                                        "0.00",
                                        "0.00",
                                        "0.00",
                                        "0.00",
                                        "0.00",
                                        "0.00",
                                        "0.00",
                                        "0.00"
                                    ],
                                    "data_is_censored": [
                                        false,
                                        false,
                                        false,
                                        false,
                                        false,
                                        false,
                                        false,
                                        false,
                                        false,
                                        false,
                                        false
                                    ],
                                    "data_numeric_part": [
                                        95.0,
                                        95.0,
                                        95.0,
                                        0.0,
                                        0.0,
                                        0.0,
                                        0.0,
                                        0.0,
                                        0.0,
                                        0.0,
                                        0.0
                                    ],
                                    "preferred_visualization": "time_series"
                                }
                            ]
                        }
                    ]
                }
            ]
        },
        {
            "goalCode": "11",
            "targets": [
                {
                    "targetCode": "11.6",
                    "indicators": [
                        {
                            "indicatorCode": "11.6.2",
                            "facts": [
                                {
                                    "seriesCode": "EN_ATM_PM25",
                                    "seriesTitle": "Annual mean levels of fine particulate matter in cities, urban population (micrograms per cubic meter)",
                                    "hub": "5b43bb59961a46daa3b8af9384f60103",
                                    "slice_dimensions": {
                                        "Location": "ALLAREA"
                                    },
                                    "text_type": "10",
                                    "fact_text": "In <span class='fact-year'> 2016</span> , the annual population-weighted average mean concentration of fine suspended particles of less than 2.5 microns in diameters (PM2.5) was about <span class='fact-value'> 30.3993721008301</span>  <span class='fact-unit'> micrograms per cubic metre</span> .  This is above the maximum level for safety set by WHO of 10 micrograms per cubic metre.",
                                    "fact_values": [
                                        "30.3993721008301"
                                    ],
                                    "fact_units": [
                                        " micrograms per cubic metre"
                                    ],
                                    "fact_years": [
                                        "2016"
                                    ],
                                    "data_years": [
                                        "2016"
                                    ],
                                    "data_values": [
                                        "30.3993721008301"
                                    ],
                                    "data_is_censored": [
                                        false
                                    ],
                                    "data_numeric_part": [
                                        30.0
                                    ],
                                    "preferred_visualization": "threshold"
                                }
                            ]
                        }
                    ]
                }
            ]
        },
        {
            "goalCode": "12",
            "targets": [
                {
                    "targetCode": "12.2",
                    "indicators": [
                        {
                            "indicatorCode": "12.2.2",
                            "facts": [
                                {
                                    "seriesCode": "EN_MAT_DOMCMPC",
                                    "seriesTitle": "Domestic material consumption per capita, by type of raw material (tonnes)",
                                    "hub": "995242b2ec9f4a21975ef7d47b5657bb",
                                    "slice_dimensions": {
                                        "Type of product": "RAW"
                                    },
                                    "text_type": "1",
                                    "fact_text": "Domestic material consumption decreased from <span class='fact-value'>4.19508</span> <span class='fact-unit'> metric tons per capita</span> in <span class='fact-year'>2000</span> to <span class='fact-value'>3.62622 metric tons per capita</span>  in  <span class='fact-year'>2017</span>.",
                                    "fact_values": [
                                        "4.19508",
                                        "3.62622"
                                    ],
                                    "fact_units": [
                                        " metric tons per capita",
                                        " metric tons per capita"
                                    ],
                                    "fact_years": [
                                        "2000",
                                        "2017"
                                    ],
                                    "data_years": [
                                        "2017",
                                        "2016",
                                        "2013",
                                        "2012",
                                        "2015",
                                        "2014",
                                        "2001",
                                        "2000",
                                        "2003",
                                        "2002",
                                        "2009",
                                        "2008",
                                        "2011",
                                        "2010",
                                        "2005",
                                        "2004",
                                        "2007",
                                        "2006"
                                    ],
                                    "data_values": [
                                        "3.62622",
                                        "3.71695",
                                        "3.75521",
                                        "4.08949",
                                        "3.80908",
                                        "3.82732",
                                        "4.44103",
                                        "4.19508",
                                        "4.61478",
                                        "4.48621",
                                        "4.50827",
                                        "4.54822",
                                        "4.07217",
                                        "4.41799",
                                        "4.66641",
                                        "4.61087",
                                        "4.44552",
                                        "4.75767"
                                    ],
                                    "data_is_censored": [
                                        false,
                                        false,
                                        false,
                                        false,
                                        false,
                                        false,
                                        false,
                                        false,
                                        false,
                                        false,
                                        false,
                                        false,
                                        false,
                                        false,
                                        false,
                                        false,
                                        false,
                                        false
                                    ],
                                    "data_numeric_part": [
                                        3.6,
                                        3.7,
                                        3.8,
                                        4.1,
                                        3.8,
                                        3.8,
                                        4.4,
                                        4.2,
                                        4.6,
                                        4.5,
                                        4.5,
                                        4.5,
                                        4.1,
                                        4.4,
                                        4.7,
                                        4.6,
                                        4.4,
                                        4.8
                                    ],
                                    "preferred_visualization": "time_series"
                                }
                            ]
                        }
                    ]
                }
            ]
        },
        {
            "goalCode": "14",
            "targets": [
                {
                    "targetCode": "14.5",
                    "indicators": [
                        {
                            "indicatorCode": "14.5.1",
                            "facts": [
                                {
                                    "seriesCode": "ER_MRN_MARIN",
                                    "seriesTitle": "Coverage of protected areas in relation to marine areas (Exclusive Economic Zones) (%)",
                                    "hub": "2a0cad7f76284e8c978bfcb0fa15cd76",
                                    "slice_dimensions": {},
                                    "text_type": "8",
                                    "fact_text": "In <span class='fact-year'> 2018</span> , <span class='fact-value'> 0.02231</span>  <span class='fact-unit'>% </span> of the marine environment under national jurisdiction (up to 200 nautical miles from shore) was under protection.",
                                    "fact_values": [
                                        "0.02231"
                                    ],
                                    "fact_units": [
                                        "% "
                                    ],
                                    "fact_years": [
                                        "2018"
                                    ],
                                    "data_years": [
                                        "2018"
                                    ],
                                    "data_values": [
                                        "0.02231"
                                    ],
                                    "data_is_censored": [
                                        false
                                    ],
                                    "data_numeric_part": [
                                        0.02
                                    ],
                                    "preferred_visualization": "singleton"
                                }
                            ]
                        }
                    ]
                }
            ]
        },
        {
            "goalCode": "15",
            "targets": [
                {
                    "targetCode": "15.1",
                    "indicators": [
                        {
                            "indicatorCode": "15.1.1",
                            "facts": [
                                {
                                    "seriesCode": "AG_LND_FRST",
                                    "seriesTitle": "Forest area as a proportion of total land area (%)",
                                    "hub": "e23061ce674142b5b33c46ea5e031658",
                                    "slice_dimensions": {},
                                    "text_type": "1",
                                    "fact_text": "Land area covered by forest declined from <span class='fact-value'>57.57827</span> <span class='fact-unit'>%</span> in <span class='fact-year'>2000</span> to <span class='fact-value'>41.78224%</span>  in  <span class='fact-year'>2015</span>.",
                                    "fact_values": [
                                        "57.57827",
                                        "41.78224"
                                    ],
                                    "fact_units": [
                                        "%",
                                        "%"
                                    ],
                                    "fact_years": [
                                        "2000",
                                        "2015"
                                    ],
                                    "data_years": [
                                        "2015",
                                        "2010",
                                        "2005",
                                        "2000"
                                    ],
                                    "data_values": [
                                        "41.78224",
                                        "47.05589",
                                        "52.31293",
                                        "57.57827"
                                    ],
                                    "data_is_censored": [
                                        false,
                                        false,
                                        false,
                                        false
                                    ],
                                    "data_numeric_part": [
                                        42.0,
                                        47.0,
                                        52.0,
                                        58.0
                                    ],
                                    "preferred_visualization": "time_series"
                                }
                            ]
                        },
                        {
                            "indicatorCode": "15.1.2",
                            "facts": [
                                {
                                    "seriesCode": "ER_PTD_FRWRT",
                                    "seriesTitle": "Average proportion of Freshwater Key Biodiversity Areas (KBAs) covered by protected areas (%)",
                                    "hub": "5c12290ecd1c4a49bc3734721d941d10",
                                    "slice_dimensions": {
                                        "Bounds": "MP"
                                    },
                                    "text_type": "7",
                                    "fact_text": "The average proportion of freshwater key biodiversity areas (KBAs) covered by protected areas was <span class='fact-value'> 0</span>  <span class='fact-unit'>%</span>  in <span class='fact-year'> 2018</span> .",
                                    "fact_values": [
                                        "0"
                                    ],
                                    "fact_units": [
                                        "%"
                                    ],
                                    "fact_years": [
                                        "2018"
                                    ],
                                    "data_years": [
                                        "2016",
                                        "2017",
                                        "2018",
                                        "2015",
                                        "2002",
                                        "2003",
                                        "2004",
                                        "2005",
                                        "2000",
                                        "2001",
                                        "2011",
                                        "2012",
                                        "2013",
                                        "2014",
                                        "2006",
                                        "2007",
                                        "2008",
                                        "2009",
                                        "2010"
                                    ],
                                    "data_values": [
                                        "0",
                                        "0",
                                        "0",
                                        "0",
                                        "0",
                                        "0",
                                        "0",
                                        "0",
                                        "0",
                                        "0",
                                        "0",
                                        "0",
                                        "0",
                                        "0",
                                        "0",
                                        "0",
                                        "0",
                                        "0",
                                        "0"
                                    ],
                                    "data_is_censored": [
                                        false,
                                        false,
                                        false,
                                        false,
                                        false,
                                        false,
                                        false,
                                        false,
                                        false,
                                        false,
                                        false,
                                        false,
                                        false,
                                        false,
                                        false,
                                        false,
                                        false,
                                        false,
                                        false
                                    ],
                                    "data_numeric_part": [
                                        0.0,
                                        0.0,
                                        0.0,
                                        0.0,
                                        0.0,
                                        0.0,
                                        0.0,
                                        0.0,
                                        0.0,
                                        0.0,
                                        0.0,
                                        0.0,
                                        0.0,
                                        0.0,
                                        0.0,
                                        0.0,
                                        0.0,
                                        0.0,
                                        0.0
                                    ],
                                    "preferred_visualization": "time_series"
                                },
                                {
                                    "seriesCode": "ER_PTD_TERRS",
                                    "seriesTitle": "Average proportion of Terrestrial Key Biodiversity Areas (KBAs) covered by protected areas (%)",
                                    "hub": "c2c0216c53744dd7b5278e398328bc99",
                                    "slice_dimensions": {
                                        "Bounds": "MP"
                                    },
                                    "text_type": "7",
                                    "fact_text": "The average proportion of terrestrial key biodiversity areas (KBAs) covered by protected areas was <span class='fact-value'> 11.61623</span>  <span class='fact-unit'>%</span>  in <span class='fact-year'> 2018</span> .",
                                    "fact_values": [
                                        "11.61623"
                                    ],
                                    "fact_units": [
                                        "%"
                                    ],
                                    "fact_years": [
                                        "2018"
                                    ],
                                    "data_years": [
                                        "2007",
                                        "2008",
                                        "2006",
                                        "2009",
                                        "2010",
                                        "2011",
                                        "2012",
                                        "2000",
                                        "2001",
                                        "2002",
                                        "2003",
                                        "2004",
                                        "2005",
                                        "2013",
                                        "2014",
                                        "2015",
                                        "2016",
                                        "2017",
                                        "2018"
                                    ],
                                    "data_values": [
                                        "11.61623",
                                        "11.61623",
                                        "11.61623",
                                        "11.61623",
                                        "11.61623",
                                        "11.61623",
                                        "11.61623",
                                        "11.61623",
                                        "11.61623",
                                        "11.61623",
                                        "11.61623",
                                        "11.61623",
                                        "11.61623",
                                        "11.61623",
                                        "11.61623",
                                        "11.61623",
                                        "11.61623",
                                        "11.61623",
                                        "11.61623"
                                    ],
                                    "data_is_censored": [
                                        false,
                                        false,
                                        false,
                                        false,
                                        false,
                                        false,
                                        false,
                                        false,
                                        false,
                                        false,
                                        false,
                                        false,
                                        false,
                                        false,
                                        false,
                                        false,
                                        false,
                                        false,
                                        false
                                    ],
                                    "data_numeric_part": [
                                        12.0,
                                        12.0,
                                        12.0,
                                        12.0,
                                        12.0,
                                        12.0,
                                        12.0,
                                        12.0,
                                        12.0,
                                        12.0,
                                        12.0,
                                        12.0,
                                        12.0,
                                        12.0,
                                        12.0,
                                        12.0,
                                        12.0,
                                        12.0,
                                        12.0
                                    ],
                                    "preferred_visualization": "time_series"
                                }
                            ]
                        }
                    ]
                }
            ]
        },
        {
            "goalCode": "16",
            "targets": [
                {
                    "targetCode": "16.1",
                    "indicators": [
                        {
                            "indicatorCode": "16.1.1",
                            "facts": [
                                {
                                    "seriesCode": "VC_IHR_PSRC",
                                    "seriesTitle": "Number of victims of intentional homicide per 100,000 population, by sex (victims per 100,000 population)",
                                    "hub": "b65e89e905a744e5992889ddc27f8fc7",
                                    "slice_dimensions": {},
                                    "text_type": "11",
                                    "fact_text": "In <span class='fact-year'> 2015</span> , the intentional homicide rate was <span class='fact-value'> 4.40</span>  <span class='fact-unit'> per 100,000 population</span> . ",
                                    "fact_values": [
                                        "4.40"
                                    ],
                                    "fact_units": [
                                        " per 100,000 population"
                                    ],
                                    "fact_years": [
                                        "2015"
                                    ],
                                    "data_years": [
                                        "2015",
                                        "2010"
                                    ],
                                    "data_values": [
                                        "4.40",
                                        "4.79"
                                    ],
                                    "data_is_censored": [
                                        false,
                                        false
                                    ],
                                    "data_numeric_part": [
                                        4.4,
                                        4.8
                                    ],
                                    "preferred_visualization": "singleton"
                                }
                            ]
                        }
                    ]
                },
                {
                    "targetCode": "16.9",
                    "indicators": [
                        {
                            "indicatorCode": "16.9.1",
                            "facts": [
                                {
                                    "seriesCode": "SG_REG_BRTH",
                                    "seriesTitle": "Proportion of children under 5 years of age whose births have been registered with a civil authority (% of children under 5 years of age)",
                                    "hub": "",
                                    "slice_dimensions": {
                                        "Age": "<5Y"
                                    },
                                    "text_type": "3",
                                    "fact_text": "In <span class='fact-year'> 2009</span> , there were about <span class='fact-value'> 100</span> <span class='fact-unit'>%</span>  of children under age 5 whose births were registered with a civil authority",
                                    "fact_values": [
                                        "100"
                                    ],
                                    "fact_units": [
                                        "%"
                                    ],
                                    "fact_years": [
                                        "2009"
                                    ],
                                    "data_years": [
                                        "2009"
                                    ],
                                    "data_values": [
                                        "100"
                                    ],
                                    "data_is_censored": [
                                        false
                                    ],
                                    "data_numeric_part": [
                                        100.0
                                    ],
                                    "preferred_visualization": "singleton"
                                }
                            ]
                        }
                    ]
                }
            ]
        }
    ]
}