{
    "release": "2019.Q1.G.02",
    "country_code": "580",
    "country_name": "Northern Mariana Islands",
    "X": "145.7582114",
    "Y": "15.19099517",
    "goals": [
        {
            "goalCode": "6",
            "targets": [
                {
                    "targetCode": "6.1",
                    "indicators": [
                        {
                            "indicatorCode": "6.1.1",
                            "facts": [
                                {
                                    "seriesCode": "SH_H2O_SAFE",
                                    "seriesTitle": "Proportion of population using safely managed drinking water services, by urban/rural (%)",
                                    "hub": "9fd0677f368c48dca6f5e11f64badafd",
                                    "slice_dimensions": {
                                        "Location": "ALLAREA"
                                    },
                                    "text_type": "2",
                                    "fact_text": "In <span class='fact-year'>2015</span>, <span class='fact-value'>82.38543</span> <span class='fact-unit'>% </span> of the population used a \"safely managed\" drinking water service - an improved source located on premises, available when needed and free from contamination",
                                    "fact_values": [
                                        "82.38543"
                                    ],
                                    "fact_units": [
                                        "% "
                                    ],
                                    "fact_years": [
                                        "2015"
                                    ],
                                    "data_years": [
                                        "2011",
                                        "2000",
                                        "2002",
                                        "2006",
                                        "2014",
                                        "2008",
                                        "2005",
                                        "2001",
                                        "2013",
                                        "2010",
                                        "2003",
                                        "2007",
                                        "2012",
                                        "2004",
                                        "2009",
                                        "2015"
                                    ],
                                    "data_values": [
                                        "82.34211",
                                        "77.05799",
                                        "77.11818",
                                        "82.12568",
                                        "82.38543",
                                        "82.21223",
                                        "81.56382",
                                        "77.08808",
                                        "82.38543",
                                        "82.29881",
                                        "77.14828",
                                        "82.16895",
                                        "82.38543",
                                        "79.3552",
                                        "82.25551",
                                        "82.38543"
                                    ],
                                    "data_is_censored": [
                                        false,
                                        false,
                                        false,
                                        false,
                                        false,
                                        false,
                                        false,
                                        false,
                                        false,
                                        false,
                                        false,
                                        false,
                                        false,
                                        false,
                                        false,
                                        false
                                    ],
                                    "data_numeric_part": [
                                        82.0,
                                        77.0,
                                        77.0,
                                        82.0,
                                        82.0,
                                        82.0,
                                        82.0,
                                        77.0,
                                        82.0,
                                        82.0,
                                        77.0,
                                        82.0,
                                        82.0,
                                        79.0,
                                        82.0,
                                        82.0
                                    ],
                                    "preferred_visualization": "time_series"
                                }
                            ]
                        }
                    ]
                }
            ]
        },
        {
            "goalCode": "7",
            "targets": [
                {
                    "targetCode": "7.1",
                    "indicators": [
                        {
                            "indicatorCode": "7.1.1",
                            "facts": [
                                {
                                    "seriesCode": "EG_ELC_ACCS",
                                    "seriesTitle": "Proportion of population with access to electricity, by urban/rural (%)",
                                    "hub": "81cf3e70351c4895828a2486efa2142c",
                                    "slice_dimensions": {
                                        "Location": "ALLAREA"
                                    },
                                    "text_type": "1",
                                    "fact_text": "The proportion of the population with access to electricity was <span class='fact-value'>100.00</span> <span class='fact-unit'>%</span> in <span class='fact-year'>2016</span>.",
                                    "fact_values": [
                                        "100.00"
                                    ],
                                    "fact_units": [
                                        "%"
                                    ],
                                    "fact_years": [
                                        "2016"
                                    ],
                                    "data_years": [
                                        "2004",
                                        "2006",
                                        "2005",
                                        "2001",
                                        "2000",
                                        "2003",
                                        "2002",
                                        "2014",
                                        "2015",
                                        "2012",
                                        "2013",
                                        "2016",
                                        "2008",
                                        "2007",
                                        "2010",
                                        "2011",
                                        "2009"
                                    ],
                                    "data_values": [
                                        "100.00",
                                        "100.00",
                                        "100.00",
                                        "100.00",
                                        "100.00",
                                        "100.00",
                                        "100.00",
                                        "100.00",
                                        "100.00",
                                        "100.00",
                                        "100.00",
                                        "100.00",
                                        "100.00",
                                        "100.00",
                                        "100.00",
                                        "100.00",
                                        "100.00"
                                    ],
                                    "data_is_censored": [
                                        false,
                                        false,
                                        false,
                                        false,
                                        false,
                                        false,
                                        false,
                                        false,
                                        false,
                                        false,
                                        false,
                                        false,
                                        false,
                                        false,
                                        false,
                                        false,
                                        false
                                    ],
                                    "data_numeric_part": [
                                        100.0,
                                        100.0,
                                        100.0,
                                        100.0,
                                        100.0,
                                        100.0,
                                        100.0,
                                        100.0,
                                        100.0,
                                        100.0,
                                        100.0,
                                        100.0,
                                        100.0,
                                        100.0,
                                        100.0,
                                        100.0,
                                        100.0
                                    ],
                                    "preferred_visualization": "time_series"
                                }
                            ]
                        }
                    ]
                }
            ]
        },
        {
            "goalCode": "14",
            "targets": [
                {
                    "targetCode": "14.5",
                    "indicators": [
                        {
                            "indicatorCode": "14.5.1",
                            "facts": [
                                {
                                    "seriesCode": "ER_MRN_MARIN",
                                    "seriesTitle": "Coverage of protected areas in relation to marine areas (Exclusive Economic Zones) (%)",
                                    "hub": "2a0cad7f76284e8c978bfcb0fa15cd76",
                                    "slice_dimensions": {},
                                    "text_type": "8",
                                    "fact_text": "In <span class='fact-year'> 2018</span> , <span class='fact-value'> 26.89499</span>  <span class='fact-unit'>% </span> of the marine environment under national jurisdiction (up to 200 nautical miles from shore) was under protection.",
                                    "fact_values": [
                                        "26.89499"
                                    ],
                                    "fact_units": [
                                        "% "
                                    ],
                                    "fact_years": [
                                        "2018"
                                    ],
                                    "data_years": [
                                        "2018"
                                    ],
                                    "data_values": [
                                        "26.89499"
                                    ],
                                    "data_is_censored": [
                                        false
                                    ],
                                    "data_numeric_part": [
                                        27.0
                                    ],
                                    "preferred_visualization": "singleton"
                                }
                            ]
                        }
                    ]
                }
            ]
        },
        {
            "goalCode": "15",
            "targets": [
                {
                    "targetCode": "15.1",
                    "indicators": [
                        {
                            "indicatorCode": "15.1.1",
                            "facts": [
                                {
                                    "seriesCode": "AG_LND_FRST",
                                    "seriesTitle": "Forest area as a proportion of total land area (%)",
                                    "hub": "e23061ce674142b5b33c46ea5e031658",
                                    "slice_dimensions": {},
                                    "text_type": "1",
                                    "fact_text": "Land area covered by forest declined from <span class='fact-value'>69.48696</span> <span class='fact-unit'>%</span> in <span class='fact-year'>2000</span> to <span class='fact-value'>64.12174%</span>  in  <span class='fact-year'>2015</span>.",
                                    "fact_values": [
                                        "69.48696",
                                        "64.12174"
                                    ],
                                    "fact_units": [
                                        "%",
                                        "%"
                                    ],
                                    "fact_years": [
                                        "2000",
                                        "2015"
                                    ],
                                    "data_years": [
                                        "2005",
                                        "2000",
                                        "2010",
                                        "2015"
                                    ],
                                    "data_values": [
                                        "67.7",
                                        "69.48696",
                                        "65.91087",
                                        "64.12174"
                                    ],
                                    "data_is_censored": [
                                        false,
                                        false,
                                        false,
                                        false
                                    ],
                                    "data_numeric_part": [
                                        68.0,
                                        69.0,
                                        66.0,
                                        64.0
                                    ],
                                    "preferred_visualization": "time_series"
                                }
                            ]
                        },
                        {
                            "indicatorCode": "15.1.2",
                            "facts": [
                                {
                                    "seriesCode": "ER_PTD_TERRS",
                                    "seriesTitle": "Average proportion of Terrestrial Key Biodiversity Areas (KBAs) covered by protected areas (%)",
                                    "hub": "c2c0216c53744dd7b5278e398328bc99",
                                    "slice_dimensions": {
                                        "Bounds": "MP"
                                    },
                                    "text_type": "7",
                                    "fact_text": "The average proportion of terrestrial key biodiversity areas (KBAs) covered by protected areas was <span class='fact-value'> 40.58681</span>  <span class='fact-unit'>%</span>  in <span class='fact-year'> 2018</span> .",
                                    "fact_values": [
                                        "40.58681"
                                    ],
                                    "fact_units": [
                                        "%"
                                    ],
                                    "fact_years": [
                                        "2018"
                                    ],
                                    "data_years": [
                                        "2013",
                                        "2014",
                                        "2015",
                                        "2017",
                                        "2018",
                                        "2016",
                                        "2012",
                                        "2006",
                                        "2007",
                                        "2008",
                                        "2009",
                                        "2010",
                                        "2011",
                                        "2005",
                                        "2000",
                                        "2001",
                                        "2002",
                                        "2003",
                                        "2004"
                                    ],
                                    "data_values": [
                                        "40.58681",
                                        "40.58681",
                                        "40.58681",
                                        "40.58681",
                                        "40.58681",
                                        "40.58681",
                                        "40.58681",
                                        "6.24944",
                                        "6.24944",
                                        "6.24944",
                                        "40.58681",
                                        "40.58681",
                                        "40.58681",
                                        "6.24944",
                                        "1.28536",
                                        "6.24944",
                                        "6.24944",
                                        "6.24944",
                                        "6.24944"
                                    ],
                                    "data_is_censored": [
                                        false,
                                        false,
                                        false,
                                        false,
                                        false,
                                        false,
                                        false,
                                        false,
                                        false,
                                        false,
                                        false,
                                        false,
                                        false,
                                        false,
                                        false,
                                        false,
                                        false,
                                        false,
                                        false
                                    ],
                                    "data_numeric_part": [
                                        41.0,
                                        41.0,
                                        41.0,
                                        41.0,
                                        41.0,
                                        41.0,
                                        41.0,
                                        6.2,
                                        6.2,
                                        6.2,
                                        41.0,
                                        41.0,
                                        41.0,
                                        6.2,
                                        1.3,
                                        6.2,
                                        6.2,
                                        6.2,
                                        6.2
                                    ],
                                    "preferred_visualization": "time_series"
                                }
                            ]
                        }
                    ]
                }
            ]
        },
        {
            "goalCode": "17",
            "targets": [
                {
                    "targetCode": "17.18",
                    "indicators": [
                        {
                            "indicatorCode": "17.18.3",
                            "facts": [
                                {
                                    "seriesCode": "SG_STT_NSDSFND",
                                    "seriesTitle": "Countries with national statistical plans that are fully funded (1 = YES; 0 = NO)",
                                    "hub": "bc201a5c69e94e23b45bad86c828f1be",
                                    "slice_dimensions": {},
                                    "text_type": "12",
                                    "fact_text": "As of <span class='fact-year'> 2018</span> , Northern Mariana Islands does not have national statistical plans that are fully funded.",
                                    "fact_values": [
                                        "0"
                                    ],
                                    "fact_units": [
                                        ""
                                    ],
                                    "fact_years": [
                                        "2018"
                                    ],
                                    "data_years": [
                                        "2018"
                                    ],
                                    "data_values": [
                                        "0"
                                    ],
                                    "data_is_censored": [
                                        false
                                    ],
                                    "data_numeric_part": [
                                        0.0
                                    ],
                                    "preferred_visualization": "boolean"
                                }
                            ]
                        }
                    ]
                }
            ]
        }
    ]
}