{
    "release": "2019.Q1.G.02",
    "country_code": "16",
    "country_name": "American Samoa",
    "X": "-170.7187269",
    "Y": "-14.30587306",
    "goals": [
        {
            "goalCode": "9",
            "targets": [
                {
                    "targetCode": "9.5",
                    "indicators": [
                        {
                            "indicatorCode": "9.5.1",
                            "facts": [
                                {
                                    "seriesCode": "GB_XPD_RSDV",
                                    "seriesTitle": "Research and development expenditure as a proportion of GDP (%)",
                                    "hub": "a4e6d6a6cc804c3598cc9b96cd96ce67",
                                    "slice_dimensions": {},
                                    "text_type": "9",
                                    "fact_text": "In <span class='fact-year'> 2006</span> , investment in research and development (R&D) stood at <span class='fact-value'> 0.39</span>  <span class='fact-unit'>% of GDP</span> , up from <span class='fact-value'> 0.19</span>  <span class='fact-unit'>%</span>  in <span class='fact-year'> 2003</span> ",
                                    "fact_values": [
                                        "0.19% of GDP",
                                        "0.39% of GDP"
                                    ],
                                    "fact_units": [
                                        ""
                                    ],
                                    "fact_years": [
                                        "2003",
                                        "2006"
                                    ],
                                    "data_years": [
                                        "2004",
                                        "2005",
                                        "2006",
                                        "2003"
                                    ],
                                    "data_values": [
                                        "0.32",
                                        "0.36",
                                        "0.39",
                                        "0.19"
                                    ],
                                    "data_is_censored": [
                                        false,
                                        false,
                                        false,
                                        false
                                    ],
                                    "data_numeric_part": [
                                        0.32,
                                        0.36,
                                        0.39,
                                        0.19
                                    ],
                                    "preferred_visualization": "time_series"
                                }
                            ]
                        }
                    ]
                }
            ]
        },
        {
            "goalCode": "14",
            "targets": [
                {
                    "targetCode": "14.5",
                    "indicators": [
                        {
                            "indicatorCode": "14.5.1",
                            "facts": [
                                {
                                    "seriesCode": "ER_MRN_MARIN",
                                    "seriesTitle": "Coverage of protected areas in relation to marine areas (Exclusive Economic Zones) (%)",
                                    "hub": "2a0cad7f76284e8c978bfcb0fa15cd76",
                                    "slice_dimensions": {},
                                    "text_type": "8",
                                    "fact_text": "In <span class='fact-year'> 2018</span> , <span class='fact-value'> 8.71588</span>  <span class='fact-unit'>% </span> of the marine environment under national jurisdiction (up to 200 nautical miles from shore) was under protection.",
                                    "fact_values": [
                                        "8.71588"
                                    ],
                                    "fact_units": [
                                        "% "
                                    ],
                                    "fact_years": [
                                        "2018"
                                    ],
                                    "data_years": [
                                        "2018"
                                    ],
                                    "data_values": [
                                        "8.71588"
                                    ],
                                    "data_is_censored": [
                                        false
                                    ],
                                    "data_numeric_part": [
                                        8.7
                                    ],
                                    "preferred_visualization": "singleton"
                                }
                            ]
                        }
                    ]
                }
            ]
        },
        {
            "goalCode": "15",
            "targets": [
                {
                    "targetCode": "15.1",
                    "indicators": [
                        {
                            "indicatorCode": "15.1.1",
                            "facts": [
                                {
                                    "seriesCode": "AG_LND_FRST",
                                    "seriesTitle": "Forest area as a proportion of total land area (%)",
                                    "hub": "e23061ce674142b5b33c46ea5e031658",
                                    "slice_dimensions": {},
                                    "text_type": "1",
                                    "fact_text": "Land area covered by forest was <span class='fact-value'>87.715</span> <span class='fact-unit'>%</span> in <span class='fact-year'>2015</span>.",
                                    "fact_values": [
                                        "87.715"
                                    ],
                                    "fact_units": [
                                        "%"
                                    ],
                                    "fact_years": [
                                        "2015"
                                    ],
                                    "data_years": [
                                        "2000",
                                        "2005",
                                        "2010",
                                        "2015"
                                    ],
                                    "data_values": [
                                        "90.25",
                                        "89.405",
                                        "88.56",
                                        "87.715"
                                    ],
                                    "data_is_censored": [
                                        false,
                                        false,
                                        false,
                                        false
                                    ],
                                    "data_numeric_part": [
                                        90.0,
                                        89.0,
                                        89.0,
                                        88.0
                                    ],
                                    "preferred_visualization": "time_series"
                                }
                            ]
                        },
                        {
                            "indicatorCode": "15.1.2",
                            "facts": [
                                {
                                    "seriesCode": "ER_PTD_TERRS",
                                    "seriesTitle": "Average proportion of Terrestrial Key Biodiversity Areas (KBAs) covered by protected areas (%)",
                                    "hub": "c2c0216c53744dd7b5278e398328bc99",
                                    "slice_dimensions": {
                                        "Bounds": "MP"
                                    },
                                    "text_type": "7",
                                    "fact_text": "The average proportion of terrestrial key biodiversity areas (KBAs) covered by protected areas was <span class='fact-value'> 61.49499</span>  <span class='fact-unit'>%</span>  in <span class='fact-year'> 2018</span> .",
                                    "fact_values": [
                                        "61.49499"
                                    ],
                                    "fact_units": [
                                        "%"
                                    ],
                                    "fact_years": [
                                        "2018"
                                    ],
                                    "data_years": [
                                        "2000",
                                        "2002",
                                        "2001",
                                        "2007",
                                        "2006",
                                        "2009",
                                        "2008",
                                        "2004",
                                        "2003",
                                        "2005",
                                        "2015",
                                        "2014",
                                        "2016",
                                        "2011",
                                        "2010",
                                        "2013",
                                        "2012",
                                        "2018",
                                        "2017"
                                    ],
                                    "data_values": [
                                        "61.4813",
                                        "61.4813",
                                        "61.4813",
                                        "61.49499",
                                        "61.49499",
                                        "61.49499",
                                        "61.49499",
                                        "61.49499",
                                        "61.49499",
                                        "61.49499",
                                        "61.49499",
                                        "61.49499",
                                        "61.49499",
                                        "61.49499",
                                        "61.49499",
                                        "61.49499",
                                        "61.49499",
                                        "61.49499",
                                        "61.49499"
                                    ],
                                    "data_is_censored": [
                                        false,
                                        false,
                                        false,
                                        false,
                                        false,
                                        false,
                                        false,
                                        false,
                                        false,
                                        false,
                                        false,
                                        false,
                                        false,
                                        false,
                                        false,
                                        false,
                                        false,
                                        false,
                                        false
                                    ],
                                    "data_numeric_part": [
                                        61.0,
                                        61.0,
                                        61.0,
                                        61.0,
                                        61.0,
                                        61.0,
                                        61.0,
                                        61.0,
                                        61.0,
                                        61.0,
                                        61.0,
                                        61.0,
                                        61.0,
                                        61.0,
                                        61.0,
                                        61.0,
                                        61.0,
                                        61.0,
                                        61.0
                                    ],
                                    "preferred_visualization": "time_series"
                                }
                            ]
                        }
                    ]
                }
            ]
        },
        {
            "goalCode": "16",
            "targets": [
                {
                    "targetCode": "16.1",
                    "indicators": [
                        {
                            "indicatorCode": "16.1.1",
                            "facts": [
                                {
                                    "seriesCode": "VC_IHR_PSRC",
                                    "seriesTitle": "Number of victims of intentional homicide per 100,000 population, by sex (victims per 100,000 population)",
                                    "hub": "b65e89e905a744e5992889ddc27f8fc7",
                                    "slice_dimensions": {},
                                    "text_type": "11",
                                    "fact_text": "In <span class='fact-year'> 2016</span> , the intentional homicide rate was <span class='fact-value'> 5.40</span>  <span class='fact-unit'> per 100,000 population</span> . ",
                                    "fact_values": [
                                        "5.40"
                                    ],
                                    "fact_units": [
                                        " per 100,000 population"
                                    ],
                                    "fact_years": [
                                        "2016"
                                    ],
                                    "data_years": [
                                        "2012",
                                        "2013",
                                        "2014",
                                        "2010",
                                        "2011",
                                        "2015",
                                        "2016"
                                    ],
                                    "data_values": [
                                        "3.62",
                                        "5.42",
                                        "5.41",
                                        "8.99",
                                        "9.04",
                                        "7.20",
                                        "5.40"
                                    ],
                                    "data_is_censored": [
                                        false,
                                        false,
                                        false,
                                        false,
                                        false,
                                        false,
                                        false
                                    ],
                                    "data_numeric_part": [
                                        3.6,
                                        5.4,
                                        5.4,
                                        9.0,
                                        9.0,
                                        7.2,
                                        5.4
                                    ],
                                    "preferred_visualization": "time_series"
                                }
                            ]
                        }
                    ]
                }
            ]
        }
    ]
}