{
    "release": "2019.Q1.G.02",
    "country_code": "540",
    "country_name": "New Caledonia",
    "X": "165.5067368",
    "Y": "-21.41742531",
    "goals": [
        {
            "goalCode": "2",
            "targets": [
                {
                    "targetCode": "2.1",
                    "indicators": [
                        {
                            "indicatorCode": "2.1.1",
                            "facts": [
                                {
                                    "seriesCode": "SN_ITK_DEFC",
                                    "seriesTitle": "Prevalence of undernourishment (%)",
                                    "hub": "65925035bb984f66aa03480f6754c4fe",
                                    "slice_dimensions": {},
                                    "text_type": "7",
                                    "fact_text": "The proportion of the population suffering from hunger was <span class='fact-value'> 11.6</span>  <span class='fact-unit'>%</span>  in <span class='fact-year'> 2016</span> .",
                                    "fact_values": [
                                        "11.6"
                                    ],
                                    "fact_units": [
                                        "%"
                                    ],
                                    "fact_years": [
                                        "2016"
                                    ],
                                    "data_years": [
                                        "2016",
                                        "2010",
                                        "2014",
                                        "2013",
                                        "2015",
                                        "2011",
                                        "2012",
                                        "2001",
                                        "2000",
                                        "2002",
                                        "2007",
                                        "2009",
                                        "2008",
                                        "2004",
                                        "2003",
                                        "2006",
                                        "2005"
                                    ],
                                    "data_values": [
                                        "11.6",
                                        "7.7",
                                        "8.3",
                                        "7.6",
                                        "9.8",
                                        "7.5",
                                        "7.3",
                                        "7.5",
                                        "7.6",
                                        "7.6",
                                        "8.2",
                                        "8",
                                        "8.1",
                                        "8",
                                        "7.8",
                                        "8.2",
                                        "8.2"
                                    ],
                                    "data_is_censored": [
                                        false,
                                        false,
                                        false,
                                        false,
                                        false,
                                        false,
                                        false,
                                        false,
                                        false,
                                        false,
                                        false,
                                        false,
                                        false,
                                        false,
                                        false,
                                        false,
                                        false
                                    ],
                                    "data_numeric_part": [
                                        12.0,
                                        7.7,
                                        8.3,
                                        7.6,
                                        9.8,
                                        7.5,
                                        7.3,
                                        7.5,
                                        7.6,
                                        7.6,
                                        8.2,
                                        8.0,
                                        8.1,
                                        8.0,
                                        7.8,
                                        8.2,
                                        8.2
                                    ],
                                    "preferred_visualization": "time_series"
                                }
                            ]
                        }
                    ]
                }
            ]
        },
        {
            "goalCode": "6",
            "targets": [
                {
                    "targetCode": "6.1",
                    "indicators": [
                        {
                            "indicatorCode": "6.1.1",
                            "facts": [
                                {
                                    "seriesCode": "SH_H2O_SAFE",
                                    "seriesTitle": "Proportion of population using safely managed drinking water services, by urban/rural (%)",
                                    "hub": "9fd0677f368c48dca6f5e11f64badafd",
                                    "slice_dimensions": {
                                        "Location": "ALLAREA"
                                    },
                                    "text_type": "2",
                                    "fact_text": "In <span class='fact-year'>2015</span>, <span class='fact-value'>97.06511</span> <span class='fact-unit'>% </span> of the population used a \"safely managed\" drinking water service - an improved source located on premises, available when needed and free from contamination",
                                    "fact_values": [
                                        "97.06511"
                                    ],
                                    "fact_units": [
                                        "% "
                                    ],
                                    "fact_years": [
                                        "2015"
                                    ],
                                    "data_years": [
                                        "2011",
                                        "2000",
                                        "2002",
                                        "2006",
                                        "2001",
                                        "2008",
                                        "2005",
                                        "2014",
                                        "2013",
                                        "2010",
                                        "2003",
                                        "2007",
                                        "2012",
                                        "2004",
                                        "2009",
                                        "2015"
                                    ],
                                    "data_values": [
                                        "93.66594",
                                        "86.22907",
                                        "86.22907",
                                        "89.49823",
                                        "86.22907",
                                        "91.15448",
                                        "88.67553",
                                        "96.2099",
                                        "95.3583",
                                        "92.82518",
                                        "87.04094",
                                        "90.32455",
                                        "94.51032",
                                        "87.85643",
                                        "91.98802",
                                        "97.06511"
                                    ],
                                    "data_is_censored": [
                                        false,
                                        false,
                                        false,
                                        false,
                                        false,
                                        false,
                                        false,
                                        false,
                                        false,
                                        false,
                                        false,
                                        false,
                                        false,
                                        false,
                                        false,
                                        false
                                    ],
                                    "data_numeric_part": [
                                        94.0,
                                        86.0,
                                        86.0,
                                        89.0,
                                        86.0,
                                        91.0,
                                        89.0,
                                        96.0,
                                        95.0,
                                        93.0,
                                        87.0,
                                        90.0,
                                        95.0,
                                        88.0,
                                        92.0,
                                        97.0
                                    ],
                                    "preferred_visualization": "time_series"
                                }
                            ]
                        }
                    ]
                }
            ]
        },
        {
            "goalCode": "7",
            "targets": [
                {
                    "targetCode": "7.1",
                    "indicators": [
                        {
                            "indicatorCode": "7.1.1",
                            "facts": [
                                {
                                    "seriesCode": "EG_ELC_ACCS",
                                    "seriesTitle": "Proportion of population with access to electricity, by urban/rural (%)",
                                    "hub": "81cf3e70351c4895828a2486efa2142c",
                                    "slice_dimensions": {
                                        "Location": "ALLAREA"
                                    },
                                    "text_type": "1",
                                    "fact_text": "The proportion of the population with access to electricity was <span class='fact-value'>100.00</span> <span class='fact-unit'>%</span> in <span class='fact-year'>2016</span>.",
                                    "fact_values": [
                                        "100.00"
                                    ],
                                    "fact_units": [
                                        "%"
                                    ],
                                    "fact_years": [
                                        "2016"
                                    ],
                                    "data_years": [
                                        "2004",
                                        "2006",
                                        "2005",
                                        "2001",
                                        "2000",
                                        "2003",
                                        "2002",
                                        "2014",
                                        "2015",
                                        "2012",
                                        "2013",
                                        "2016",
                                        "2008",
                                        "2007",
                                        "2010",
                                        "2011",
                                        "2009"
                                    ],
                                    "data_values": [
                                        "100.00",
                                        "100.00",
                                        "100.00",
                                        "100.00",
                                        "100.00",
                                        "100.00",
                                        "100.00",
                                        "100.00",
                                        "100.00",
                                        "100.00",
                                        "100.00",
                                        "100.00",
                                        "100.00",
                                        "100.00",
                                        "100.00",
                                        "100.00",
                                        "100.00"
                                    ],
                                    "data_is_censored": [
                                        false,
                                        false,
                                        false,
                                        false,
                                        false,
                                        false,
                                        false,
                                        false,
                                        false,
                                        false,
                                        false,
                                        false,
                                        false,
                                        false,
                                        false,
                                        false,
                                        false
                                    ],
                                    "data_numeric_part": [
                                        100.0,
                                        100.0,
                                        100.0,
                                        100.0,
                                        100.0,
                                        100.0,
                                        100.0,
                                        100.0,
                                        100.0,
                                        100.0,
                                        100.0,
                                        100.0,
                                        100.0,
                                        100.0,
                                        100.0,
                                        100.0,
                                        100.0
                                    ],
                                    "preferred_visualization": "time_series"
                                }
                            ]
                        }
                    ]
                }
            ]
        },
        {
            "goalCode": "8",
            "targets": [
                {
                    "targetCode": "8.1",
                    "indicators": [
                        {
                            "indicatorCode": "8.1.1",
                            "facts": [
                                {
                                    "seriesCode": "NY_GDP_PCAP",
                                    "seriesTitle": "Annual growth rate of real GDP per capita (%)",
                                    "hub": "3cb997d2497148e68dca6787fcb84ca5",
                                    "slice_dimensions": {},
                                    "text_type": "1",
                                    "fact_text": "The annual growth rate of real gross domestic product (GDP) per capita increased from <span class='fact-value'>0.43</span> <span class='fact-unit'>%</span> in <span class='fact-year'>2000</span> to <span class='fact-value'>1.36%</span>  in  <span class='fact-year'>2017</span>.",
                                    "fact_values": [
                                        "0.43",
                                        "1.36"
                                    ],
                                    "fact_units": [
                                        "%",
                                        "%"
                                    ],
                                    "fact_years": [
                                        "2000",
                                        "2017"
                                    ],
                                    "data_years": [
                                        "2017",
                                        "2007",
                                        "2006",
                                        "2005",
                                        "2004",
                                        "2002",
                                        "2001",
                                        "2000",
                                        "2003",
                                        "2008",
                                        "2009",
                                        "2016",
                                        "2015",
                                        "2014",
                                        "2013",
                                        "2012",
                                        "2011",
                                        "2010"
                                    ],
                                    "data_values": [
                                        "1.36",
                                        "2.64",
                                        "4.02",
                                        "1.91",
                                        "2.15",
                                        "0.62",
                                        "0.04",
                                        "0.43",
                                        "2.97",
                                        "-0.92",
                                        "0.83",
                                        "1.63",
                                        "2.26",
                                        "2.02",
                                        "0.45",
                                        "0.14",
                                        "2.95",
                                        "5.39"
                                    ],
                                    "data_is_censored": [
                                        false,
                                        false,
                                        false,
                                        false,
                                        false,
                                        false,
                                        false,
                                        false,
                                        false,
                                        false,
                                        false,
                                        false,
                                        false,
                                        false,
                                        false,
                                        false,
                                        false,
                                        false
                                    ],
                                    "data_numeric_part": [
                                        1.4,
                                        2.6,
                                        4.0,
                                        1.9,
                                        2.2,
                                        0.62,
                                        0.04,
                                        0.43,
                                        3.0,
                                        -0.92,
                                        0.83,
                                        1.6,
                                        2.3,
                                        2.0,
                                        0.45,
                                        0.14,
                                        3.0,
                                        5.4
                                    ],
                                    "preferred_visualization": "time_series"
                                }
                            ]
                        }
                    ]
                }
            ]
        },
        {
            "goalCode": "9",
            "targets": [
                {
                    "targetCode": "9.c",
                    "indicators": [
                        {
                            "indicatorCode": "9.c.1",
                            "facts": [
                                {
                                    "seriesCode": "IT_MOB_NTWK",
                                    "seriesTitle": "Proportion of population covered by a mobile network, by technology (%)",
                                    "hub": "8943ce6f81b44120b6124fedb3b094d8",
                                    "slice_dimensions": {
                                        "Type of mobile technology": "AL2G"
                                    },
                                    "text_type": "2",
                                    "fact_text": "In <span class='fact-year'>2015</span>, <span class='fact-value'>97.40</span> <span class='fact-unit'>% </span> of the population was in range of at least a second-generation (2G) cellular signal",
                                    "fact_values": [
                                        "97.40"
                                    ],
                                    "fact_units": [
                                        "% "
                                    ],
                                    "fact_years": [
                                        "2015"
                                    ],
                                    "data_years": [
                                        "2015",
                                        "2009",
                                        "2008",
                                        "2007",
                                        "2006",
                                        "2005",
                                        "2004",
                                        "2003",
                                        "2002"
                                    ],
                                    "data_values": [
                                        "97.40",
                                        "89.00",
                                        "83.00",
                                        "75.00",
                                        "75.00",
                                        "75.00",
                                        "75.00",
                                        "75.00",
                                        "75.00"
                                    ],
                                    "data_is_censored": [
                                        false,
                                        false,
                                        false,
                                        false,
                                        false,
                                        false,
                                        false,
                                        false,
                                        false
                                    ],
                                    "data_numeric_part": [
                                        97.0,
                                        89.0,
                                        83.0,
                                        75.0,
                                        75.0,
                                        75.0,
                                        75.0,
                                        75.0,
                                        75.0
                                    ],
                                    "preferred_visualization": "time_series"
                                }
                            ]
                        }
                    ]
                }
            ]
        },
        {
            "goalCode": "14",
            "targets": [
                {
                    "targetCode": "14.5",
                    "indicators": [
                        {
                            "indicatorCode": "14.5.1",
                            "facts": [
                                {
                                    "seriesCode": "ER_MRN_MARIN",
                                    "seriesTitle": "Coverage of protected areas in relation to marine areas (Exclusive Economic Zones) (%)",
                                    "hub": "2a0cad7f76284e8c978bfcb0fa15cd76",
                                    "slice_dimensions": {},
                                    "text_type": "8",
                                    "fact_text": "In <span class='fact-year'> 2018</span> , <span class='fact-value'> 96.53015</span>  <span class='fact-unit'>% </span> of the marine environment under national jurisdiction (up to 200 nautical miles from shore) was under protection.",
                                    "fact_values": [
                                        "96.53015"
                                    ],
                                    "fact_units": [
                                        "% "
                                    ],
                                    "fact_years": [
                                        "2018"
                                    ],
                                    "data_years": [
                                        "2018"
                                    ],
                                    "data_values": [
                                        "96.53015"
                                    ],
                                    "data_is_censored": [
                                        false
                                    ],
                                    "data_numeric_part": [
                                        97.0
                                    ],
                                    "preferred_visualization": "singleton"
                                }
                            ]
                        }
                    ]
                }
            ]
        },
        {
            "goalCode": "15",
            "targets": [
                {
                    "targetCode": "15.1",
                    "indicators": [
                        {
                            "indicatorCode": "15.1.1",
                            "facts": [
                                {
                                    "seriesCode": "AG_LND_FRST",
                                    "seriesTitle": "Forest area as a proportion of total land area (%)",
                                    "hub": "e23061ce674142b5b33c46ea5e031658",
                                    "slice_dimensions": {},
                                    "text_type": "1",
                                    "fact_text": "Land area covered by forest was <span class='fact-value'>45.89716</span> <span class='fact-unit'>%</span> in <span class='fact-year'>2015</span>.",
                                    "fact_values": [
                                        "45.89716"
                                    ],
                                    "fact_units": [
                                        "%"
                                    ],
                                    "fact_years": [
                                        "2015"
                                    ],
                                    "data_years": [
                                        "2015",
                                        "2010",
                                        "2005",
                                        "2000"
                                    ],
                                    "data_values": [
                                        "45.89716",
                                        "45.89716",
                                        "45.89716",
                                        "45.89716"
                                    ],
                                    "data_is_censored": [
                                        false,
                                        false,
                                        false,
                                        false
                                    ],
                                    "data_numeric_part": [
                                        46.0,
                                        46.0,
                                        46.0,
                                        46.0
                                    ],
                                    "preferred_visualization": "time_series"
                                }
                            ]
                        },
                        {
                            "indicatorCode": "15.1.2",
                            "facts": [
                                {
                                    "seriesCode": "ER_PTD_TERRS",
                                    "seriesTitle": "Average proportion of Terrestrial Key Biodiversity Areas (KBAs) covered by protected areas (%)",
                                    "hub": "c2c0216c53744dd7b5278e398328bc99",
                                    "slice_dimensions": {
                                        "Bounds": "MP"
                                    },
                                    "text_type": "7",
                                    "fact_text": "The average proportion of terrestrial key biodiversity areas (KBAs) covered by protected areas was <span class='fact-value'> 64.87955</span>  <span class='fact-unit'>%</span>  in <span class='fact-year'> 2018</span> .",
                                    "fact_values": [
                                        "64.87955"
                                    ],
                                    "fact_units": [
                                        "%"
                                    ],
                                    "fact_years": [
                                        "2018"
                                    ],
                                    "data_years": [
                                        "2000",
                                        "2001",
                                        "2002",
                                        "2003",
                                        "2004",
                                        "2005",
                                        "2006",
                                        "2015",
                                        "2016",
                                        "2017",
                                        "2018",
                                        "2014",
                                        "2007",
                                        "2008",
                                        "2009",
                                        "2010",
                                        "2011",
                                        "2012",
                                        "2013"
                                    ],
                                    "data_values": [
                                        "11.61064",
                                        "11.61064",
                                        "11.61064",
                                        "11.61064",
                                        "11.61064",
                                        "11.61064",
                                        "11.61064",
                                        "64.87955",
                                        "64.87955",
                                        "64.87955",
                                        "64.87955",
                                        "64.87955",
                                        "11.61064",
                                        "51.97703",
                                        "53.45098",
                                        "53.45098",
                                        "53.45098",
                                        "53.45098",
                                        "53.45098"
                                    ],
                                    "data_is_censored": [
                                        false,
                                        false,
                                        false,
                                        false,
                                        false,
                                        false,
                                        false,
                                        false,
                                        false,
                                        false,
                                        false,
                                        false,
                                        false,
                                        false,
                                        false,
                                        false,
                                        false,
                                        false,
                                        false
                                    ],
                                    "data_numeric_part": [
                                        12.0,
                                        12.0,
                                        12.0,
                                        12.0,
                                        12.0,
                                        12.0,
                                        12.0,
                                        65.0,
                                        65.0,
                                        65.0,
                                        65.0,
                                        65.0,
                                        12.0,
                                        52.0,
                                        53.0,
                                        53.0,
                                        53.0,
                                        53.0,
                                        53.0
                                    ],
                                    "preferred_visualization": "time_series"
                                }
                            ]
                        }
                    ]
                }
            ]
        },
        {
            "goalCode": "17",
            "targets": [
                {
                    "targetCode": "17.6",
                    "indicators": [
                        {
                            "indicatorCode": "17.6.2",
                            "facts": [
                                {
                                    "seriesCode": "IT_NET_BBP",
                                    "seriesTitle": "Fixed Internet broadband subscriptions per 100\u00a0inhabitants, by speed (per 100 inhabitants)",
                                    "hub": "f59cf3f8a0ec41a2b601a28682e6f2c8",
                                    "slice_dimensions": {
                                        "Type of speed": "ANYS"
                                    },
                                    "text_type": "15",
                                    "fact_text": "In <span class='fact-year'> 2015</span> , fixed-broadband internet penetration reached <span class='fact-value'> 20.58</span>  <span class='fact-unit'>% of the population</span> , up from 0.06% of the population in <span class='fact-year'> 2001</span> .",
                                    "fact_values": [
                                        "0.06",
                                        "20.58"
                                    ],
                                    "fact_units": [
                                        "% of the population",
                                        "% of the population"
                                    ],
                                    "fact_years": [
                                        "2001",
                                        "2015"
                                    ],
                                    "data_years": [
                                        "2015",
                                        "2005",
                                        "2006",
                                        "2007",
                                        "2002",
                                        "2003",
                                        "2004",
                                        "2008",
                                        "2012",
                                        "2013",
                                        "2014",
                                        "2009",
                                        "2010",
                                        "2011",
                                        "2001"
                                    ],
                                    "data_values": [
                                        "20.58",
                                        "4.13",
                                        "6.60",
                                        "8.46",
                                        "0.32",
                                        "0.74",
                                        "2.25",
                                        "10.44",
                                        "18.55",
                                        "20.47",
                                        "21.96",
                                        "13.39",
                                        "15.22",
                                        "16.79",
                                        "0.06"
                                    ],
                                    "data_is_censored": [
                                        false,
                                        false,
                                        false,
                                        false,
                                        false,
                                        false,
                                        false,
                                        false,
                                        false,
                                        false,
                                        false,
                                        false,
                                        false,
                                        false,
                                        false
                                    ],
                                    "data_numeric_part": [
                                        21.0,
                                        4.1,
                                        6.6,
                                        8.5,
                                        0.32,
                                        0.74,
                                        2.3,
                                        10.0,
                                        19.0,
                                        20.0,
                                        22.0,
                                        13.0,
                                        15.0,
                                        17.0,
                                        0.06
                                    ],
                                    "preferred_visualization": "time_series"
                                }
                            ]
                        }
                    ]
                }
            ]
        }
    ]
}