{
    "release": "2019.Q1.G.02",
    "country_code": "666",
    "country_name": "Saint Pierre and Miquelon",
    "X": "-56.33682442",
    "Y": "46.85812735",
    "goals": [
        {
            "goalCode": "6",
            "targets": [
                {
                    "targetCode": "6.1",
                    "indicators": [
                        {
                            "indicatorCode": "6.1.1",
                            "facts": [
                                {
                                    "seriesCode": "SH_H2O_SAFE",
                                    "seriesTitle": "Proportion of population using safely managed drinking water services, by urban/rural (%)",
                                    "hub": "9fd0677f368c48dca6f5e11f64badafd",
                                    "slice_dimensions": {
                                        "Location": "ALLAREA"
                                    },
                                    "text_type": "2",
                                    "fact_text": "In <span class='fact-year'>2015</span>, <span class='fact-value'>83.1283</span> <span class='fact-unit'>% </span> of the population used a \"safely managed\" drinking water service - an improved source located on premises, available when needed and free from contamination",
                                    "fact_values": [
                                        "83.1283"
                                    ],
                                    "fact_units": [
                                        "% "
                                    ],
                                    "fact_years": [
                                        "2015"
                                    ],
                                    "data_years": [
                                        "2015",
                                        "2007",
                                        "2012",
                                        "2009",
                                        "2011",
                                        "2014",
                                        "2010",
                                        "2008",
                                        "2013"
                                    ],
                                    "data_values": [
                                        "83.1283",
                                        "83.1283",
                                        "83.1283",
                                        "83.1283",
                                        "83.1283",
                                        "83.1283",
                                        "83.1283",
                                        "83.1283",
                                        "83.1283"
                                    ],
                                    "data_is_censored": [
                                        false,
                                        false,
                                        false,
                                        false,
                                        false,
                                        false,
                                        false,
                                        false,
                                        false
                                    ],
                                    "data_numeric_part": [
                                        83.0,
                                        83.0,
                                        83.0,
                                        83.0,
                                        83.0,
                                        83.0,
                                        83.0,
                                        83.0,
                                        83.0
                                    ],
                                    "preferred_visualization": "time_series"
                                }
                            ]
                        }
                    ]
                }
            ]
        },
        {
            "goalCode": "14",
            "targets": [
                {
                    "targetCode": "14.5",
                    "indicators": [
                        {
                            "indicatorCode": "14.5.1",
                            "facts": [
                                {
                                    "seriesCode": "ER_MRN_MARIN",
                                    "seriesTitle": "Coverage of protected areas in relation to marine areas (Exclusive Economic Zones) (%)",
                                    "hub": "2a0cad7f76284e8c978bfcb0fa15cd76",
                                    "slice_dimensions": {},
                                    "text_type": "8",
                                    "fact_text": "In <span class='fact-year'> 2018</span> , <span class='fact-value'> 0.05678</span>  <span class='fact-unit'>% </span> of the marine environment under national jurisdiction (up to 200 nautical miles from shore) was under protection.",
                                    "fact_values": [
                                        "0.05678"
                                    ],
                                    "fact_units": [
                                        "% "
                                    ],
                                    "fact_years": [
                                        "2018"
                                    ],
                                    "data_years": [
                                        "2018"
                                    ],
                                    "data_values": [
                                        "0.05678"
                                    ],
                                    "data_is_censored": [
                                        false
                                    ],
                                    "data_numeric_part": [
                                        0.06
                                    ],
                                    "preferred_visualization": "singleton"
                                }
                            ]
                        }
                    ]
                }
            ]
        },
        {
            "goalCode": "15",
            "targets": [
                {
                    "targetCode": "15.1",
                    "indicators": [
                        {
                            "indicatorCode": "15.1.1",
                            "facts": [
                                {
                                    "seriesCode": "AG_LND_FRST",
                                    "seriesTitle": "Forest area as a proportion of total land area (%)",
                                    "hub": "e23061ce674142b5b33c46ea5e031658",
                                    "slice_dimensions": {},
                                    "text_type": "1",
                                    "fact_text": "Land area covered by forest declined from <span class='fact-value'>13.91304</span> <span class='fact-unit'>%</span> in <span class='fact-year'>2000</span> to <span class='fact-value'>12.17391%</span>  in  <span class='fact-year'>2015</span>.",
                                    "fact_values": [
                                        "13.91304",
                                        "12.17391"
                                    ],
                                    "fact_units": [
                                        "%",
                                        "%"
                                    ],
                                    "fact_years": [
                                        "2000",
                                        "2015"
                                    ],
                                    "data_years": [
                                        "2005",
                                        "2000",
                                        "2015",
                                        "2010"
                                    ],
                                    "data_values": [
                                        "13.04348",
                                        "13.91304",
                                        "12.17391",
                                        "12.6087"
                                    ],
                                    "data_is_censored": [
                                        false,
                                        false,
                                        false,
                                        false
                                    ],
                                    "data_numeric_part": [
                                        13.0,
                                        14.0,
                                        12.0,
                                        13.0
                                    ],
                                    "preferred_visualization": "time_series"
                                }
                            ]
                        }
                    ]
                }
            ]
        }
    ]
}