{
    "release": "2019.Q1.G.02",
    "country_code": "585",
    "country_name": "Palau",
    "X": "134.5733878",
    "Y": "7.502307591",
    "goals": [
        {
            "goalCode": "1",
            "targets": [
                {
                    "targetCode": "1.2",
                    "indicators": [
                        {
                            "indicatorCode": "1.2.1",
                            "facts": [
                                {
                                    "seriesCode": "SI_POV_NAHC",
                                    "seriesTitle": "Proportion of population living below the national poverty line (%)",
                                    "hub": "f4cb37d065aa4b6981d93e8266f63fd0",
                                    "slice_dimensions": {
                                        "Location": "ALLAREA"
                                    },
                                    "text_type": "1",
                                    "fact_text": "The proportion of population living below the national poverty line was <span class='fact-value'>24.9</span> <span class='fact-unit'>%</span> in <span class='fact-year'>2006</span>.",
                                    "fact_values": [
                                        "24.9"
                                    ],
                                    "fact_units": [
                                        "%"
                                    ],
                                    "fact_years": [
                                        "2006"
                                    ],
                                    "data_years": [
                                        "2006"
                                    ],
                                    "data_values": [
                                        "24.9"
                                    ],
                                    "data_is_censored": [
                                        false
                                    ],
                                    "data_numeric_part": [
                                        25.0
                                    ],
                                    "preferred_visualization": "singleton"
                                }
                            ]
                        }
                    ]
                }
            ]
        },
        {
            "goalCode": "3",
            "targets": [
                {
                    "targetCode": "3.2",
                    "indicators": [
                        {
                            "indicatorCode": "3.2.1",
                            "facts": [
                                {
                                    "seriesCode": "SH_DYN_MORT",
                                    "seriesTitle": "Under-five mortality rate, by sex (deaths per 1,000 live births)",
                                    "hub": "216c7516b9444f289e8f7910c8726e9f",
                                    "slice_dimensions": {
                                        "Age": "<5Y",
                                        "Sex": "BOTHSEX"
                                    },
                                    "text_type": "1",
                                    "fact_text": "The mortality rate of children under age 5 fell from <span class='fact-value'>26.7</span> <span class='fact-unit'> per 1,000 live births</span> in <span class='fact-year'>2000</span> to <span class='fact-value'>15.3 per 1,000 live births</span>  in  <span class='fact-year'>2017</span>.",
                                    "fact_values": [
                                        "26.7",
                                        "15.3"
                                    ],
                                    "fact_units": [
                                        " per 1,000 live births",
                                        " per 1,000 live births"
                                    ],
                                    "fact_years": [
                                        "2000",
                                        "2017"
                                    ],
                                    "data_years": [
                                        "2005",
                                        "2007",
                                        "2006",
                                        "2001",
                                        "2002",
                                        "2000",
                                        "2004",
                                        "2003",
                                        "2015",
                                        "2016",
                                        "2014",
                                        "2017",
                                        "2010",
                                        "2008",
                                        "2009",
                                        "2013",
                                        "2011",
                                        "2012"
                                    ],
                                    "data_values": [
                                        "22.7",
                                        "21.3",
                                        "22",
                                        "25.9",
                                        "25",
                                        "26.7",
                                        "23.5",
                                        "24.2",
                                        "16.3",
                                        "15.8",
                                        "16.9",
                                        "15.3",
                                        "19.3",
                                        "20.6",
                                        "20",
                                        "17.4",
                                        "18.7",
                                        "18"
                                    ],
                                    "data_is_censored": [
                                        false,
                                        false,
                                        false,
                                        false,
                                        false,
                                        false,
                                        false,
                                        false,
                                        false,
                                        false,
                                        false,
                                        false,
                                        false,
                                        false,
                                        false,
                                        false,
                                        false,
                                        false
                                    ],
                                    "data_numeric_part": [
                                        23.0,
                                        21.0,
                                        22.0,
                                        26.0,
                                        25.0,
                                        27.0,
                                        24.0,
                                        24.0,
                                        16.0,
                                        16.0,
                                        17.0,
                                        15.0,
                                        19.0,
                                        21.0,
                                        20.0,
                                        17.0,
                                        19.0,
                                        18.0
                                    ],
                                    "preferred_visualization": "time_series"
                                }
                            ]
                        }
                    ]
                }
            ]
        },
        {
            "goalCode": "4",
            "targets": [
                {
                    "targetCode": "4.2",
                    "indicators": [
                        {
                            "indicatorCode": "4.2.2",
                            "facts": [
                                {
                                    "seriesCode": "SE_PRE_PARTN",
                                    "seriesTitle": "Participation rate in organized learning (one year before the official primary entry age), by sex (%)",
                                    "hub": "3459681b792a4979a9d9731c75f7f80d",
                                    "slice_dimensions": {
                                        "Sex": "BOTHSEX"
                                    },
                                    "text_type": "2",
                                    "fact_text": "In <span class='fact-year'>2014</span>, <span class='fact-value'>90.41563</span> <span class='fact-unit'>% </span> of children participated in pre-primary or primary education in the year prior to the official entrance age for primary school",
                                    "fact_values": [
                                        "90.41563"
                                    ],
                                    "fact_units": [
                                        "% "
                                    ],
                                    "fact_years": [
                                        "2014"
                                    ],
                                    "data_years": [
                                        "2014"
                                    ],
                                    "data_values": [
                                        "90.41563"
                                    ],
                                    "data_is_censored": [
                                        false
                                    ],
                                    "data_numeric_part": [
                                        90.0
                                    ],
                                    "preferred_visualization": "singleton"
                                }
                            ]
                        }
                    ]
                }
            ]
        },
        {
            "goalCode": "5",
            "targets": [
                {
                    "targetCode": "5.5",
                    "indicators": [
                        {
                            "indicatorCode": "5.5.1",
                            "facts": [
                                {
                                    "seriesCode": "SG_GEN_PARL",
                                    "seriesTitle": "Proportion of seats held by women in national parliaments (% of total number of seats)",
                                    "hub": "337524c727bd498c8726f9f6bc6512e1",
                                    "slice_dimensions": {
                                        "Sex": "FEMALE"
                                    },
                                    "text_type": "1",
                                    "fact_text": "The proportion of seats held by women in single or lower houses of parliament increased from <span class='fact-value'>0</span> <span class='fact-unit'>%</span> in <span class='fact-year'>2000</span> to <span class='fact-value'>12.5%</span>  in  <span class='fact-year'>2018</span>.",
                                    "fact_values": [
                                        "0",
                                        "12.5"
                                    ],
                                    "fact_units": [
                                        "%",
                                        "%"
                                    ],
                                    "fact_years": [
                                        "2000",
                                        "2018"
                                    ],
                                    "data_years": [
                                        "2013",
                                        "2016",
                                        "2018",
                                        "2014",
                                        "2017",
                                        "2015",
                                        "2004",
                                        "2003",
                                        "2005",
                                        "2000",
                                        "2002",
                                        "2001",
                                        "2010",
                                        "2009",
                                        "2012",
                                        "2011",
                                        "2007",
                                        "2006",
                                        "2008"
                                    ],
                                    "data_values": [
                                        "0",
                                        "0",
                                        "12.5",
                                        "0",
                                        "12.5",
                                        "0",
                                        "0",
                                        "0",
                                        "0",
                                        "0",
                                        "0",
                                        "0",
                                        "0",
                                        "0",
                                        "0",
                                        "0",
                                        "0",
                                        "0",
                                        "0"
                                    ],
                                    "data_is_censored": [
                                        false,
                                        false,
                                        false,
                                        false,
                                        false,
                                        false,
                                        false,
                                        false,
                                        false,
                                        false,
                                        false,
                                        false,
                                        false,
                                        false,
                                        false,
                                        false,
                                        false,
                                        false,
                                        false
                                    ],
                                    "data_numeric_part": [
                                        0.0,
                                        0.0,
                                        13.0,
                                        0.0,
                                        13.0,
                                        0.0,
                                        0.0,
                                        0.0,
                                        0.0,
                                        0.0,
                                        0.0,
                                        0.0,
                                        0.0,
                                        0.0,
                                        0.0,
                                        0.0,
                                        0.0,
                                        0.0,
                                        0.0
                                    ],
                                    "preferred_visualization": "time_series"
                                }
                            ]
                        }
                    ]
                }
            ]
        },
        {
            "goalCode": "6",
            "targets": [
                {
                    "targetCode": "6.2",
                    "indicators": [
                        {
                            "indicatorCode": "6.2.1",
                            "facts": [
                                {
                                    "seriesCode": "SH_SAN_SAFE",
                                    "seriesTitle": "Proportion of population using safely managed sanitation services, by urban/rural (%)",
                                    "hub": "28a9a3072fd940aa9fb0f983d25ef65f",
                                    "slice_dimensions": {
                                        "Location": "ALLAREA"
                                    },
                                    "text_type": "2",
                                    "fact_text": "In <span class='fact-year'>2015</span>, <span class='fact-value'>19.62012</span> <span class='fact-unit'>% </span> of the population used a \"safely managed\" sanitation service - a basic facility that safely disposes of human waste",
                                    "fact_values": [
                                        "19.62012"
                                    ],
                                    "fact_units": [
                                        "% "
                                    ],
                                    "fact_years": [
                                        "2015"
                                    ],
                                    "data_years": [
                                        "2004",
                                        "2013",
                                        "2000",
                                        "2006",
                                        "2003",
                                        "2014",
                                        "2007",
                                        "2001",
                                        "2011",
                                        "2008",
                                        "2002",
                                        "2005",
                                        "2015",
                                        "2010",
                                        "2009",
                                        "2012"
                                    ],
                                    "data_values": [
                                        "18.43206",
                                        "19.98272",
                                        "16.75004",
                                        "19.13449",
                                        "18.05292",
                                        "19.79344",
                                        "19.47194",
                                        "17.21437",
                                        "20.41448",
                                        "19.80318",
                                        "17.64762",
                                        "18.7889",
                                        "19.62012",
                                        "20.45508",
                                        "20.13036",
                                        "20.18908"
                                    ],
                                    "data_is_censored": [
                                        false,
                                        false,
                                        false,
                                        false,
                                        false,
                                        false,
                                        false,
                                        false,
                                        false,
                                        false,
                                        false,
                                        false,
                                        false,
                                        false,
                                        false,
                                        false
                                    ],
                                    "data_numeric_part": [
                                        18.0,
                                        20.0,
                                        17.0,
                                        19.0,
                                        18.0,
                                        20.0,
                                        19.0,
                                        17.0,
                                        20.0,
                                        20.0,
                                        18.0,
                                        19.0,
                                        20.0,
                                        20.0,
                                        20.0,
                                        20.0
                                    ],
                                    "preferred_visualization": "time_series"
                                }
                            ]
                        }
                    ]
                }
            ]
        },
        {
            "goalCode": "7",
            "targets": [
                {
                    "targetCode": "7.1",
                    "indicators": [
                        {
                            "indicatorCode": "7.1.1",
                            "facts": [
                                {
                                    "seriesCode": "EG_ELC_ACCS",
                                    "seriesTitle": "Proportion of population with access to electricity, by urban/rural (%)",
                                    "hub": "81cf3e70351c4895828a2486efa2142c",
                                    "slice_dimensions": {
                                        "Location": "ALLAREA"
                                    },
                                    "text_type": "1",
                                    "fact_text": "The proportion of the population with access to electricity was <span class='fact-value'>99.29</span> <span class='fact-unit'>%</span> in <span class='fact-year'>2016</span>.",
                                    "fact_values": [
                                        "99.29"
                                    ],
                                    "fact_units": [
                                        "%"
                                    ],
                                    "fact_years": [
                                        "2016"
                                    ],
                                    "data_years": [
                                        "2004",
                                        "2006",
                                        "2005",
                                        "2000",
                                        "2001",
                                        "2003",
                                        "2002",
                                        "2014",
                                        "2015",
                                        "2012",
                                        "2013",
                                        "2016",
                                        "2008",
                                        "2007",
                                        "2010",
                                        "2011",
                                        "2009"
                                    ],
                                    "data_values": [
                                        "98.38",
                                        "98.37",
                                        "98.92",
                                        "98.41",
                                        "98.42",
                                        "98.40",
                                        "98.41",
                                        "99.81",
                                        "99.16",
                                        "97.63",
                                        "98.91",
                                        "99.29",
                                        "98.44",
                                        "98.39",
                                        "98.58",
                                        "98.68",
                                        "98.50"
                                    ],
                                    "data_is_censored": [
                                        false,
                                        false,
                                        false,
                                        false,
                                        false,
                                        false,
                                        false,
                                        false,
                                        false,
                                        false,
                                        false,
                                        false,
                                        false,
                                        false,
                                        false,
                                        false,
                                        false
                                    ],
                                    "data_numeric_part": [
                                        98.0,
                                        98.0,
                                        99.0,
                                        98.0,
                                        98.0,
                                        98.0,
                                        98.0,
                                        100.0,
                                        99.0,
                                        98.0,
                                        99.0,
                                        99.0,
                                        98.0,
                                        98.0,
                                        99.0,
                                        99.0,
                                        99.0
                                    ],
                                    "preferred_visualization": "time_series"
                                }
                            ]
                        },
                        {
                            "indicatorCode": "7.1.2",
                            "facts": [
                                {
                                    "seriesCode": "EG_EGY_CLEAN",
                                    "seriesTitle": "Proportion of population with primary reliance on clean fuels and technology (%)",
                                    "hub": "b087399f0b874ab9948714edcd49cbdd",
                                    "slice_dimensions": {},
                                    "text_type": "8",
                                    "fact_text": "In <span class='fact-year'> 2017</span> , <span class='fact-value'> more than 95</span>  <span class='fact-unit'>% </span> of the population relied primarily on clean fuels and technology.",
                                    "fact_values": [
                                        "more than 95"
                                    ],
                                    "fact_units": [
                                        "% "
                                    ],
                                    "fact_years": [
                                        "2017"
                                    ],
                                    "data_years": [
                                        "2000",
                                        "2005",
                                        "2010",
                                        "2015",
                                        "2016",
                                        "2017"
                                    ],
                                    "data_values": [
                                        "more than 95",
                                        "more than 95",
                                        "more than 95",
                                        "more than 95",
                                        "more than 95",
                                        "more than 95"
                                    ],
                                    "data_is_censored": [
                                        true,
                                        true,
                                        true,
                                        true,
                                        true,
                                        true
                                    ],
                                    "data_numeric_part": [
                                        95.0,
                                        95.0,
                                        95.0,
                                        95.0,
                                        95.0,
                                        95.0
                                    ],
                                    "preferred_visualization": "time_series"
                                }
                            ]
                        }
                    ]
                }
            ]
        },
        {
            "goalCode": "8",
            "targets": [
                {
                    "targetCode": "8.4",
                    "indicators": [
                        {
                            "indicatorCode": "8.4.2",
                            "facts": [
                                {
                                    "seriesCode": "EN_MAT_DOMCMPC",
                                    "seriesTitle": "Domestic material consumption per capita, by type of raw material (tonnes)",
                                    "hub": "995242b2ec9f4a21975ef7d47b5657bb",
                                    "slice_dimensions": {
                                        "Type of product": "RAW"
                                    },
                                    "text_type": "1",
                                    "fact_text": "Domestic material consumption increased from <span class='fact-value'>0.18749</span> <span class='fact-unit'> metric tons per capita</span> in <span class='fact-year'>2000</span> to <span class='fact-value'>1.21251 metric tons per capita</span>  in  <span class='fact-year'>2017</span>.",
                                    "fact_values": [
                                        "0.18749",
                                        "1.21251"
                                    ],
                                    "fact_units": [
                                        " metric tons per capita",
                                        " metric tons per capita"
                                    ],
                                    "fact_years": [
                                        "2000",
                                        "2017"
                                    ],
                                    "data_years": [
                                        "2000",
                                        "2003",
                                        "2002",
                                        "2001",
                                        "2012",
                                        "2011",
                                        "2010",
                                        "2015",
                                        "2013",
                                        "2014",
                                        "2006",
                                        "2005",
                                        "2004",
                                        "2009",
                                        "2008",
                                        "2007",
                                        "2016",
                                        "2017"
                                    ],
                                    "data_values": [
                                        "0.18749",
                                        "0.17609",
                                        "0.17702",
                                        "0.17744",
                                        "0.96757",
                                        "0.45154",
                                        "0.41601",
                                        "1.13241",
                                        "0.54677",
                                        "1.09062",
                                        "0.1651",
                                        "0.18713",
                                        "0.17557",
                                        "0.45976",
                                        "0.70736",
                                        "0.84533",
                                        "1.17231",
                                        "1.21251"
                                    ],
                                    "data_is_censored": [
                                        false,
                                        false,
                                        false,
                                        false,
                                        false,
                                        false,
                                        false,
                                        false,
                                        false,
                                        false,
                                        false,
                                        false,
                                        false,
                                        false,
                                        false,
                                        false,
                                        false,
                                        false
                                    ],
                                    "data_numeric_part": [
                                        0.19,
                                        0.18,
                                        0.18,
                                        0.18,
                                        0.97,
                                        0.45,
                                        0.42,
                                        1.1,
                                        0.55,
                                        1.1,
                                        0.17,
                                        0.19,
                                        0.18,
                                        0.46,
                                        0.71,
                                        0.85,
                                        1.2,
                                        1.2
                                    ],
                                    "preferred_visualization": "time_series"
                                }
                            ]
                        }
                    ]
                },
                {
                    "targetCode": "8.5",
                    "indicators": [
                        {
                            "indicatorCode": "8.5.2",
                            "facts": [
                                {
                                    "seriesCode": "SL_TLF_UEM",
                                    "seriesTitle": "Unemployment rate, by sex and age (%)",
                                    "hub": "72c32323563d4a0b9432c9edcb85267a",
                                    "slice_dimensions": {
                                        "Age": "15+",
                                        "Sex": "BOTHSEX"
                                    },
                                    "text_type": "1",
                                    "fact_text": "The total unemployment rate increased from <span class='fact-value'>3.3</span> <span class='fact-unit'>%</span> in <span class='fact-year'>2000</span> to <span class='fact-value'>4.2%</span>  in  <span class='fact-year'>2005</span>.",
                                    "fact_values": [
                                        "3.3",
                                        "4.2"
                                    ],
                                    "fact_units": [
                                        "%",
                                        "%"
                                    ],
                                    "fact_years": [
                                        "2000",
                                        "2005"
                                    ],
                                    "data_years": [
                                        "2000",
                                        "2005"
                                    ],
                                    "data_values": [
                                        "3.3",
                                        "4.2"
                                    ],
                                    "data_is_censored": [
                                        false,
                                        false
                                    ],
                                    "data_numeric_part": [
                                        3.3,
                                        4.2
                                    ],
                                    "preferred_visualization": "singleton"
                                }
                            ]
                        }
                    ]
                },
                {
                    "targetCode": "8.1",
                    "indicators": [
                        {
                            "indicatorCode": "8.1.1",
                            "facts": [
                                {
                                    "seriesCode": "NY_GDP_PCAP",
                                    "seriesTitle": "Annual growth rate of real GDP per capita (%)",
                                    "hub": "3cb997d2497148e68dca6787fcb84ca5",
                                    "slice_dimensions": {},
                                    "text_type": "1",
                                    "fact_text": "The annual growth rate of real gross domestic product (GDP) per capita was <span class='fact-value'>-4.72</span> <span class='fact-unit'>%</span> in <span class='fact-year'>2017</span>.",
                                    "fact_values": [
                                        "-4.72"
                                    ],
                                    "fact_units": [
                                        "%"
                                    ],
                                    "fact_years": [
                                        "2017"
                                    ],
                                    "data_years": [
                                        "2007",
                                        "2006",
                                        "2005",
                                        "2004",
                                        "2002",
                                        "2001",
                                        "2000",
                                        "2003",
                                        "2008",
                                        "2009",
                                        "2016",
                                        "2015",
                                        "2014",
                                        "2017",
                                        "2013",
                                        "2012",
                                        "2011",
                                        "2010"
                                    ],
                                    "data_values": [
                                        "-0.04",
                                        "-3.15",
                                        "-0.28",
                                        "0.26",
                                        "3.93",
                                        "0.86",
                                        "-2.71",
                                        "-0.49",
                                        "-6.93",
                                        "-5.88",
                                        "-0.94",
                                        "9.13",
                                        "1.85",
                                        "-4.72",
                                        "-2.28",
                                        "3.17",
                                        "5.67",
                                        "-1.54"
                                    ],
                                    "data_is_censored": [
                                        false,
                                        false,
                                        false,
                                        false,
                                        false,
                                        false,
                                        false,
                                        false,
                                        false,
                                        false,
                                        false,
                                        false,
                                        false,
                                        false,
                                        false,
                                        false,
                                        false,
                                        false
                                    ],
                                    "data_numeric_part": [
                                        -0.04,
                                        -3.15,
                                        -0.28,
                                        0.26,
                                        3.9,
                                        0.86,
                                        -2.71,
                                        -0.49,
                                        -6.93,
                                        -5.88,
                                        -0.94,
                                        9.1,
                                        1.9,
                                        -4.72,
                                        -2.28,
                                        3.2,
                                        5.7,
                                        -1.54
                                    ],
                                    "preferred_visualization": "time_series"
                                }
                            ]
                        }
                    ]
                }
            ]
        },
        {
            "goalCode": "9",
            "targets": [
                {
                    "targetCode": "9.c",
                    "indicators": [
                        {
                            "indicatorCode": "9.c.1",
                            "facts": [
                                {
                                    "seriesCode": "IT_MOB_NTWK",
                                    "seriesTitle": "Proportion of population covered by a mobile network, by technology (%)",
                                    "hub": "8943ce6f81b44120b6124fedb3b094d8",
                                    "slice_dimensions": {
                                        "Type of mobile technology": "AL2G"
                                    },
                                    "text_type": "2",
                                    "fact_text": "In <span class='fact-year'>2015</span>, <span class='fact-value'>98.00</span> <span class='fact-unit'>% </span> of the population was in range of at least a second-generation (2G) cellular signal",
                                    "fact_values": [
                                        "98.00"
                                    ],
                                    "fact_units": [
                                        "% "
                                    ],
                                    "fact_years": [
                                        "2015"
                                    ],
                                    "data_years": [
                                        "2013",
                                        "2005",
                                        "2014",
                                        "2015",
                                        "2012",
                                        "2009",
                                        "2008",
                                        "2007",
                                        "2010",
                                        "2011",
                                        "2006"
                                    ],
                                    "data_values": [
                                        "98.00",
                                        "30.00",
                                        "98.00",
                                        "98.00",
                                        "98.00",
                                        "95.00",
                                        "95.00",
                                        "95.00",
                                        "95.00",
                                        "98.00",
                                        "95.00"
                                    ],
                                    "data_is_censored": [
                                        false,
                                        false,
                                        false,
                                        false,
                                        false,
                                        false,
                                        false,
                                        false,
                                        false,
                                        false,
                                        false
                                    ],
                                    "data_numeric_part": [
                                        98.0,
                                        30.0,
                                        98.0,
                                        98.0,
                                        98.0,
                                        95.0,
                                        95.0,
                                        95.0,
                                        95.0,
                                        98.0,
                                        95.0
                                    ],
                                    "preferred_visualization": "time_series"
                                }
                            ]
                        }
                    ]
                }
            ]
        },
        {
            "goalCode": "11",
            "targets": [
                {
                    "targetCode": "11.6",
                    "indicators": [
                        {
                            "indicatorCode": "11.6.2",
                            "facts": [
                                {
                                    "seriesCode": "EN_ATM_PM25",
                                    "seriesTitle": "Annual mean levels of fine particulate matter in cities, urban population (micrograms per cubic meter)",
                                    "hub": "5b43bb59961a46daa3b8af9384f60103",
                                    "slice_dimensions": {
                                        "Location": "ALLAREA"
                                    },
                                    "text_type": "10",
                                    "fact_text": "In <span class='fact-year'> 2016</span> , the annual population-weighted average mean concentration of fine suspended particles of less than 2.5 microns in diameters (PM2.5) was about <span class='fact-value'> 12.1809892654419</span>  <span class='fact-unit'> micrograms per cubic metre</span> .  This is above the maximum level for safety set by WHO of 10 micrograms per cubic metre.",
                                    "fact_values": [
                                        "12.1809892654419"
                                    ],
                                    "fact_units": [
                                        " micrograms per cubic metre"
                                    ],
                                    "fact_years": [
                                        "2016"
                                    ],
                                    "data_years": [
                                        "2016"
                                    ],
                                    "data_values": [
                                        "12.1809892654419"
                                    ],
                                    "data_is_censored": [
                                        false
                                    ],
                                    "data_numeric_part": [
                                        12.0
                                    ],
                                    "preferred_visualization": "threshold"
                                }
                            ]
                        }
                    ]
                }
            ]
        },
        {
            "goalCode": "12",
            "targets": [
                {
                    "targetCode": "12.2",
                    "indicators": [
                        {
                            "indicatorCode": "12.2.2",
                            "facts": [
                                {
                                    "seriesCode": "EN_MAT_DOMCMPC",
                                    "seriesTitle": "Domestic material consumption per capita, by type of raw material (tonnes)",
                                    "hub": "995242b2ec9f4a21975ef7d47b5657bb",
                                    "slice_dimensions": {
                                        "Type of product": "RAW"
                                    },
                                    "text_type": "1",
                                    "fact_text": "Domestic material consumption increased from <span class='fact-value'>0.18749</span> <span class='fact-unit'> metric tons per capita</span> in <span class='fact-year'>2000</span> to <span class='fact-value'>1.21251 metric tons per capita</span>  in  <span class='fact-year'>2017</span>.",
                                    "fact_values": [
                                        "0.18749",
                                        "1.21251"
                                    ],
                                    "fact_units": [
                                        " metric tons per capita",
                                        " metric tons per capita"
                                    ],
                                    "fact_years": [
                                        "2000",
                                        "2017"
                                    ],
                                    "data_years": [
                                        "2000",
                                        "2003",
                                        "2002",
                                        "2001",
                                        "2012",
                                        "2011",
                                        "2010",
                                        "2015",
                                        "2013",
                                        "2014",
                                        "2006",
                                        "2005",
                                        "2004",
                                        "2009",
                                        "2008",
                                        "2007",
                                        "2016",
                                        "2017"
                                    ],
                                    "data_values": [
                                        "0.18749",
                                        "0.17609",
                                        "0.17702",
                                        "0.17744",
                                        "0.96757",
                                        "0.45154",
                                        "0.41601",
                                        "1.13241",
                                        "0.54677",
                                        "1.09062",
                                        "0.1651",
                                        "0.18713",
                                        "0.17557",
                                        "0.45976",
                                        "0.70736",
                                        "0.84533",
                                        "1.17231",
                                        "1.21251"
                                    ],
                                    "data_is_censored": [
                                        false,
                                        false,
                                        false,
                                        false,
                                        false,
                                        false,
                                        false,
                                        false,
                                        false,
                                        false,
                                        false,
                                        false,
                                        false,
                                        false,
                                        false,
                                        false,
                                        false,
                                        false
                                    ],
                                    "data_numeric_part": [
                                        0.19,
                                        0.18,
                                        0.18,
                                        0.18,
                                        0.97,
                                        0.45,
                                        0.42,
                                        1.1,
                                        0.55,
                                        1.1,
                                        0.17,
                                        0.19,
                                        0.18,
                                        0.46,
                                        0.71,
                                        0.85,
                                        1.2,
                                        1.2
                                    ],
                                    "preferred_visualization": "time_series"
                                }
                            ]
                        }
                    ]
                }
            ]
        },
        {
            "goalCode": "14",
            "targets": [
                {
                    "targetCode": "14.5",
                    "indicators": [
                        {
                            "indicatorCode": "14.5.1",
                            "facts": [
                                {
                                    "seriesCode": "ER_MRN_MARIN",
                                    "seriesTitle": "Coverage of protected areas in relation to marine areas (Exclusive Economic Zones) (%)",
                                    "hub": "2a0cad7f76284e8c978bfcb0fa15cd76",
                                    "slice_dimensions": {},
                                    "text_type": "8",
                                    "fact_text": "In <span class='fact-year'> 2018</span> , <span class='fact-value'> 82.98755</span>  <span class='fact-unit'>% </span> of the marine environment under national jurisdiction (up to 200 nautical miles from shore) was under protection.",
                                    "fact_values": [
                                        "82.98755"
                                    ],
                                    "fact_units": [
                                        "% "
                                    ],
                                    "fact_years": [
                                        "2018"
                                    ],
                                    "data_years": [
                                        "2018"
                                    ],
                                    "data_values": [
                                        "82.98755"
                                    ],
                                    "data_is_censored": [
                                        false
                                    ],
                                    "data_numeric_part": [
                                        83.0
                                    ],
                                    "preferred_visualization": "singleton"
                                }
                            ]
                        }
                    ]
                }
            ]
        },
        {
            "goalCode": "15",
            "targets": [
                {
                    "targetCode": "15.1",
                    "indicators": [
                        {
                            "indicatorCode": "15.1.1",
                            "facts": [
                                {
                                    "seriesCode": "AG_LND_FRST",
                                    "seriesTitle": "Forest area as a proportion of total land area (%)",
                                    "hub": "e23061ce674142b5b33c46ea5e031658",
                                    "slice_dimensions": {},
                                    "text_type": "1",
                                    "fact_text": "Land area covered by forest was <span class='fact-value'>87.61522</span> <span class='fact-unit'>%</span> in <span class='fact-year'>2015</span>.",
                                    "fact_values": [
                                        "87.61522"
                                    ],
                                    "fact_units": [
                                        "%"
                                    ],
                                    "fact_years": [
                                        "2015"
                                    ],
                                    "data_years": [
                                        "2015",
                                        "2010",
                                        "2005",
                                        "2000"
                                    ],
                                    "data_values": [
                                        "87.61522",
                                        "87.61522",
                                        "87.61522",
                                        "86.0587"
                                    ],
                                    "data_is_censored": [
                                        false,
                                        false,
                                        false,
                                        false
                                    ],
                                    "data_numeric_part": [
                                        88.0,
                                        88.0,
                                        88.0,
                                        86.0
                                    ],
                                    "preferred_visualization": "time_series"
                                }
                            ]
                        }
                    ]
                }
            ]
        },
        {
            "goalCode": "16",
            "targets": [
                {
                    "targetCode": "16.1",
                    "indicators": [
                        {
                            "indicatorCode": "16.1.1",
                            "facts": [
                                {
                                    "seriesCode": "VC_IHR_PSRC",
                                    "seriesTitle": "Number of victims of intentional homicide per 100,000 population, by sex (victims per 100,000 population)",
                                    "hub": "b65e89e905a744e5992889ddc27f8fc7",
                                    "slice_dimensions": {},
                                    "text_type": "11",
                                    "fact_text": "In <span class='fact-year'> 2012</span> , the intentional homicide rate was <span class='fact-value'> 3.11</span>  <span class='fact-unit'> per 100,000 population</span> . ",
                                    "fact_values": [
                                        "3.11"
                                    ],
                                    "fact_units": [
                                        " per 100,000 population"
                                    ],
                                    "fact_years": [
                                        "2012"
                                    ],
                                    "data_years": [
                                        "2012"
                                    ],
                                    "data_values": [
                                        "3.11"
                                    ],
                                    "data_is_censored": [
                                        false
                                    ],
                                    "data_numeric_part": [
                                        3.1
                                    ],
                                    "preferred_visualization": "singleton"
                                }
                            ]
                        }
                    ]
                }
            ]
        },
        {
            "goalCode": "17",
            "targets": [
                {
                    "targetCode": "17.3",
                    "indicators": [
                        {
                            "indicatorCode": "17.3.2",
                            "facts": [
                                {
                                    "seriesCode": "BX_TRF_PWKR",
                                    "seriesTitle": "Volume of remittances (in United States dollars) as a proportion of total GDP (%)",
                                    "hub": "68e9ec78abe543889762bbdd36cd3d31",
                                    "slice_dimensions": {},
                                    "text_type": "9",
                                    "fact_text": "In <span class='fact-year'> 2016</span> , the inflow of personal remittances was <span class='fact-value'> 0.73</span>  <span class='fact-unit'>% of GDP</span> , down from <span class='fact-value'> 0.77</span>  <span class='fact-unit'>%</span>  in <span class='fact-year'> 2005</span> ",
                                    "fact_values": [
                                        "0.77% of GDP",
                                        "0.73% of GDP"
                                    ],
                                    "fact_units": [
                                        " per 100,000 population"
                                    ],
                                    "fact_years": [
                                        "2005",
                                        "2016"
                                    ],
                                    "data_years": [
                                        "2012",
                                        "2016",
                                        "2007",
                                        "2014",
                                        "2009",
                                        "2010",
                                        "2011",
                                        "2008",
                                        "2015",
                                        "2013",
                                        "2006",
                                        "2005"
                                    ],
                                    "data_values": [
                                        "1.10",
                                        "0.73",
                                        "0.79",
                                        "0.90",
                                        "0.85",
                                        "0.92",
                                        "0.98",
                                        "0.82",
                                        "0.76",
                                        "1.04",
                                        "0.80",
                                        "0.77"
                                    ],
                                    "data_is_censored": [
                                        false,
                                        false,
                                        false,
                                        false,
                                        false,
                                        false,
                                        false,
                                        false,
                                        false,
                                        false,
                                        false,
                                        false
                                    ],
                                    "data_numeric_part": [
                                        1.1,
                                        0.73,
                                        0.79,
                                        0.9,
                                        0.85,
                                        0.92,
                                        0.98,
                                        0.82,
                                        0.76,
                                        1.0,
                                        0.8,
                                        0.77
                                    ],
                                    "preferred_visualization": "time_series"
                                }
                            ]
                        }
                    ]
                },
                {
                    "targetCode": "17.6",
                    "indicators": [
                        {
                            "indicatorCode": "17.6.2",
                            "facts": [
                                {
                                    "seriesCode": "IT_NET_BBP",
                                    "seriesTitle": "Fixed Internet broadband subscriptions per 100\u00a0inhabitants, by speed (per 100 inhabitants)",
                                    "hub": "f59cf3f8a0ec41a2b601a28682e6f2c8",
                                    "slice_dimensions": {
                                        "Type of speed": "ANYS"
                                    },
                                    "text_type": "15",
                                    "fact_text": "In <span class='fact-year'> 2015</span> , fixed-broadband internet penetration reached <span class='fact-value'> 5.75</span>  <span class='fact-unit'>% of the population</span> , up from 0.37% of the population in <span class='fact-year'> 2004</span> .",
                                    "fact_values": [
                                        "0.37",
                                        "5.75"
                                    ],
                                    "fact_units": [
                                        "% of the population",
                                        "% of the population"
                                    ],
                                    "fact_years": [
                                        "2004",
                                        "2015"
                                    ],
                                    "data_years": [
                                        "2005",
                                        "2006",
                                        "2007",
                                        "2004",
                                        "2008",
                                        "2012",
                                        "2013",
                                        "2014",
                                        "2009",
                                        "2011",
                                        "2010",
                                        "2015"
                                    ],
                                    "data_values": [
                                        "0.50",
                                        "0.48",
                                        "0.50",
                                        "0.37",
                                        "0.55",
                                        "4.33",
                                        "8.63",
                                        "5.26",
                                        "0.70",
                                        "2.51",
                                        "1.17",
                                        "5.75"
                                    ],
                                    "data_is_censored": [
                                        false,
                                        false,
                                        false,
                                        false,
                                        false,
                                        false,
                                        false,
                                        false,
                                        false,
                                        false,
                                        false,
                                        false
                                    ],
                                    "data_numeric_part": [
                                        0.5,
                                        0.48,
                                        0.5,
                                        0.37,
                                        0.55,
                                        4.3,
                                        8.6,
                                        5.3,
                                        0.7,
                                        2.5,
                                        1.2,
                                        5.8
                                    ],
                                    "preferred_visualization": "time_series"
                                }
                            ]
                        }
                    ]
                }
            ]
        }
    ]
}