{
    "release": "2019.Q1.G.02",
    "country_code": "304",
    "country_name": "Greenland",
    "X": "-41.39371316",
    "Y": "74.75625681",
    "goals": [
        {
            "goalCode": "6",
            "targets": [
                {
                    "targetCode": "6.1",
                    "indicators": [
                        {
                            "indicatorCode": "6.1.1",
                            "facts": [
                                {
                                    "seriesCode": "SH_H2O_SAFE",
                                    "seriesTitle": "Proportion of population using safely managed drinking water services, by urban/rural (%)",
                                    "hub": "9fd0677f368c48dca6f5e11f64badafd",
                                    "slice_dimensions": {
                                        "Location": "ALLAREA"
                                    },
                                    "text_type": "2",
                                    "fact_text": "In <span class='fact-year'>2015</span>, <span class='fact-value'>96.7492</span> <span class='fact-unit'>% </span> of the population used a \"safely managed\" drinking water service - an improved source located on premises, available when needed and free from contamination",
                                    "fact_values": [
                                        "96.7492"
                                    ],
                                    "fact_units": [
                                        "% "
                                    ],
                                    "fact_years": [
                                        "2015"
                                    ],
                                    "data_years": [
                                        "2015",
                                        "2007",
                                        "2000",
                                        "2004",
                                        "2012",
                                        "2009",
                                        "2011",
                                        "2005",
                                        "2002",
                                        "2006",
                                        "2014",
                                        "2003",
                                        "2001",
                                        "2010",
                                        "2008",
                                        "2013"
                                    ],
                                    "data_values": [
                                        "96.7492",
                                        "95.07891",
                                        "93.83339",
                                        "94.14477",
                                        "96.6358",
                                        "95.70167",
                                        "96.32443",
                                        "94.45615",
                                        "93.83339",
                                        "94.76753",
                                        "96.75351",
                                        "93.83339",
                                        "93.83339",
                                        "96.01305",
                                        "95.39029",
                                        "96.75804"
                                    ],
                                    "data_is_censored": [
                                        false,
                                        false,
                                        false,
                                        false,
                                        false,
                                        false,
                                        false,
                                        false,
                                        false,
                                        false,
                                        false,
                                        false,
                                        false,
                                        false,
                                        false,
                                        false
                                    ],
                                    "data_numeric_part": [
                                        97.0,
                                        95.0,
                                        94.0,
                                        94.0,
                                        97.0,
                                        96.0,
                                        96.0,
                                        94.0,
                                        94.0,
                                        95.0,
                                        97.0,
                                        94.0,
                                        94.0,
                                        96.0,
                                        95.0,
                                        97.0
                                    ],
                                    "preferred_visualization": "time_series"
                                }
                            ]
                        }
                    ]
                },
                {
                    "targetCode": "6.2",
                    "indicators": [
                        {
                            "indicatorCode": "6.2.1",
                            "facts": [
                                {
                                    "seriesCode": "SH_SAN_SAFE",
                                    "seriesTitle": "Proportion of population using safely managed sanitation services, by urban/rural (%)",
                                    "hub": "28a9a3072fd940aa9fb0f983d25ef65f",
                                    "slice_dimensions": {
                                        "Location": "ALLAREA"
                                    },
                                    "text_type": "2",
                                    "fact_text": "In <span class='fact-year'>2015</span>, <span class='fact-value'>93.07498</span> <span class='fact-unit'>% </span> of the population used a \"safely managed\" sanitation service - a basic facility that safely disposes of human waste",
                                    "fact_values": [
                                        "93.07498"
                                    ],
                                    "fact_units": [
                                        "% "
                                    ],
                                    "fact_years": [
                                        "2015"
                                    ],
                                    "data_years": [
                                        "2001",
                                        "2014",
                                        "2006",
                                        "2011",
                                        "2002",
                                        "2000",
                                        "2003",
                                        "2005",
                                        "2004",
                                        "2015",
                                        "2012",
                                        "2009",
                                        "2008",
                                        "2010",
                                        "2013",
                                        "2007"
                                    ],
                                    "data_values": [
                                        "93.20519",
                                        "93.08896",
                                        "93.19693",
                                        "93.13035",
                                        "93.20519",
                                        "93.20519",
                                        "93.20519",
                                        "93.20519",
                                        "93.20519",
                                        "93.07498",
                                        "93.11665",
                                        "93.15726",
                                        "93.17056",
                                        "93.14387",
                                        "93.10285",
                                        "93.18379"
                                    ],
                                    "data_is_censored": [
                                        false,
                                        false,
                                        false,
                                        false,
                                        false,
                                        false,
                                        false,
                                        false,
                                        false,
                                        false,
                                        false,
                                        false,
                                        false,
                                        false,
                                        false,
                                        false
                                    ],
                                    "data_numeric_part": [
                                        93.0,
                                        93.0,
                                        93.0,
                                        93.0,
                                        93.0,
                                        93.0,
                                        93.0,
                                        93.0,
                                        93.0,
                                        93.0,
                                        93.0,
                                        93.0,
                                        93.0,
                                        93.0,
                                        93.0,
                                        93.0
                                    ],
                                    "preferred_visualization": "time_series"
                                }
                            ]
                        }
                    ]
                }
            ]
        },
        {
            "goalCode": "7",
            "targets": [
                {
                    "targetCode": "7.1",
                    "indicators": [
                        {
                            "indicatorCode": "7.1.1",
                            "facts": [
                                {
                                    "seriesCode": "EG_ELC_ACCS",
                                    "seriesTitle": "Proportion of population with access to electricity, by urban/rural (%)",
                                    "hub": "81cf3e70351c4895828a2486efa2142c",
                                    "slice_dimensions": {
                                        "Location": "ALLAREA"
                                    },
                                    "text_type": "1",
                                    "fact_text": "The proportion of the population with access to electricity was <span class='fact-value'>100.00</span> <span class='fact-unit'>%</span> in <span class='fact-year'>2016</span>.",
                                    "fact_values": [
                                        "100.00"
                                    ],
                                    "fact_units": [
                                        "%"
                                    ],
                                    "fact_years": [
                                        "2016"
                                    ],
                                    "data_years": [
                                        "2004",
                                        "2006",
                                        "2005",
                                        "2000",
                                        "2001",
                                        "2003",
                                        "2002",
                                        "2012",
                                        "2014",
                                        "2015",
                                        "2013",
                                        "2016",
                                        "2008",
                                        "2009",
                                        "2007",
                                        "2011",
                                        "2010"
                                    ],
                                    "data_values": [
                                        "100.00",
                                        "100.00",
                                        "100.00",
                                        "100.00",
                                        "100.00",
                                        "100.00",
                                        "100.00",
                                        "100.00",
                                        "100.00",
                                        "100.00",
                                        "100.00",
                                        "100.00",
                                        "100.00",
                                        "100.00",
                                        "100.00",
                                        "100.00",
                                        "100.00"
                                    ],
                                    "data_is_censored": [
                                        false,
                                        false,
                                        false,
                                        false,
                                        false,
                                        false,
                                        false,
                                        false,
                                        false,
                                        false,
                                        false,
                                        false,
                                        false,
                                        false,
                                        false,
                                        false,
                                        false
                                    ],
                                    "data_numeric_part": [
                                        100.0,
                                        100.0,
                                        100.0,
                                        100.0,
                                        100.0,
                                        100.0,
                                        100.0,
                                        100.0,
                                        100.0,
                                        100.0,
                                        100.0,
                                        100.0,
                                        100.0,
                                        100.0,
                                        100.0,
                                        100.0,
                                        100.0
                                    ],
                                    "preferred_visualization": "time_series"
                                }
                            ]
                        }
                    ]
                }
            ]
        },
        {
            "goalCode": "8",
            "targets": [
                {
                    "targetCode": "8.1",
                    "indicators": [
                        {
                            "indicatorCode": "8.1.1",
                            "facts": [
                                {
                                    "seriesCode": "NY_GDP_PCAP",
                                    "seriesTitle": "Annual growth rate of real GDP per capita (%)",
                                    "hub": "3cb997d2497148e68dca6787fcb84ca5",
                                    "slice_dimensions": {},
                                    "text_type": "1",
                                    "fact_text": "The annual growth rate of real gross domestic product (GDP) per capita declined from <span class='fact-value'>6.86</span> <span class='fact-unit'>%</span> in <span class='fact-year'>2000</span> to <span class='fact-value'>0.87%</span>  in  <span class='fact-year'>2017</span>.",
                                    "fact_values": [
                                        "6.86",
                                        "0.87"
                                    ],
                                    "fact_units": [
                                        "%",
                                        "%"
                                    ],
                                    "fact_years": [
                                        "2000",
                                        "2017"
                                    ],
                                    "data_years": [
                                        "2003",
                                        "2002",
                                        "2004",
                                        "2001",
                                        "2000",
                                        "2016",
                                        "2017",
                                        "2014",
                                        "2015",
                                        "2007",
                                        "2008",
                                        "2005",
                                        "2006",
                                        "2012",
                                        "2013",
                                        "2011",
                                        "2009",
                                        "2010"
                                    ],
                                    "data_values": [
                                        "-0.71",
                                        "-1.31",
                                        "6.62",
                                        "1.00",
                                        "6.86",
                                        "5.89",
                                        "0.87",
                                        "4.77",
                                        "-2.52",
                                        "2.43",
                                        "6.33",
                                        "4.82",
                                        "5.52",
                                        "1.54",
                                        "-1.20",
                                        "-0.35",
                                        "1.07",
                                        "1.90"
                                    ],
                                    "data_is_censored": [
                                        false,
                                        false,
                                        false,
                                        false,
                                        false,
                                        false,
                                        false,
                                        false,
                                        false,
                                        false,
                                        false,
                                        false,
                                        false,
                                        false,
                                        false,
                                        false,
                                        false,
                                        false
                                    ],
                                    "data_numeric_part": [
                                        -0.71,
                                        -1.31,
                                        6.6,
                                        1.0,
                                        6.9,
                                        5.9,
                                        0.87,
                                        4.8,
                                        -2.52,
                                        2.4,
                                        6.3,
                                        4.8,
                                        5.5,
                                        1.5,
                                        -1.2,
                                        -0.35,
                                        1.1,
                                        1.9
                                    ],
                                    "preferred_visualization": "time_series"
                                }
                            ]
                        }
                    ]
                }
            ]
        },
        {
            "goalCode": "9",
            "targets": [
                {
                    "targetCode": "9.5",
                    "indicators": [
                        {
                            "indicatorCode": "9.5.1",
                            "facts": [
                                {
                                    "seriesCode": "GB_XPD_RSDV",
                                    "seriesTitle": "Research and development expenditure as a proportion of GDP (%)",
                                    "hub": "a4e6d6a6cc804c3598cc9b96cd96ce67",
                                    "slice_dimensions": {},
                                    "text_type": "9",
                                    "fact_text": "In <span class='fact-year'> 2004</span> , investment in research and development (R&D) stood at <span class='fact-value'> 0.65</span>  <span class='fact-unit'>% of GDP</span> , up from <span class='fact-value'> 0.53</span>  <span class='fact-unit'>%</span>  in <span class='fact-year'> 2001</span> ",
                                    "fact_values": [
                                        "0.53% of GDP",
                                        "0.65% of GDP"
                                    ],
                                    "fact_units": [
                                        "%",
                                        "%"
                                    ],
                                    "fact_years": [
                                        "2001",
                                        "2004"
                                    ],
                                    "data_years": [
                                        "2004",
                                        "2003",
                                        "2002",
                                        "2001"
                                    ],
                                    "data_values": [
                                        "0.65",
                                        "0.51",
                                        "0.56",
                                        "0.53"
                                    ],
                                    "data_is_censored": [
                                        false,
                                        false,
                                        false,
                                        false
                                    ],
                                    "data_numeric_part": [
                                        0.65,
                                        0.51,
                                        0.56,
                                        0.53
                                    ],
                                    "preferred_visualization": "time_series"
                                }
                            ]
                        }
                    ]
                },
                {
                    "targetCode": "9.c",
                    "indicators": [
                        {
                            "indicatorCode": "9.c.1",
                            "facts": [
                                {
                                    "seriesCode": "IT_MOB_NTWK",
                                    "seriesTitle": "Proportion of population covered by a mobile network, by technology (%)",
                                    "hub": "8943ce6f81b44120b6124fedb3b094d8",
                                    "slice_dimensions": {
                                        "Type of mobile technology": "AL2G"
                                    },
                                    "text_type": "2",
                                    "fact_text": "In <span class='fact-year'>2012</span>, <span class='fact-value'>99.90</span> <span class='fact-unit'>% </span> of the population was in range of at least a second-generation (2G) cellular signal",
                                    "fact_values": [
                                        "99.90"
                                    ],
                                    "fact_units": [
                                        "% "
                                    ],
                                    "fact_years": [
                                        "2012"
                                    ],
                                    "data_years": [
                                        "2012",
                                        "2011",
                                        "2010",
                                        "2009",
                                        "2008",
                                        "2007",
                                        "2005"
                                    ],
                                    "data_values": [
                                        "99.90",
                                        "99.50",
                                        "99.50",
                                        "99.00",
                                        "97.00",
                                        "97.00",
                                        "90.00"
                                    ],
                                    "data_is_censored": [
                                        false,
                                        false,
                                        false,
                                        false,
                                        false,
                                        false,
                                        false
                                    ],
                                    "data_numeric_part": [
                                        100.0,
                                        100.0,
                                        100.0,
                                        99.0,
                                        97.0,
                                        97.0,
                                        90.0
                                    ],
                                    "preferred_visualization": "time_series"
                                }
                            ]
                        }
                    ]
                }
            ]
        },
        {
            "goalCode": "10",
            "targets": [
                {
                    "targetCode": "10.4",
                    "indicators": [
                        {
                            "indicatorCode": "10.4.1",
                            "facts": [
                                {
                                    "seriesCode": "SL_EMP_GTOTL",
                                    "seriesTitle": "Labour share of GDP, comprising wages and social protection transfers (%)",
                                    "hub": "635cd0cae73e4b2dae2661407be6eeec",
                                    "slice_dimensions": {},
                                    "text_type": "2",
                                    "fact_text": "In <span class='fact-year'>2015</span>, <span class='fact-value'>66.5</span> <span class='fact-unit'>% </span> of GDP was from labour, comprising wages and social protection transfers",
                                    "fact_values": [
                                        "66.5"
                                    ],
                                    "fact_units": [
                                        "% "
                                    ],
                                    "fact_years": [
                                        "2015"
                                    ],
                                    "data_years": [
                                        "2015",
                                        "2013"
                                    ],
                                    "data_values": [
                                        "66.5",
                                        "68.0"
                                    ],
                                    "data_is_censored": [
                                        false,
                                        false
                                    ],
                                    "data_numeric_part": [
                                        67.0,
                                        68.0
                                    ],
                                    "preferred_visualization": "singleton"
                                }
                            ]
                        }
                    ]
                }
            ]
        },
        {
            "goalCode": "14",
            "targets": [
                {
                    "targetCode": "14.5",
                    "indicators": [
                        {
                            "indicatorCode": "14.5.1",
                            "facts": [
                                {
                                    "seriesCode": "ER_MRN_MARIN",
                                    "seriesTitle": "Coverage of protected areas in relation to marine areas (Exclusive Economic Zones) (%)",
                                    "hub": "2a0cad7f76284e8c978bfcb0fa15cd76",
                                    "slice_dimensions": {},
                                    "text_type": "8",
                                    "fact_text": "In <span class='fact-year'> 2018</span> , <span class='fact-value'> 4.51874</span>  <span class='fact-unit'>% </span> of the marine environment under national jurisdiction (up to 200 nautical miles from shore) was under protection.",
                                    "fact_values": [
                                        "4.51874"
                                    ],
                                    "fact_units": [
                                        "% "
                                    ],
                                    "fact_years": [
                                        "2018"
                                    ],
                                    "data_years": [
                                        "2018"
                                    ],
                                    "data_values": [
                                        "4.51874"
                                    ],
                                    "data_is_censored": [
                                        false
                                    ],
                                    "data_numeric_part": [
                                        4.5
                                    ],
                                    "preferred_visualization": "singleton"
                                }
                            ]
                        }
                    ]
                }
            ]
        },
        {
            "goalCode": "15",
            "targets": [
                {
                    "targetCode": "15.1",
                    "indicators": [
                        {
                            "indicatorCode": "15.1.1",
                            "facts": [
                                {
                                    "seriesCode": "AG_LND_FRST",
                                    "seriesTitle": "Forest area as a proportion of total land area (%)",
                                    "hub": "e23061ce674142b5b33c46ea5e031658",
                                    "slice_dimensions": {},
                                    "text_type": "1",
                                    "fact_text": "Land area covered by forest was <span class='fact-value'>5.36E-04</span> <span class='fact-unit'>%</span> in <span class='fact-year'>2015</span>.",
                                    "fact_values": [
                                        "5.36E-04"
                                    ],
                                    "fact_units": [
                                        "%"
                                    ],
                                    "fact_years": [
                                        "2015"
                                    ],
                                    "data_years": [
                                        "2000",
                                        "2015",
                                        "2005",
                                        "2010"
                                    ],
                                    "data_values": [
                                        "5.36E-04",
                                        "5.36E-04",
                                        "5.36E-04",
                                        "5.36E-04"
                                    ],
                                    "data_is_censored": [
                                        true,
                                        true,
                                        true,
                                        true
                                    ],
                                    "data_numeric_part": [
                                        5.4,
                                        5.4,
                                        5.4,
                                        5.4
                                    ],
                                    "preferred_visualization": "time_series"
                                }
                            ]
                        },
                        {
                            "indicatorCode": "15.1.2",
                            "facts": [
                                {
                                    "seriesCode": "ER_PTD_TERRS",
                                    "seriesTitle": "Average proportion of Terrestrial Key Biodiversity Areas (KBAs) covered by protected areas (%)",
                                    "hub": "c2c0216c53744dd7b5278e398328bc99",
                                    "slice_dimensions": {
                                        "Bounds": "MP"
                                    },
                                    "text_type": "7",
                                    "fact_text": "The average proportion of terrestrial key biodiversity areas (KBAs) covered by protected areas was <span class='fact-value'> 32.89715</span>  <span class='fact-unit'>%</span>  in <span class='fact-year'> 2018</span> .",
                                    "fact_values": [
                                        "32.89715"
                                    ],
                                    "fact_units": [
                                        "%"
                                    ],
                                    "fact_years": [
                                        "2018"
                                    ],
                                    "data_years": [
                                        "2000",
                                        "2001",
                                        "2002",
                                        "2003",
                                        "2004",
                                        "2005",
                                        "2006",
                                        "2014",
                                        "2015",
                                        "2016",
                                        "2017",
                                        "2018",
                                        "2013",
                                        "2007",
                                        "2008",
                                        "2009",
                                        "2010",
                                        "2011",
                                        "2012"
                                    ],
                                    "data_values": [
                                        "28.4502",
                                        "28.4502",
                                        "28.4502",
                                        "28.4502",
                                        "28.4502",
                                        "28.4502",
                                        "28.4502",
                                        "32.89715",
                                        "32.89715",
                                        "32.89715",
                                        "32.89715",
                                        "32.89715",
                                        "32.89715",
                                        "28.4502",
                                        "28.4502",
                                        "28.4502",
                                        "28.4502",
                                        "32.89715",
                                        "32.89715"
                                    ],
                                    "data_is_censored": [
                                        false,
                                        false,
                                        false,
                                        false,
                                        false,
                                        false,
                                        false,
                                        false,
                                        false,
                                        false,
                                        false,
                                        false,
                                        false,
                                        false,
                                        false,
                                        false,
                                        false,
                                        false,
                                        false
                                    ],
                                    "data_numeric_part": [
                                        28.0,
                                        28.0,
                                        28.0,
                                        28.0,
                                        28.0,
                                        28.0,
                                        28.0,
                                        33.0,
                                        33.0,
                                        33.0,
                                        33.0,
                                        33.0,
                                        33.0,
                                        28.0,
                                        28.0,
                                        28.0,
                                        28.0,
                                        33.0,
                                        33.0
                                    ],
                                    "preferred_visualization": "time_series"
                                }
                            ]
                        }
                    ]
                }
            ]
        },
        {
            "goalCode": "16",
            "targets": [
                {
                    "targetCode": "16.1",
                    "indicators": [
                        {
                            "indicatorCode": "16.1.1",
                            "facts": [
                                {
                                    "seriesCode": "VC_IHR_PSRC",
                                    "seriesTitle": "Number of victims of intentional homicide per 100,000 population, by sex (victims per 100,000 population)",
                                    "hub": "b65e89e905a744e5992889ddc27f8fc7",
                                    "slice_dimensions": {},
                                    "text_type": "11",
                                    "fact_text": "In <span class='fact-year'> 2016</span> , the intentional homicide rate was <span class='fact-value'> 5.31</span>  <span class='fact-unit'> per 100,000 population</span> . ",
                                    "fact_values": [
                                        "5.31"
                                    ],
                                    "fact_units": [
                                        " per 100,000 population"
                                    ],
                                    "fact_years": [
                                        "2016"
                                    ],
                                    "data_years": [
                                        "2010",
                                        "2011",
                                        "2012",
                                        "2016",
                                        "2015",
                                        "2014",
                                        "2013"
                                    ],
                                    "data_values": [
                                        "19.42",
                                        "1.77",
                                        "14.17",
                                        "5.31",
                                        "7.10",
                                        "7.09",
                                        "12.41"
                                    ],
                                    "data_is_censored": [
                                        false,
                                        false,
                                        false,
                                        false,
                                        false,
                                        false,
                                        false
                                    ],
                                    "data_numeric_part": [
                                        19.0,
                                        1.8,
                                        14.0,
                                        5.3,
                                        7.1,
                                        7.1,
                                        12.0
                                    ],
                                    "preferred_visualization": "time_series"
                                }
                            ]
                        }
                    ]
                }
            ]
        },
        {
            "goalCode": "17",
            "targets": [
                {
                    "targetCode": "17.6",
                    "indicators": [
                        {
                            "indicatorCode": "17.6.2",
                            "facts": [
                                {
                                    "seriesCode": "IT_NET_BBP",
                                    "seriesTitle": "Fixed Internet broadband subscriptions per 100\u00a0inhabitants, by speed (per 100 inhabitants)",
                                    "hub": "f59cf3f8a0ec41a2b601a28682e6f2c8",
                                    "slice_dimensions": {
                                        "Type of speed": "ANYS"
                                    },
                                    "text_type": "15",
                                    "fact_text": "In <span class='fact-year'> 2015</span> , fixed-broadband internet penetration reached <span class='fact-value'> 17.74</span>  <span class='fact-unit'>% of the population</span> , up from 0.21% of the population in <span class='fact-year'> 2003</span> .",
                                    "fact_values": [
                                        "0.21",
                                        "17.74"
                                    ],
                                    "fact_units": [
                                        "% of the population",
                                        "% of the population"
                                    ],
                                    "fact_years": [
                                        "2003",
                                        "2015"
                                    ],
                                    "data_years": [
                                        "2003",
                                        "2004",
                                        "2005",
                                        "2013",
                                        "2014",
                                        "2015",
                                        "2012",
                                        "2006",
                                        "2007",
                                        "2008",
                                        "2009",
                                        "2010",
                                        "2011"
                                    ],
                                    "data_values": [
                                        "0.21",
                                        "5.84",
                                        "12.52",
                                        "19.14",
                                        "18.45",
                                        "17.74",
                                        "20.15",
                                        "16.18",
                                        "18.53",
                                        "21.13",
                                        "22.11",
                                        "21.88",
                                        "21.03"
                                    ],
                                    "data_is_censored": [
                                        false,
                                        false,
                                        false,
                                        false,
                                        false,
                                        false,
                                        false,
                                        false,
                                        false,
                                        false,
                                        false,
                                        false,
                                        false
                                    ],
                                    "data_numeric_part": [
                                        0.21,
                                        5.8,
                                        13.0,
                                        19.0,
                                        18.0,
                                        18.0,
                                        20.0,
                                        16.0,
                                        19.0,
                                        21.0,
                                        22.0,
                                        22.0,
                                        21.0
                                    ],
                                    "preferred_visualization": "time_series"
                                }
                            ]
                        }
                    ]
                }
            ]
        }
    ]
}