{
    "release": "2019.Q1.G.02",
    "country_code": "254",
    "country_name": "French Guiana",
    "X": "-53.23619089",
    "Y": "3.922673437",
    "goals": [
        {
            "goalCode": "6",
            "targets": [
                {
                    "targetCode": "6.2",
                    "indicators": [
                        {
                            "indicatorCode": "6.2.1",
                            "facts": [
                                {
                                    "seriesCode": "SH_SAN_SAFE",
                                    "seriesTitle": "Proportion of population using safely managed sanitation services, by urban/rural (%)",
                                    "hub": "28a9a3072fd940aa9fb0f983d25ef65f",
                                    "slice_dimensions": {
                                        "Location": "ALLAREA"
                                    },
                                    "text_type": "2",
                                    "fact_text": "In <span class='fact-year'>2015</span>, <span class='fact-value'>57.94653</span> <span class='fact-unit'>% </span> of the population used a \"safely managed\" sanitation service - a basic facility that safely disposes of human waste",
                                    "fact_values": [
                                        "57.94653"
                                    ],
                                    "fact_units": [
                                        "% "
                                    ],
                                    "fact_years": [
                                        "2015"
                                    ],
                                    "data_years": [
                                        "2014",
                                        "2004",
                                        "2012",
                                        "2007",
                                        "2002",
                                        "2001",
                                        "2003",
                                        "2015",
                                        "2005",
                                        "2006",
                                        "2011",
                                        "2008",
                                        "2013",
                                        "2009",
                                        "2010"
                                    ],
                                    "data_values": [
                                        "57.13422",
                                        "49.82346",
                                        "55.50961",
                                        "51.44807",
                                        "49.82346",
                                        "49.82346",
                                        "49.82346",
                                        "57.94653",
                                        "49.82346",
                                        "50.63576",
                                        "54.6973",
                                        "52.26038",
                                        "56.32191",
                                        "53.07269",
                                        "53.88499"
                                    ],
                                    "data_is_censored": [
                                        false,
                                        false,
                                        false,
                                        false,
                                        false,
                                        false,
                                        false,
                                        false,
                                        false,
                                        false,
                                        false,
                                        false,
                                        false,
                                        false,
                                        false
                                    ],
                                    "data_numeric_part": [
                                        57.0,
                                        50.0,
                                        56.0,
                                        51.0,
                                        50.0,
                                        50.0,
                                        50.0,
                                        58.0,
                                        50.0,
                                        51.0,
                                        55.0,
                                        52.0,
                                        56.0,
                                        53.0,
                                        54.0
                                    ],
                                    "preferred_visualization": "time_series"
                                }
                            ]
                        }
                    ]
                }
            ]
        },
        {
            "goalCode": "11",
            "targets": [
                {
                    "targetCode": "11.1",
                    "indicators": [
                        {
                            "indicatorCode": "11.1.1",
                            "facts": [
                                {
                                    "seriesCode": "EN_LND_SLUM",
                                    "seriesTitle": "Proportion of urban population living in slums (%)",
                                    "hub": "f158f819bd284fd5b35e456a152a069c",
                                    "slice_dimensions": {},
                                    "text_type": "1",
                                    "fact_text": "The proportion of the urban population living in slums was <span class='fact-value'>10.5</span> <span class='fact-unit'>%</span> in <span class='fact-year'>2014</span>.",
                                    "fact_values": [
                                        "10.5"
                                    ],
                                    "fact_units": [
                                        "%"
                                    ],
                                    "fact_years": [
                                        "2014"
                                    ],
                                    "data_years": [
                                        "2014",
                                        "2005"
                                    ],
                                    "data_values": [
                                        "10.5",
                                        "10.5"
                                    ],
                                    "data_is_censored": [
                                        false,
                                        false
                                    ],
                                    "data_numeric_part": [
                                        11.0,
                                        11.0
                                    ],
                                    "preferred_visualization": "singleton"
                                }
                            ]
                        }
                    ]
                }
            ]
        },
        {
            "goalCode": "14",
            "targets": [
                {
                    "targetCode": "14.5",
                    "indicators": [
                        {
                            "indicatorCode": "14.5.1",
                            "facts": [
                                {
                                    "seriesCode": "ER_MRN_MARIN",
                                    "seriesTitle": "Coverage of protected areas in relation to marine areas (Exclusive Economic Zones) (%)",
                                    "hub": "2a0cad7f76284e8c978bfcb0fa15cd76",
                                    "slice_dimensions": {},
                                    "text_type": "8",
                                    "fact_text": "In <span class='fact-year'> 2018</span> , <span class='fact-value'> 0.99758</span>  <span class='fact-unit'>% </span> of the marine environment under national jurisdiction (up to 200 nautical miles from shore) was under protection.",
                                    "fact_values": [
                                        "0.99758"
                                    ],
                                    "fact_units": [
                                        "% "
                                    ],
                                    "fact_years": [
                                        "2018"
                                    ],
                                    "data_years": [
                                        "2018"
                                    ],
                                    "data_values": [
                                        "0.99758"
                                    ],
                                    "data_is_censored": [
                                        false
                                    ],
                                    "data_numeric_part": [
                                        1.0
                                    ],
                                    "preferred_visualization": "singleton"
                                }
                            ]
                        }
                    ]
                }
            ]
        },
        {
            "goalCode": "15",
            "targets": [
                {
                    "targetCode": "15.1",
                    "indicators": [
                        {
                            "indicatorCode": "15.1.1",
                            "facts": [
                                {
                                    "seriesCode": "AG_LND_FRST",
                                    "seriesTitle": "Forest area as a proportion of total land area (%)",
                                    "hub": "e23061ce674142b5b33c46ea5e031658",
                                    "slice_dimensions": {},
                                    "text_type": "1",
                                    "fact_text": "Land area covered by forest was <span class='fact-value'>98.90511</span> <span class='fact-unit'>%</span> in <span class='fact-year'>2015</span>.",
                                    "fact_values": [
                                        "98.90511"
                                    ],
                                    "fact_units": [
                                        "%"
                                    ],
                                    "fact_years": [
                                        "2015"
                                    ],
                                    "data_years": [
                                        "2000",
                                        "2005",
                                        "2010",
                                        "2015"
                                    ],
                                    "data_values": [
                                        "99.53771",
                                        "99.3674",
                                        "99.00243",
                                        "98.90511"
                                    ],
                                    "data_is_censored": [
                                        false,
                                        false,
                                        false,
                                        false
                                    ],
                                    "data_numeric_part": [
                                        100.0,
                                        99.0,
                                        99.0,
                                        99.0
                                    ],
                                    "preferred_visualization": "time_series"
                                }
                            ]
                        },
                        {
                            "indicatorCode": "15.1.2",
                            "facts": [
                                {
                                    "seriesCode": "ER_PTD_TERRS",
                                    "seriesTitle": "Average proportion of Terrestrial Key Biodiversity Areas (KBAs) covered by protected areas (%)",
                                    "hub": "c2c0216c53744dd7b5278e398328bc99",
                                    "slice_dimensions": {
                                        "Bounds": "MP"
                                    },
                                    "text_type": "7",
                                    "fact_text": "The average proportion of terrestrial key biodiversity areas (KBAs) covered by protected areas was <span class='fact-value'> 71.84512</span>  <span class='fact-unit'>%</span>  in <span class='fact-year'> 2018</span> .",
                                    "fact_values": [
                                        "71.84512"
                                    ],
                                    "fact_units": [
                                        "%"
                                    ],
                                    "fact_years": [
                                        "2018"
                                    ],
                                    "data_years": [
                                        "2017",
                                        "2018",
                                        "2000",
                                        "2001",
                                        "2002",
                                        "2010",
                                        "2011",
                                        "2012",
                                        "2013",
                                        "2014",
                                        "2015",
                                        "2016",
                                        "2003",
                                        "2004",
                                        "2005",
                                        "2006",
                                        "2007",
                                        "2008",
                                        "2009"
                                    ],
                                    "data_values": [
                                        "71.84512",
                                        "71.84512",
                                        "51.69286",
                                        "62.22705",
                                        "62.22705",
                                        "71.44953",
                                        "71.44953",
                                        "71.44953",
                                        "71.83925",
                                        "71.83925",
                                        "71.84512",
                                        "71.84512",
                                        "62.22705",
                                        "62.22705",
                                        "62.22705",
                                        "62.22705",
                                        "71.2651",
                                        "71.44953",
                                        "71.44953"
                                    ],
                                    "data_is_censored": [
                                        false,
                                        false,
                                        false,
                                        false,
                                        false,
                                        false,
                                        false,
                                        false,
                                        false,
                                        false,
                                        false,
                                        false,
                                        false,
                                        false,
                                        false,
                                        false,
                                        false,
                                        false,
                                        false
                                    ],
                                    "data_numeric_part": [
                                        72.0,
                                        72.0,
                                        52.0,
                                        62.0,
                                        62.0,
                                        71.0,
                                        71.0,
                                        71.0,
                                        72.0,
                                        72.0,
                                        72.0,
                                        72.0,
                                        62.0,
                                        62.0,
                                        62.0,
                                        62.0,
                                        71.0,
                                        71.0,
                                        71.0
                                    ],
                                    "preferred_visualization": "time_series"
                                }
                            ]
                        }
                    ]
                }
            ]
        },
        {
            "goalCode": "17",
            "targets": [
                {
                    "targetCode": "17.6",
                    "indicators": [
                        {
                            "indicatorCode": "17.6.2",
                            "facts": [
                                {
                                    "seriesCode": "IT_NET_BBP",
                                    "seriesTitle": "Fixed Internet broadband subscriptions per 100\u00a0inhabitants, by speed (per 100 inhabitants)",
                                    "hub": "f59cf3f8a0ec41a2b601a28682e6f2c8",
                                    "slice_dimensions": {
                                        "Type of speed": "ANYS"
                                    },
                                    "text_type": "15",
                                    "fact_text": "In <span class='fact-year'> 2009</span> , fixed-broadband internet penetration reached <span class='fact-value'> 13.23</span>  <span class='fact-unit'>% of the population</span> .",
                                    "fact_values": [
                                        "% of the population"
                                    ],
                                    "fact_units": [
                                        "%"
                                    ],
                                    "fact_years": [
                                        "2009"
                                    ],
                                    "data_years": [
                                        "2009"
                                    ],
                                    "data_values": [
                                        "13.23"
                                    ],
                                    "data_is_censored": [
                                        false
                                    ],
                                    "data_numeric_part": [
                                        13.0
                                    ],
                                    "preferred_visualization": "singleton"
                                }
                            ]
                        }
                    ]
                },
                {
                    "targetCode": "17.18",
                    "indicators": [
                        {
                            "indicatorCode": "17.18.3",
                            "facts": [
                                {
                                    "seriesCode": "SG_STT_NSDSFND",
                                    "seriesTitle": "Countries with national statistical plans that are fully funded (1 = YES; 0 = NO)",
                                    "hub": "bc201a5c69e94e23b45bad86c828f1be",
                                    "slice_dimensions": {},
                                    "text_type": "12",
                                    "fact_text": "As of <span class='fact-year'> 2018</span> , French Guiana has developed national statistical plans that are fully funded.",
                                    "fact_values": [
                                        "1"
                                    ],
                                    "fact_units": [
                                        ""
                                    ],
                                    "fact_years": [
                                        "2018"
                                    ],
                                    "data_years": [
                                        "2018"
                                    ],
                                    "data_values": [
                                        "1"
                                    ],
                                    "data_is_censored": [
                                        false
                                    ],
                                    "data_numeric_part": [
                                        1.0
                                    ],
                                    "preferred_visualization": "boolean"
                                }
                            ]
                        }
                    ]
                }
            ]
        }
    ]
}