{
    "release": "2019.Q1.G.02",
    "country_code": "728",
    "country_name": "South Sudan",
    "X": "30.32618773",
    "Y": "7.290839152",
    "goals": [
        {
            "goalCode": "1",
            "targets": [
                {
                    "targetCode": "1.1",
                    "indicators": [
                        {
                            "indicatorCode": "1.1.1",
                            "facts": [
                                {
                                    "seriesCode": "SI_POV_DAY1",
                                    "seriesTitle": "Proportion of population below international poverty line (%)",
                                    "hub": "ed6ee35ad584405b8f3ef2abc22f6948",
                                    "slice_dimensions": {},
                                    "text_type": "1",
                                    "fact_text": "The proportion of the population living below the extreme poverty line was approximately <span class='fact-value'>42.7</span> <span class='fact-unit'>%</span> in <span class='fact-year'>2009</span>.",
                                    "fact_values": [
                                        "42.7"
                                    ],
                                    "fact_units": [
                                        "%"
                                    ],
                                    "fact_years": [
                                        "2009"
                                    ],
                                    "data_years": [
                                        "2009"
                                    ],
                                    "data_values": [
                                        "42.7"
                                    ],
                                    "data_is_censored": [
                                        false
                                    ],
                                    "data_numeric_part": [
                                        43.0
                                    ],
                                    "preferred_visualization": "singleton"
                                }
                            ]
                        }
                    ]
                },
                {
                    "targetCode": "1.2",
                    "indicators": [
                        {
                            "indicatorCode": "1.2.1",
                            "facts": [
                                {
                                    "seriesCode": "SI_POV_NAHC",
                                    "seriesTitle": "Proportion of population living below the national poverty line (%)",
                                    "hub": "f4cb37d065aa4b6981d93e8266f63fd0",
                                    "slice_dimensions": {
                                        "Location": "ALLAREA"
                                    },
                                    "text_type": "1",
                                    "fact_text": "The proportion of population living below the national poverty line was <span class='fact-value'>50.6</span> <span class='fact-unit'>%</span> in <span class='fact-year'>2009</span>.",
                                    "fact_values": [
                                        "50.6"
                                    ],
                                    "fact_units": [
                                        "%"
                                    ],
                                    "fact_years": [
                                        "2009"
                                    ],
                                    "data_years": [
                                        "2009"
                                    ],
                                    "data_values": [
                                        "50.6"
                                    ],
                                    "data_is_censored": [
                                        false
                                    ],
                                    "data_numeric_part": [
                                        51.0
                                    ],
                                    "preferred_visualization": "singleton"
                                }
                            ]
                        }
                    ]
                }
            ]
        },
        {
            "goalCode": "2",
            "targets": [
                {
                    "targetCode": "2.2",
                    "indicators": [
                        {
                            "indicatorCode": "2.2.1",
                            "facts": [
                                {
                                    "seriesCode": "SH_STA_STUNT",
                                    "seriesTitle": "Proportion of children moderately or severely stunted (%)",
                                    "hub": "8c0866ad73ae486ba647f5490fed5529",
                                    "slice_dimensions": {
                                        "Age": "<5Y",
                                        "Bounds": "MP"
                                    },
                                    "text_type": "2",
                                    "fact_text": "In <span class='fact-year'>2010</span>, <span class='fact-value'>31.1</span> <span class='fact-unit'>% </span> of children under age 5 had stunted growth",
                                    "fact_values": [
                                        "31.1"
                                    ],
                                    "fact_units": [
                                        "% "
                                    ],
                                    "fact_years": [
                                        "2010"
                                    ],
                                    "data_years": [
                                        "2006",
                                        "2010"
                                    ],
                                    "data_values": [
                                        "36.2",
                                        "31.1"
                                    ],
                                    "data_is_censored": [
                                        false,
                                        false
                                    ],
                                    "data_numeric_part": [
                                        36.0,
                                        31.0
                                    ],
                                    "preferred_visualization": "singleton"
                                }
                            ]
                        },
                        {
                            "indicatorCode": "2.2.2",
                            "facts": [
                                {
                                    "seriesCode": "SH_STA_OVRWGT",
                                    "seriesTitle": "Proportion of children moderately or severely overweight (%)",
                                    "hub": "a012070afbd3486d9c0596352b9698d6",
                                    "slice_dimensions": {
                                        "Age": "<5Y",
                                        "Bounds": "MP"
                                    },
                                    "text_type": "1",
                                    "fact_text": "The share of overweight children under age 5 decreased from <span class='fact-value'>10.9</span> <span class='fact-unit'>%</span> in <span class='fact-year'>2006</span> to <span class='fact-value'>6.0%</span>  in  <span class='fact-year'>2010</span>.",
                                    "fact_values": [
                                        "10.9",
                                        "6.0"
                                    ],
                                    "fact_units": [
                                        "%",
                                        "%"
                                    ],
                                    "fact_years": [
                                        "2006",
                                        "2010"
                                    ],
                                    "data_years": [
                                        "2006",
                                        "2010"
                                    ],
                                    "data_values": [
                                        "10.9",
                                        "6.0"
                                    ],
                                    "data_is_censored": [
                                        false,
                                        false
                                    ],
                                    "data_numeric_part": [
                                        11.0,
                                        6.0
                                    ],
                                    "preferred_visualization": "singleton"
                                }
                            ]
                        }
                    ]
                }
            ]
        },
        {
            "goalCode": "3",
            "targets": [
                {
                    "targetCode": "3.1",
                    "indicators": [
                        {
                            "indicatorCode": "3.1.1",
                            "facts": [
                                {
                                    "seriesCode": "SH_STA_MMR",
                                    "seriesTitle": "Maternal mortality ratio",
                                    "hub": "0c846dfa5bab411c9a1a21ae40dd0232",
                                    "slice_dimensions": {
                                        "Bounds": "MP"
                                    },
                                    "text_type": "14",
                                    "fact_text": "The maternal mortality ratio decreased from <span class='fact-value'>1730</span>  <span class='fact-unit'> per 100,000 live births</span>  in <span class='fact-year'> 1990</span>  to <span class='fact-value'> 789</span>  <span class='fact-unit'> per 100,000 live births</span>  in <span class='fact-year'> 2015</span> .",
                                    "fact_values": [
                                        "1730",
                                        "789"
                                    ],
                                    "fact_units": [
                                        " per 100,000 live births",
                                        " per 100,000 live births"
                                    ],
                                    "fact_years": [
                                        "1990",
                                        "2015"
                                    ],
                                    "data_years": [
                                        "1990",
                                        "1991",
                                        "1992",
                                        "1993",
                                        "1994",
                                        "2002",
                                        "2003",
                                        "2001",
                                        "2004",
                                        "2005",
                                        "2006",
                                        "2007",
                                        "1995",
                                        "1996",
                                        "1997",
                                        "1998",
                                        "1999",
                                        "2000",
                                        "2008",
                                        "2015",
                                        "2009",
                                        "2010",
                                        "2011",
                                        "2012",
                                        "2013",
                                        "2014"
                                    ],
                                    "data_values": [
                                        "1730",
                                        "1700",
                                        "1670",
                                        "1630",
                                        "1580",
                                        "1230",
                                        "1190",
                                        "1270",
                                        "1150",
                                        "1090",
                                        "1030",
                                        "971",
                                        "1530",
                                        "1470",
                                        "1410",
                                        "1370",
                                        "1340",
                                        "1310",
                                        "928",
                                        "789",
                                        "886",
                                        "876",
                                        "869",
                                        "857",
                                        "841",
                                        "823"
                                    ],
                                    "data_is_censored": [
                                        false,
                                        false,
                                        false,
                                        false,
                                        false,
                                        false,
                                        false,
                                        false,
                                        false,
                                        false,
                                        false,
                                        false,
                                        false,
                                        false,
                                        false,
                                        false,
                                        false,
                                        false,
                                        false,
                                        false,
                                        false,
                                        false,
                                        false,
                                        false,
                                        false,
                                        false
                                    ],
                                    "data_numeric_part": [
                                        1730.0,
                                        1700.0,
                                        1670.0,
                                        1630.0,
                                        1580.0,
                                        1230.0,
                                        1190.0,
                                        1270.0,
                                        1150.0,
                                        1090.0,
                                        1030.0,
                                        971.0,
                                        1530.0,
                                        1470.0,
                                        1410.0,
                                        1370.0,
                                        1340.0,
                                        1310.0,
                                        928.0,
                                        789.0,
                                        886.0,
                                        876.0,
                                        869.0,
                                        857.0,
                                        841.0,
                                        823.0
                                    ],
                                    "preferred_visualization": "time_series"
                                }
                            ]
                        }
                    ]
                },
                {
                    "targetCode": "3.2",
                    "indicators": [
                        {
                            "indicatorCode": "3.2.1",
                            "facts": [
                                {
                                    "seriesCode": "SH_DYN_MORT",
                                    "seriesTitle": "Under-five mortality rate, by sex (deaths per 1,000 live births)",
                                    "hub": "216c7516b9444f289e8f7910c8726e9f",
                                    "slice_dimensions": {
                                        "Age": "<5Y",
                                        "Sex": "BOTHSEX"
                                    },
                                    "text_type": "1",
                                    "fact_text": "The mortality rate of children under age 5 fell from <span class='fact-value'>182.9</span> <span class='fact-unit'> per 1,000 live births</span> in <span class='fact-year'>2000</span> to <span class='fact-value'>96.4 per 1,000 live births</span>  in  <span class='fact-year'>2017</span>.",
                                    "fact_values": [
                                        "182.9",
                                        "96.4"
                                    ],
                                    "fact_units": [
                                        " per 1,000 live births",
                                        " per 1,000 live births"
                                    ],
                                    "fact_years": [
                                        "2000",
                                        "2017"
                                    ],
                                    "data_years": [
                                        "2005",
                                        "2006",
                                        "2007",
                                        "2001",
                                        "2000",
                                        "2004",
                                        "2002",
                                        "2003",
                                        "2015",
                                        "2016",
                                        "2014",
                                        "2017",
                                        "2010",
                                        "2008",
                                        "2009",
                                        "2012",
                                        "2013",
                                        "2011"
                                    ],
                                    "data_values": [
                                        "139.7",
                                        "132.5",
                                        "125.7",
                                        "173.4",
                                        "182.9",
                                        "147.5",
                                        "164.4",
                                        "155.7",
                                        "96.4",
                                        "96.4",
                                        "96.4",
                                        "96.4",
                                        "107.1",
                                        "119.2",
                                        "112.9",
                                        "98.6",
                                        "96.9",
                                        "102.1"
                                    ],
                                    "data_is_censored": [
                                        false,
                                        false,
                                        false,
                                        false,
                                        false,
                                        false,
                                        false,
                                        false,
                                        false,
                                        false,
                                        false,
                                        false,
                                        false,
                                        false,
                                        false,
                                        false,
                                        false,
                                        false
                                    ],
                                    "data_numeric_part": [
                                        140.0,
                                        133.0,
                                        126.0,
                                        173.0,
                                        183.0,
                                        148.0,
                                        164.0,
                                        156.0,
                                        96.0,
                                        96.0,
                                        96.0,
                                        96.0,
                                        107.0,
                                        119.0,
                                        113.0,
                                        99.0,
                                        97.0,
                                        102.0
                                    ],
                                    "preferred_visualization": "time_series"
                                }
                            ]
                        }
                    ]
                },
                {
                    "targetCode": "3.3",
                    "indicators": [
                        {
                            "indicatorCode": "3.3.1",
                            "facts": [
                                {
                                    "seriesCode": "SH_HIV_INCD",
                                    "seriesTitle": "Number of new HIV infections per 1,000 uninfected population, by sex and age (per 1,000 uninfected population)",
                                    "hub": "954b5087e440421ba26a3213c99d9a9f",
                                    "slice_dimensions": {
                                        "Age": "ALLAGE",
                                        "Sex": "BOTHSEX"
                                    },
                                    "text_type": "13",
                                    "fact_text": "In <span class='fact-year'> 2017</span> , there were about <span class='fact-value'> 1.17</span>  <span class='fact-unit'> people</span>  in every 100,000 uninfected population that became newly infected with HIV.",
                                    "fact_values": [
                                        "1.17"
                                    ],
                                    "fact_units": [
                                        " people"
                                    ],
                                    "fact_years": [
                                        "2017"
                                    ],
                                    "data_years": [
                                        "2014",
                                        "2013",
                                        "2015",
                                        "2012",
                                        "2011",
                                        "2017",
                                        "2016",
                                        "2010",
                                        "2003",
                                        "2002",
                                        "2004",
                                        "2001",
                                        "2000",
                                        "2009",
                                        "2008",
                                        "2006",
                                        "2005",
                                        "2007"
                                    ],
                                    "data_values": [
                                        "1.35",
                                        "1.40",
                                        "1.26",
                                        "1.46",
                                        "1.52",
                                        "1.17",
                                        "1.24",
                                        "1.58",
                                        "2.17",
                                        "2.22",
                                        "2.08",
                                        "2.29",
                                        "2.28",
                                        "1.68",
                                        "1.76",
                                        "1.90",
                                        "2.02",
                                        "1.79"
                                    ],
                                    "data_is_censored": [
                                        false,
                                        false,
                                        false,
                                        false,
                                        false,
                                        false,
                                        false,
                                        false,
                                        false,
                                        false,
                                        false,
                                        false,
                                        false,
                                        false,
                                        false,
                                        false,
                                        false,
                                        false
                                    ],
                                    "data_numeric_part": [
                                        1.4,
                                        1.4,
                                        1.3,
                                        1.5,
                                        1.5,
                                        1.2,
                                        1.2,
                                        1.6,
                                        2.2,
                                        2.2,
                                        2.1,
                                        2.3,
                                        2.3,
                                        1.7,
                                        1.8,
                                        1.9,
                                        2.0,
                                        1.8
                                    ],
                                    "preferred_visualization": "time_series"
                                }
                            ]
                        }
                    ]
                },
                {
                    "targetCode": "3.4",
                    "indicators": [
                        {
                            "indicatorCode": "3.4.1",
                            "facts": [
                                {
                                    "seriesCode": "SH_DTH_NCOM",
                                    "seriesTitle": "Mortality rate attributed to cardiovascular disease, cancer, diabetes or chronic respiratory disease (probability)",
                                    "hub": "512b7b1d05a14b90853ea5ca1d003b1b",
                                    "slice_dimensions": {
                                        "Age": "30-70",
                                        "Sex": "BOTHSEX"
                                    },
                                    "text_type": "1",
                                    "fact_text": "The risk of dying between the ages of 30 and 70 from one of four main non-communicable diseases (NCDs) - cardiovascular disease, cancer, diabetes or chronic respiratory disease - fell from <span class='fact-value'>23.8</span> <span class='fact-unit'>%</span> in <span class='fact-year'>2000</span> to <span class='fact-value'>19.8%</span>  in  <span class='fact-year'>2016</span>.",
                                    "fact_values": [
                                        "23.8",
                                        "19.8"
                                    ],
                                    "fact_units": [
                                        "%",
                                        "%"
                                    ],
                                    "fact_years": [
                                        "2000",
                                        "2016"
                                    ],
                                    "data_years": [
                                        "2005",
                                        "2010",
                                        "2015",
                                        "2000",
                                        "2016"
                                    ],
                                    "data_values": [
                                        "22.3",
                                        "20.3",
                                        "19.6",
                                        "23.8",
                                        "19.8"
                                    ],
                                    "data_is_censored": [
                                        false,
                                        false,
                                        false,
                                        false,
                                        false
                                    ],
                                    "data_numeric_part": [
                                        22.0,
                                        20.0,
                                        20.0,
                                        24.0,
                                        20.0
                                    ],
                                    "preferred_visualization": "time_series"
                                }
                            ]
                        }
                    ]
                }
            ]
        },
        {
            "goalCode": "4",
            "targets": [
                {
                    "targetCode": "4.2",
                    "indicators": [
                        {
                            "indicatorCode": "4.2.2",
                            "facts": [
                                {
                                    "seriesCode": "SE_PRE_PARTN",
                                    "seriesTitle": "Participation rate in organized learning (one year before the official primary entry age), by sex (%)",
                                    "hub": "3459681b792a4979a9d9731c75f7f80d",
                                    "slice_dimensions": {
                                        "Sex": "BOTHSEX"
                                    },
                                    "text_type": "2",
                                    "fact_text": "In <span class='fact-year'>2015</span>, <span class='fact-value'>18.88597</span> <span class='fact-unit'>% </span> of children participated in pre-primary or primary education in the year prior to the official entrance age for primary school",
                                    "fact_values": [
                                        "18.88597"
                                    ],
                                    "fact_units": [
                                        "% "
                                    ],
                                    "fact_years": [
                                        "2015"
                                    ],
                                    "data_years": [
                                        "2011",
                                        "2015"
                                    ],
                                    "data_values": [
                                        "20.07881",
                                        "18.88597"
                                    ],
                                    "data_is_censored": [
                                        false,
                                        false
                                    ],
                                    "data_numeric_part": [
                                        20.0,
                                        19.0
                                    ],
                                    "preferred_visualization": "singleton"
                                }
                            ]
                        }
                    ]
                }
            ]
        },
        {
            "goalCode": "5",
            "targets": [
                {
                    "targetCode": "5.3",
                    "indicators": [
                        {
                            "indicatorCode": "5.3.1",
                            "facts": [
                                {
                                    "seriesCode": "SP_DYN_MRBF18",
                                    "seriesTitle": "Proportion of women aged 20-24 years who were married or in a union before age 18 (%)",
                                    "hub": "2186448878244705a5295710c140b8c3",
                                    "slice_dimensions": {
                                        "Age": "20-24",
                                        "Sex": "FEMALE"
                                    },
                                    "text_type": "2",
                                    "fact_text": "In <span class='fact-year'>2010</span>, <span class='fact-value'>51.5</span> <span class='fact-unit'>% </span> of women aged 20 to 24 reported that they were married before their eighteenth birthday",
                                    "fact_values": [
                                        "51.5"
                                    ],
                                    "fact_units": [
                                        "% "
                                    ],
                                    "fact_years": [
                                        "2010"
                                    ],
                                    "data_years": [
                                        "2010"
                                    ],
                                    "data_values": [
                                        "51.5"
                                    ],
                                    "data_is_censored": [
                                        false
                                    ],
                                    "data_numeric_part": [
                                        52.0
                                    ],
                                    "preferred_visualization": "singleton"
                                }
                            ]
                        }
                    ]
                },
                {
                    "targetCode": "5.5",
                    "indicators": [
                        {
                            "indicatorCode": "5.5.1",
                            "facts": [
                                {
                                    "seriesCode": "SG_GEN_PARL",
                                    "seriesTitle": "Proportion of seats held by women in national parliaments (% of total number of seats)",
                                    "hub": "337524c727bd498c8726f9f6bc6512e1",
                                    "slice_dimensions": {
                                        "Sex": "FEMALE"
                                    },
                                    "text_type": "1",
                                    "fact_text": "The proportion of seats held by women in single or lower houses of parliament was <span class='fact-value'>28.4595</span> <span class='fact-unit'>%</span> in <span class='fact-year'>2018</span>.",
                                    "fact_values": [
                                        "28.4595"
                                    ],
                                    "fact_units": [
                                        "%"
                                    ],
                                    "fact_years": [
                                        "2018"
                                    ],
                                    "data_years": [
                                        "2012",
                                        "2018",
                                        "2014",
                                        "2016",
                                        "2015",
                                        "2013",
                                        "2017"
                                    ],
                                    "data_values": [
                                        "26.506",
                                        "28.4595",
                                        "26.506",
                                        "26.506",
                                        "26.506",
                                        "26.506",
                                        "28.4595"
                                    ],
                                    "data_is_censored": [
                                        false,
                                        false,
                                        false,
                                        false,
                                        false,
                                        false,
                                        false
                                    ],
                                    "data_numeric_part": [
                                        27.0,
                                        28.0,
                                        27.0,
                                        27.0,
                                        27.0,
                                        27.0,
                                        28.0
                                    ],
                                    "preferred_visualization": "time_series"
                                }
                            ]
                        }
                    ]
                }
            ]
        },
        {
            "goalCode": "7",
            "targets": [
                {
                    "targetCode": "7.1",
                    "indicators": [
                        {
                            "indicatorCode": "7.1.1",
                            "facts": [
                                {
                                    "seriesCode": "EG_ELC_ACCS",
                                    "seriesTitle": "Proportion of population with access to electricity, by urban/rural (%)",
                                    "hub": "81cf3e70351c4895828a2486efa2142c",
                                    "slice_dimensions": {
                                        "Location": "ALLAREA"
                                    },
                                    "text_type": "1",
                                    "fact_text": "The proportion of the population with access to electricity increased from <span class='fact-value'>0.01</span> <span class='fact-unit'>%</span> in <span class='fact-year'>2000</span> to <span class='fact-value'>8.95%</span>  in  <span class='fact-year'>2016</span>.",
                                    "fact_values": [
                                        "0.01",
                                        "8.95"
                                    ],
                                    "fact_units": [
                                        "%",
                                        "%"
                                    ],
                                    "fact_years": [
                                        "2000",
                                        "2016"
                                    ],
                                    "data_years": [
                                        "2004",
                                        "2006",
                                        "2005",
                                        "2001",
                                        "2000",
                                        "2003",
                                        "2002",
                                        "2014",
                                        "2015",
                                        "2012",
                                        "2013",
                                        "2016",
                                        "2008",
                                        "2007",
                                        "2010",
                                        "2011",
                                        "2009"
                                    ],
                                    "data_values": [
                                        "0.01",
                                        "0.16",
                                        "0.03",
                                        "0.01",
                                        "0.01",
                                        "0.01",
                                        "0.01",
                                        "6.92",
                                        "7.94",
                                        "4.91",
                                        "5.92",
                                        "8.95",
                                        "1.02",
                                        "0.50",
                                        "1.50",
                                        "3.92",
                                        "3.00"
                                    ],
                                    "data_is_censored": [
                                        false,
                                        false,
                                        false,
                                        false,
                                        false,
                                        false,
                                        false,
                                        false,
                                        false,
                                        false,
                                        false,
                                        false,
                                        false,
                                        false,
                                        false,
                                        false,
                                        false
                                    ],
                                    "data_numeric_part": [
                                        0.01,
                                        0.16,
                                        0.03,
                                        0.01,
                                        0.01,
                                        0.01,
                                        0.01,
                                        6.9,
                                        7.9,
                                        4.9,
                                        5.9,
                                        9.0,
                                        1.0,
                                        0.5,
                                        1.5,
                                        3.9,
                                        3.0
                                    ],
                                    "preferred_visualization": "time_series"
                                }
                            ]
                        },
                        {
                            "indicatorCode": "7.1.2",
                            "facts": [
                                {
                                    "seriesCode": "EG_EGY_CLEAN",
                                    "seriesTitle": "Proportion of population with primary reliance on clean fuels and technology (%)",
                                    "hub": "b087399f0b874ab9948714edcd49cbdd",
                                    "slice_dimensions": {},
                                    "text_type": "8",
                                    "fact_text": "In <span class='fact-year'> 2017</span> , <span class='fact-value'> less than 5</span>  <span class='fact-unit'>% </span> of the population relied primarily on clean fuels and technology.",
                                    "fact_values": [
                                        "less than 5"
                                    ],
                                    "fact_units": [
                                        "% "
                                    ],
                                    "fact_years": [
                                        "2017"
                                    ],
                                    "data_years": [
                                        "2000",
                                        "2016",
                                        "2015",
                                        "2010",
                                        "2005",
                                        "2017"
                                    ],
                                    "data_values": [
                                        "less than 5",
                                        "less than 5",
                                        "less than 5",
                                        "less than 5",
                                        "less than 5",
                                        "less than 5"
                                    ],
                                    "data_is_censored": [
                                        true,
                                        true,
                                        true,
                                        true,
                                        true,
                                        true
                                    ],
                                    "data_numeric_part": [
                                        5.0,
                                        5.0,
                                        5.0,
                                        5.0,
                                        5.0,
                                        5.0
                                    ],
                                    "preferred_visualization": "time_series"
                                }
                            ]
                        }
                    ]
                }
            ]
        },
        {
            "goalCode": "8",
            "targets": [
                {
                    "targetCode": "8.4",
                    "indicators": [
                        {
                            "indicatorCode": "8.4.2",
                            "facts": [
                                {
                                    "seriesCode": "EN_MAT_DOMCMPC",
                                    "seriesTitle": "Domestic material consumption per capita, by type of raw material (tonnes)",
                                    "hub": "995242b2ec9f4a21975ef7d47b5657bb",
                                    "slice_dimensions": {
                                        "Type of product": "RAW"
                                    },
                                    "text_type": "1",
                                    "fact_text": "Domestic material consumption was approximately <span class='fact-value'>0.90149</span> <span class='fact-unit'> metric tons per capita</span> in <span class='fact-year'>2017</span>.",
                                    "fact_values": [
                                        "0.90149"
                                    ],
                                    "fact_units": [
                                        " metric tons per capita"
                                    ],
                                    "fact_years": [
                                        "2017"
                                    ],
                                    "data_years": [
                                        "2014",
                                        "2013",
                                        "2015",
                                        "2017",
                                        "2016",
                                        "2012"
                                    ],
                                    "data_values": [
                                        "0.89241",
                                        "1.22339",
                                        "0.81175",
                                        "0.90149",
                                        "0.85777",
                                        "1.2046"
                                    ],
                                    "data_is_censored": [
                                        false,
                                        false,
                                        false,
                                        false,
                                        false,
                                        false
                                    ],
                                    "data_numeric_part": [
                                        0.89,
                                        1.2,
                                        0.81,
                                        0.9,
                                        0.86,
                                        1.2
                                    ],
                                    "preferred_visualization": "time_series"
                                }
                            ]
                        }
                    ]
                },
                {
                    "targetCode": "8.5",
                    "indicators": [
                        {
                            "indicatorCode": "8.5.2",
                            "facts": [
                                {
                                    "seriesCode": "SL_TLF_UEM",
                                    "seriesTitle": "Unemployment rate, by sex and age (%)",
                                    "hub": "72c32323563d4a0b9432c9edcb85267a",
                                    "slice_dimensions": {
                                        "Age": "15+",
                                        "Sex": "BOTHSEX"
                                    },
                                    "text_type": "1",
                                    "fact_text": "The total unemployment rate was <span class='fact-value'>12.2</span> <span class='fact-unit'>%</span> in <span class='fact-year'>2008</span>.",
                                    "fact_values": [
                                        "12.2"
                                    ],
                                    "fact_units": [
                                        "%"
                                    ],
                                    "fact_years": [
                                        "2008"
                                    ],
                                    "data_years": [
                                        "2008"
                                    ],
                                    "data_values": [
                                        "12.2"
                                    ],
                                    "data_is_censored": [
                                        false
                                    ],
                                    "data_numeric_part": [
                                        12.0
                                    ],
                                    "preferred_visualization": "singleton"
                                }
                            ]
                        }
                    ]
                },
                {
                    "targetCode": "8.1",
                    "indicators": [
                        {
                            "indicatorCode": "8.1.1",
                            "facts": [
                                {
                                    "seriesCode": "NY_GDP_PCAP",
                                    "seriesTitle": "Annual growth rate of real GDP per capita (%)",
                                    "hub": "3cb997d2497148e68dca6787fcb84ca5",
                                    "slice_dimensions": {},
                                    "text_type": "1",
                                    "fact_text": "The annual growth rate of real gross domestic product (GDP) per capita was <span class='fact-value'>-1.52</span> <span class='fact-unit'>%</span> in <span class='fact-year'>2017</span>.",
                                    "fact_values": [
                                        "-1.52"
                                    ],
                                    "fact_units": [
                                        "%"
                                    ],
                                    "fact_years": [
                                        "2017"
                                    ],
                                    "data_years": [
                                        "2013",
                                        "2012",
                                        "2011",
                                        "2010",
                                        "2009",
                                        "2014",
                                        "2015",
                                        "2017",
                                        "2016"
                                    ],
                                    "data_values": [
                                        "26.04",
                                        "-53.18",
                                        "-1.86",
                                        "-5.68",
                                        "2.85",
                                        "18.49",
                                        "1.95",
                                        "-1.52",
                                        "-2.54"
                                    ],
                                    "data_is_censored": [
                                        false,
                                        false,
                                        false,
                                        false,
                                        false,
                                        false,
                                        false,
                                        false,
                                        false
                                    ],
                                    "data_numeric_part": [
                                        26.0,
                                        -53.18,
                                        -1.86,
                                        -5.68,
                                        2.9,
                                        18.0,
                                        2.0,
                                        -1.52,
                                        -2.54
                                    ],
                                    "preferred_visualization": "time_series"
                                }
                            ]
                        }
                    ]
                }
            ]
        },
        {
            "goalCode": "9",
            "targets": [
                {
                    "targetCode": "9.4",
                    "indicators": [
                        {
                            "indicatorCode": "9.4.1",
                            "facts": [
                                {
                                    "seriesCode": "EN_ATM_CO2GDP",
                                    "seriesTitle": "Carbon dioxide emissions per unit of GDP (kilogrammes of CO2 per constant 2010 United States dollars)",
                                    "hub": "b5ff535a5fa841659c576685489dfac7",
                                    "slice_dimensions": {},
                                    "text_type": "1",
                                    "fact_text": "The carbon dioxide emissions per unit of GDP were approximately <span class='fact-value'>0.08</span> <span class='fact-unit'> kilograms</span> in <span class='fact-year'>2016</span>.",
                                    "fact_values": [
                                        "0.08"
                                    ],
                                    "fact_units": [
                                        " kilograms"
                                    ],
                                    "fact_years": [
                                        "2016"
                                    ],
                                    "data_years": [
                                        "2015",
                                        "2016",
                                        "2014",
                                        "2012",
                                        "2013"
                                    ],
                                    "data_values": [
                                        "0.1",
                                        "0.08",
                                        "0.07",
                                        "0.07",
                                        "0.07"
                                    ],
                                    "data_is_censored": [
                                        false,
                                        false,
                                        false,
                                        false,
                                        false
                                    ],
                                    "data_numeric_part": [
                                        0.1,
                                        0.08,
                                        0.07,
                                        0.07,
                                        0.07
                                    ],
                                    "preferred_visualization": "time_series"
                                }
                            ]
                        }
                    ]
                },
                {
                    "targetCode": "9.c",
                    "indicators": [
                        {
                            "indicatorCode": "9.c.1",
                            "facts": [
                                {
                                    "seriesCode": "IT_MOB_NTWK",
                                    "seriesTitle": "Proportion of population covered by a mobile network, by technology (%)",
                                    "hub": "8943ce6f81b44120b6124fedb3b094d8",
                                    "slice_dimensions": {
                                        "Type of mobile technology": "AL2G"
                                    },
                                    "text_type": "2",
                                    "fact_text": "In <span class='fact-year'>2017</span>, <span class='fact-value'>30.00</span> <span class='fact-unit'>% </span> of the population was in range of at least a second-generation (2G) cellular signal",
                                    "fact_values": [
                                        "30.00"
                                    ],
                                    "fact_units": [
                                        "% "
                                    ],
                                    "fact_years": [
                                        "2017"
                                    ],
                                    "data_years": [
                                        "2013",
                                        "2015",
                                        "2017",
                                        "2016"
                                    ],
                                    "data_values": [
                                        "41.60",
                                        "50.00",
                                        "30.00",
                                        "31.00"
                                    ],
                                    "data_is_censored": [
                                        false,
                                        false,
                                        false,
                                        false
                                    ],
                                    "data_numeric_part": [
                                        42.0,
                                        50.0,
                                        30.0,
                                        31.0
                                    ],
                                    "preferred_visualization": "time_series"
                                }
                            ]
                        }
                    ]
                }
            ]
        },
        {
            "goalCode": "11",
            "targets": [
                {
                    "targetCode": "11.1",
                    "indicators": [
                        {
                            "indicatorCode": "11.1.1",
                            "facts": [
                                {
                                    "seriesCode": "EN_LND_SLUM",
                                    "seriesTitle": "Proportion of urban population living in slums (%)",
                                    "hub": "f158f819bd284fd5b35e456a152a069c",
                                    "slice_dimensions": {},
                                    "text_type": "1",
                                    "fact_text": "The proportion of the urban population living in slums was <span class='fact-value'>95.6</span> <span class='fact-unit'>%</span> in <span class='fact-year'>2014</span>.",
                                    "fact_values": [
                                        "95.6"
                                    ],
                                    "fact_units": [
                                        "%"
                                    ],
                                    "fact_years": [
                                        "2014"
                                    ],
                                    "data_years": [
                                        "2014"
                                    ],
                                    "data_values": [
                                        "95.6"
                                    ],
                                    "data_is_censored": [
                                        false
                                    ],
                                    "data_numeric_part": [
                                        96.0
                                    ],
                                    "preferred_visualization": "singleton"
                                }
                            ]
                        }
                    ]
                },
                {
                    "targetCode": "11.6",
                    "indicators": [
                        {
                            "indicatorCode": "11.6.2",
                            "facts": [
                                {
                                    "seriesCode": "EN_ATM_PM25",
                                    "seriesTitle": "Annual mean levels of fine particulate matter in cities, urban population (micrograms per cubic meter)",
                                    "hub": "5b43bb59961a46daa3b8af9384f60103",
                                    "slice_dimensions": {
                                        "Location": "ALLAREA"
                                    },
                                    "text_type": "10",
                                    "fact_text": "In <span class='fact-year'> 2016</span> , the annual population-weighted average mean concentration of fine suspended particles of less than 2.5 microns in diameters (PM2.5) was about <span class='fact-value'> 41.1157722473145</span>  <span class='fact-unit'> micrograms per cubic metre</span> .  This is above the maximum level for safety set by WHO of 10 micrograms per cubic metre.",
                                    "fact_values": [
                                        "41.1157722473145"
                                    ],
                                    "fact_units": [
                                        " micrograms per cubic metre"
                                    ],
                                    "fact_years": [
                                        "2016"
                                    ],
                                    "data_years": [
                                        "2016"
                                    ],
                                    "data_values": [
                                        "41.1157722473145"
                                    ],
                                    "data_is_censored": [
                                        false
                                    ],
                                    "data_numeric_part": [
                                        41.0
                                    ],
                                    "preferred_visualization": "threshold"
                                }
                            ]
                        }
                    ]
                }
            ]
        },
        {
            "goalCode": "12",
            "targets": [
                {
                    "targetCode": "12.2",
                    "indicators": [
                        {
                            "indicatorCode": "12.2.2",
                            "facts": [
                                {
                                    "seriesCode": "EN_MAT_DOMCMPC",
                                    "seriesTitle": "Domestic material consumption per capita, by type of raw material (tonnes)",
                                    "hub": "995242b2ec9f4a21975ef7d47b5657bb",
                                    "slice_dimensions": {
                                        "Type of product": "RAW"
                                    },
                                    "text_type": "1",
                                    "fact_text": "Domestic material consumption was approximately <span class='fact-value'>0.90149</span> <span class='fact-unit'> metric tons per capita</span> in <span class='fact-year'>2017</span>.",
                                    "fact_values": [
                                        "0.90149"
                                    ],
                                    "fact_units": [
                                        " metric tons per capita"
                                    ],
                                    "fact_years": [
                                        "2017"
                                    ],
                                    "data_years": [
                                        "2014",
                                        "2013",
                                        "2015",
                                        "2017",
                                        "2016",
                                        "2012"
                                    ],
                                    "data_values": [
                                        "0.89241",
                                        "1.22339",
                                        "0.81175",
                                        "0.90149",
                                        "0.85777",
                                        "1.2046"
                                    ],
                                    "data_is_censored": [
                                        false,
                                        false,
                                        false,
                                        false,
                                        false,
                                        false
                                    ],
                                    "data_numeric_part": [
                                        0.89,
                                        1.2,
                                        0.81,
                                        0.9,
                                        0.86,
                                        1.2
                                    ],
                                    "preferred_visualization": "time_series"
                                }
                            ]
                        }
                    ]
                }
            ]
        },
        {
            "goalCode": "15",
            "targets": [
                {
                    "targetCode": "15.1",
                    "indicators": [
                        {
                            "indicatorCode": "15.1.1",
                            "facts": [
                                {
                                    "seriesCode": "AG_LND_FRST",
                                    "seriesTitle": "Forest area as a proportion of total land area (%)",
                                    "hub": "e23061ce674142b5b33c46ea5e031658",
                                    "slice_dimensions": {},
                                    "text_type": "1",
                                    "fact_text": "Land area covered by forest was <span class='fact-value'>11.32921</span> <span class='fact-unit'>%</span> in <span class='fact-year'>2015</span>.",
                                    "fact_values": [
                                        "11.32921"
                                    ],
                                    "fact_units": [
                                        "%"
                                    ],
                                    "fact_years": [
                                        "2015"
                                    ],
                                    "data_years": [
                                        "2010",
                                        "2005",
                                        "2000",
                                        "2015"
                                    ],
                                    "data_values": [
                                        "11.32921",
                                        "11.32921",
                                        "11.32921",
                                        "11.32921"
                                    ],
                                    "data_is_censored": [
                                        false,
                                        false,
                                        false,
                                        false
                                    ],
                                    "data_numeric_part": [
                                        11.0,
                                        11.0,
                                        11.0,
                                        11.0
                                    ],
                                    "preferred_visualization": "time_series"
                                }
                            ]
                        },
                        {
                            "indicatorCode": "15.1.2",
                            "facts": [
                                {
                                    "seriesCode": "ER_PTD_FRWRT",
                                    "seriesTitle": "Average proportion of Freshwater Key Biodiversity Areas (KBAs) covered by protected areas (%)",
                                    "hub": "5c12290ecd1c4a49bc3734721d941d10",
                                    "slice_dimensions": {
                                        "Bounds": "MP"
                                    },
                                    "text_type": "7",
                                    "fact_text": "The average proportion of freshwater key biodiversity areas (KBAs) covered by protected areas was <span class='fact-value'> 58.5935</span>  <span class='fact-unit'>%</span>  in <span class='fact-year'> 2018</span> .",
                                    "fact_values": [
                                        "58.5935"
                                    ],
                                    "fact_units": [
                                        "%"
                                    ],
                                    "fact_years": [
                                        "2018"
                                    ],
                                    "data_years": [
                                        "2000",
                                        "2001",
                                        "2002",
                                        "2003",
                                        "2008",
                                        "2009",
                                        "2010",
                                        "2011",
                                        "2004",
                                        "2007",
                                        "2006",
                                        "2005",
                                        "2017",
                                        "2018",
                                        "2016",
                                        "2012",
                                        "2013",
                                        "2014",
                                        "2015"
                                    ],
                                    "data_values": [
                                        "43.59742",
                                        "43.59742",
                                        "43.59742",
                                        "43.59742",
                                        "58.5935",
                                        "58.5935",
                                        "58.5935",
                                        "58.5935",
                                        "43.59742",
                                        "58.5935",
                                        "58.5935",
                                        "43.59742",
                                        "58.5935",
                                        "58.5935",
                                        "58.5935",
                                        "58.5935",
                                        "58.5935",
                                        "58.5935",
                                        "58.5935"
                                    ],
                                    "data_is_censored": [
                                        false,
                                        false,
                                        false,
                                        false,
                                        false,
                                        false,
                                        false,
                                        false,
                                        false,
                                        false,
                                        false,
                                        false,
                                        false,
                                        false,
                                        false,
                                        false,
                                        false,
                                        false,
                                        false
                                    ],
                                    "data_numeric_part": [
                                        44.0,
                                        44.0,
                                        44.0,
                                        44.0,
                                        59.0,
                                        59.0,
                                        59.0,
                                        59.0,
                                        44.0,
                                        59.0,
                                        59.0,
                                        44.0,
                                        59.0,
                                        59.0,
                                        59.0,
                                        59.0,
                                        59.0,
                                        59.0,
                                        59.0
                                    ],
                                    "preferred_visualization": "time_series"
                                },
                                {
                                    "seriesCode": "ER_PTD_TERRS",
                                    "seriesTitle": "Average proportion of Terrestrial Key Biodiversity Areas (KBAs) covered by protected areas (%)",
                                    "hub": "c2c0216c53744dd7b5278e398328bc99",
                                    "slice_dimensions": {
                                        "Bounds": "MP"
                                    },
                                    "text_type": "7",
                                    "fact_text": "The average proportion of terrestrial key biodiversity areas (KBAs) covered by protected areas was <span class='fact-value'> 33.59638</span>  <span class='fact-unit'>%</span>  in <span class='fact-year'> 2018</span> .",
                                    "fact_values": [
                                        "33.59638"
                                    ],
                                    "fact_units": [
                                        "%"
                                    ],
                                    "fact_years": [
                                        "2018"
                                    ],
                                    "data_years": [
                                        "2015",
                                        "2016",
                                        "2017",
                                        "2018",
                                        "2014",
                                        "2011",
                                        "2012",
                                        "2013",
                                        "2010",
                                        "2000",
                                        "2001",
                                        "2007",
                                        "2008",
                                        "2009",
                                        "2006",
                                        "2002",
                                        "2003",
                                        "2004",
                                        "2005"
                                    ],
                                    "data_values": [
                                        "33.59638",
                                        "33.59638",
                                        "33.59638",
                                        "33.59638",
                                        "33.59638",
                                        "33.59638",
                                        "33.59638",
                                        "33.59638",
                                        "33.59638",
                                        "29.84736",
                                        "29.84736",
                                        "33.59638",
                                        "33.59638",
                                        "33.59638",
                                        "33.59638",
                                        "29.84736",
                                        "29.84736",
                                        "29.84736",
                                        "29.84736"
                                    ],
                                    "data_is_censored": [
                                        false,
                                        false,
                                        false,
                                        false,
                                        false,
                                        false,
                                        false,
                                        false,
                                        false,
                                        false,
                                        false,
                                        false,
                                        false,
                                        false,
                                        false,
                                        false,
                                        false,
                                        false,
                                        false
                                    ],
                                    "data_numeric_part": [
                                        34.0,
                                        34.0,
                                        34.0,
                                        34.0,
                                        34.0,
                                        34.0,
                                        34.0,
                                        34.0,
                                        34.0,
                                        30.0,
                                        30.0,
                                        34.0,
                                        34.0,
                                        34.0,
                                        34.0,
                                        30.0,
                                        30.0,
                                        30.0,
                                        30.0
                                    ],
                                    "preferred_visualization": "time_series"
                                }
                            ]
                        }
                    ]
                }
            ]
        },
        {
            "goalCode": "16",
            "targets": [
                {
                    "targetCode": "16.1",
                    "indicators": [
                        {
                            "indicatorCode": "16.1.1",
                            "facts": [
                                {
                                    "seriesCode": "VC_IHR_PSRC",
                                    "seriesTitle": "Number of victims of intentional homicide per 100,000 population, by sex (victims per 100,000 population)",
                                    "hub": "b65e89e905a744e5992889ddc27f8fc7",
                                    "slice_dimensions": {},
                                    "text_type": "11",
                                    "fact_text": "In <span class='fact-year'> 2012</span> , the intentional homicide rate was <span class='fact-value'> 13.90</span>  <span class='fact-unit'> per 100,000 population</span> . ",
                                    "fact_values": [
                                        "13.90"
                                    ],
                                    "fact_units": [
                                        " per 100,000 population"
                                    ],
                                    "fact_years": [
                                        "2012"
                                    ],
                                    "data_years": [
                                        "2012"
                                    ],
                                    "data_values": [
                                        "13.90"
                                    ],
                                    "data_is_censored": [
                                        false
                                    ],
                                    "data_numeric_part": [
                                        14.0
                                    ],
                                    "preferred_visualization": "singleton"
                                }
                            ]
                        }
                    ]
                },
                {
                    "targetCode": "16.9",
                    "indicators": [
                        {
                            "indicatorCode": "16.9.1",
                            "facts": [
                                {
                                    "seriesCode": "SG_REG_BRTH",
                                    "seriesTitle": "Proportion of children under 5 years of age whose births have been registered with a civil authority (% of children under 5 years of age)",
                                    "hub": "",
                                    "slice_dimensions": {
                                        "Age": "<5Y"
                                    },
                                    "text_type": "3",
                                    "fact_text": "In <span class='fact-year'> 2010</span> , there were about <span class='fact-value'> 35.4</span> <span class='fact-unit'>%</span>  of children under age 5 whose births were registered with a civil authority",
                                    "fact_values": [
                                        "35.4"
                                    ],
                                    "fact_units": [
                                        "%"
                                    ],
                                    "fact_years": [
                                        "2010"
                                    ],
                                    "data_years": [
                                        "2010"
                                    ],
                                    "data_values": [
                                        "35.4"
                                    ],
                                    "data_is_censored": [
                                        false
                                    ],
                                    "data_numeric_part": [
                                        35.0
                                    ],
                                    "preferred_visualization": "singleton"
                                }
                            ]
                        }
                    ]
                }
            ]
        },
        {
            "goalCode": "17",
            "targets": [
                {
                    "targetCode": "17.3",
                    "indicators": [
                        {
                            "indicatorCode": "17.3.2",
                            "facts": [
                                {
                                    "seriesCode": "BX_TRF_PWKR",
                                    "seriesTitle": "Volume of remittances (in United States dollars) as a proportion of total GDP (%)",
                                    "hub": "68e9ec78abe543889762bbdd36cd3d31",
                                    "slice_dimensions": {},
                                    "text_type": "9",
                                    "fact_text": "In <span class='fact-year'> 2014</span> , the inflow of personal remittances was <span class='fact-value'> 0.01</span>  <span class='fact-unit'>% of GDP</span> .",
                                    "fact_values": [
                                        "0.01"
                                    ],
                                    "fact_units": [
                                        "% of GDP"
                                    ],
                                    "fact_years": [
                                        "2014"
                                    ],
                                    "data_years": [
                                        "2014"
                                    ],
                                    "data_values": [
                                        "0.01"
                                    ],
                                    "data_is_censored": [
                                        false
                                    ],
                                    "data_numeric_part": [
                                        0.01
                                    ],
                                    "preferred_visualization": "singleton"
                                }
                            ]
                        }
                    ]
                },
                {
                    "targetCode": "17.6",
                    "indicators": [
                        {
                            "indicatorCode": "17.6.2",
                            "facts": [
                                {
                                    "seriesCode": "IT_NET_BBP",
                                    "seriesTitle": "Fixed Internet broadband subscriptions per 100\u00a0inhabitants, by speed (per 100 inhabitants)",
                                    "hub": "f59cf3f8a0ec41a2b601a28682e6f2c8",
                                    "slice_dimensions": {
                                        "Type of speed": "ANYS"
                                    },
                                    "text_type": "15",
                                    "fact_text": "In <span class='fact-year'> 2017</span> , fixed-broadband internet penetration reached <span class='fact-value'> 0.00</span>  <span class='fact-unit'>% of the population</span> .",
                                    "fact_values": [
                                        "% of the population"
                                    ],
                                    "fact_units": [
                                        "% of GDP"
                                    ],
                                    "fact_years": [
                                        "2017"
                                    ],
                                    "data_years": [
                                        "2010",
                                        "2011",
                                        "2016",
                                        "2015",
                                        "2017",
                                        "2012",
                                        "2013",
                                        "2014"
                                    ],
                                    "data_values": [
                                        "0.00",
                                        "0.00",
                                        "0.00",
                                        "0.00",
                                        "0.00",
                                        "0.00",
                                        "0.00",
                                        "0.00"
                                    ],
                                    "data_is_censored": [
                                        false,
                                        false,
                                        false,
                                        false,
                                        false,
                                        false,
                                        false,
                                        false
                                    ],
                                    "data_numeric_part": [
                                        0.0,
                                        0.0,
                                        0.0,
                                        0.0,
                                        0.0,
                                        0.0,
                                        0.0,
                                        0.0
                                    ],
                                    "preferred_visualization": "time_series"
                                }
                            ]
                        }
                    ]
                }
            ]
        }
    ]
}