{
    "release": "2019.Q1.G.02",
    "country_code": "60",
    "country_name": "Bermuda",
    "X": "-64.78155012",
    "Y": "32.27881922",
    "goals": [
        {
            "goalCode": "4",
            "targets": [
                {
                    "targetCode": "4.2",
                    "indicators": [
                        {
                            "indicatorCode": "4.2.2",
                            "facts": [
                                {
                                    "seriesCode": "SE_PRE_PARTN",
                                    "seriesTitle": "Participation rate in organized learning (one year before the official primary entry age), by sex (%)",
                                    "hub": "3459681b792a4979a9d9731c75f7f80d",
                                    "slice_dimensions": {
                                        "Sex": "BOTHSEX"
                                    },
                                    "text_type": "2",
                                    "fact_text": "In <span class='fact-year'>2012</span>, <span class='fact-value'>60.54687</span> <span class='fact-unit'>% </span> of children participated in pre-primary or primary education in the year prior to the official entrance age for primary school",
                                    "fact_values": [
                                        "60.54687"
                                    ],
                                    "fact_units": [
                                        "% "
                                    ],
                                    "fact_years": [
                                        "2012"
                                    ],
                                    "data_years": [
                                        "2011",
                                        "2012"
                                    ],
                                    "data_values": [
                                        "52.79898",
                                        "60.54687"
                                    ],
                                    "data_is_censored": [
                                        false,
                                        false
                                    ],
                                    "data_numeric_part": [
                                        53.0,
                                        61.0
                                    ],
                                    "preferred_visualization": "singleton"
                                }
                            ]
                        }
                    ]
                }
            ]
        },
        {
            "goalCode": "7",
            "targets": [
                {
                    "targetCode": "7.1",
                    "indicators": [
                        {
                            "indicatorCode": "7.1.1",
                            "facts": [
                                {
                                    "seriesCode": "EG_ELC_ACCS",
                                    "seriesTitle": "Proportion of population with access to electricity, by urban/rural (%)",
                                    "hub": "81cf3e70351c4895828a2486efa2142c",
                                    "slice_dimensions": {
                                        "Location": "ALLAREA"
                                    },
                                    "text_type": "1",
                                    "fact_text": "The proportion of the population with access to electricity was <span class='fact-value'>100.00</span> <span class='fact-unit'>%</span> in <span class='fact-year'>2016</span>.",
                                    "fact_values": [
                                        "100.00"
                                    ],
                                    "fact_units": [
                                        "%"
                                    ],
                                    "fact_years": [
                                        "2016"
                                    ],
                                    "data_years": [
                                        "2006",
                                        "2005",
                                        "2000",
                                        "2002",
                                        "2001",
                                        "2003",
                                        "2004",
                                        "2012",
                                        "2015",
                                        "2016",
                                        "2013",
                                        "2014",
                                        "2009",
                                        "2007",
                                        "2008",
                                        "2011",
                                        "2010"
                                    ],
                                    "data_values": [
                                        "100.00",
                                        "100.00",
                                        "100.00",
                                        "100.00",
                                        "100.00",
                                        "100.00",
                                        "100.00",
                                        "100.00",
                                        "100.00",
                                        "100.00",
                                        "100.00",
                                        "100.00",
                                        "100.00",
                                        "100.00",
                                        "100.00",
                                        "100.00",
                                        "100.00"
                                    ],
                                    "data_is_censored": [
                                        false,
                                        false,
                                        false,
                                        false,
                                        false,
                                        false,
                                        false,
                                        false,
                                        false,
                                        false,
                                        false,
                                        false,
                                        false,
                                        false,
                                        false,
                                        false,
                                        false
                                    ],
                                    "data_numeric_part": [
                                        100.0,
                                        100.0,
                                        100.0,
                                        100.0,
                                        100.0,
                                        100.0,
                                        100.0,
                                        100.0,
                                        100.0,
                                        100.0,
                                        100.0,
                                        100.0,
                                        100.0,
                                        100.0,
                                        100.0,
                                        100.0,
                                        100.0
                                    ],
                                    "preferred_visualization": "time_series"
                                }
                            ]
                        }
                    ]
                }
            ]
        },
        {
            "goalCode": "8",
            "targets": [
                {
                    "targetCode": "8.1",
                    "indicators": [
                        {
                            "indicatorCode": "8.1.1",
                            "facts": [
                                {
                                    "seriesCode": "NY_GDP_PCAP",
                                    "seriesTitle": "Annual growth rate of real GDP per capita (%)",
                                    "hub": "3cb997d2497148e68dca6787fcb84ca5",
                                    "slice_dimensions": {},
                                    "text_type": "1",
                                    "fact_text": "The annual growth rate of real gross domestic product (GDP) per capita increased from <span class='fact-value'>2.56</span> <span class='fact-unit'>%</span> in <span class='fact-year'>2000</span> to <span class='fact-value'>3.04%</span>  in  <span class='fact-year'>2017</span>.",
                                    "fact_values": [
                                        "2.56",
                                        "3.04"
                                    ],
                                    "fact_units": [
                                        "%",
                                        "%"
                                    ],
                                    "fact_years": [
                                        "2000",
                                        "2017"
                                    ],
                                    "data_years": [
                                        "2003",
                                        "2007",
                                        "2011",
                                        "2004",
                                        "2012",
                                        "2009",
                                        "2005",
                                        "2008",
                                        "2006",
                                        "2010",
                                        "2016",
                                        "2015",
                                        "2014",
                                        "2013",
                                        "2017",
                                        "2002",
                                        "2001",
                                        "2000"
                                    ],
                                    "data_values": [
                                        "3.00",
                                        "3.59",
                                        "-4.04",
                                        "2.05",
                                        "-3.52",
                                        "-5.48",
                                        "1.57",
                                        "1.56",
                                        "4.71",
                                        "-1.99",
                                        "0.44",
                                        "1.05",
                                        "0.23",
                                        "-1.45",
                                        "3.04",
                                        "-1.92",
                                        "6.73",
                                        "2.56"
                                    ],
                                    "data_is_censored": [
                                        false,
                                        false,
                                        false,
                                        false,
                                        false,
                                        false,
                                        false,
                                        false,
                                        false,
                                        false,
                                        false,
                                        false,
                                        false,
                                        false,
                                        false,
                                        false,
                                        false,
                                        false
                                    ],
                                    "data_numeric_part": [
                                        3.0,
                                        3.6,
                                        -4.04,
                                        2.1,
                                        -3.52,
                                        -5.48,
                                        1.6,
                                        1.6,
                                        4.7,
                                        -1.99,
                                        0.44,
                                        1.1,
                                        0.23,
                                        -1.45,
                                        3.0,
                                        -1.92,
                                        6.7,
                                        2.6
                                    ],
                                    "preferred_visualization": "time_series"
                                }
                            ]
                        }
                    ]
                }
            ]
        },
        {
            "goalCode": "9",
            "targets": [
                {
                    "targetCode": "9.5",
                    "indicators": [
                        {
                            "indicatorCode": "9.5.1",
                            "facts": [
                                {
                                    "seriesCode": "GB_XPD_RSDV",
                                    "seriesTitle": "Research and development expenditure as a proportion of GDP (%)",
                                    "hub": "a4e6d6a6cc804c3598cc9b96cd96ce67",
                                    "slice_dimensions": {},
                                    "text_type": "9",
                                    "fact_text": "In <span class='fact-year'> 2015</span> , investment in research and development (R&D) stood at <span class='fact-value'> 0.22</span>  <span class='fact-unit'>% of GDP</span> , up from <span class='fact-value'> 0.18</span>  <span class='fact-unit'>%</span>  in <span class='fact-year'> 2007</span> ",
                                    "fact_values": [
                                        "0.18% of GDP",
                                        "0.22% of GDP"
                                    ],
                                    "fact_units": [
                                        "%",
                                        "%"
                                    ],
                                    "fact_years": [
                                        "2007",
                                        "2015"
                                    ],
                                    "data_years": [
                                        "2008",
                                        "2007",
                                        "2014",
                                        "2013",
                                        "2015",
                                        "2010",
                                        "2009",
                                        "2012",
                                        "2011"
                                    ],
                                    "data_values": [
                                        "0.19",
                                        "0.18",
                                        "0.21",
                                        "0.23",
                                        "0.22",
                                        "0.21",
                                        "0.21",
                                        "0.27",
                                        "0.30"
                                    ],
                                    "data_is_censored": [
                                        false,
                                        false,
                                        false,
                                        false,
                                        false,
                                        false,
                                        false,
                                        false,
                                        false
                                    ],
                                    "data_numeric_part": [
                                        0.19,
                                        0.18,
                                        0.21,
                                        0.23,
                                        0.22,
                                        0.21,
                                        0.21,
                                        0.27,
                                        0.3
                                    ],
                                    "preferred_visualization": "time_series"
                                }
                            ]
                        }
                    ]
                },
                {
                    "targetCode": "9.c",
                    "indicators": [
                        {
                            "indicatorCode": "9.c.1",
                            "facts": [
                                {
                                    "seriesCode": "IT_MOB_NTWK",
                                    "seriesTitle": "Proportion of population covered by a mobile network, by technology (%)",
                                    "hub": "8943ce6f81b44120b6124fedb3b094d8",
                                    "slice_dimensions": {
                                        "Type of mobile technology": "AL2G"
                                    },
                                    "text_type": "2",
                                    "fact_text": "In <span class='fact-year'>2017</span>, <span class='fact-value'>99.70</span> <span class='fact-unit'>% </span> of the population was in range of at least a second-generation (2G) cellular signal",
                                    "fact_values": [
                                        "99.70"
                                    ],
                                    "fact_units": [
                                        "% "
                                    ],
                                    "fact_years": [
                                        "2017"
                                    ],
                                    "data_years": [
                                        "2004",
                                        "2015",
                                        "2016",
                                        "2017"
                                    ],
                                    "data_values": [
                                        "98.00",
                                        "99.00",
                                        "99.68",
                                        "99.70"
                                    ],
                                    "data_is_censored": [
                                        false,
                                        false,
                                        false,
                                        false
                                    ],
                                    "data_numeric_part": [
                                        98.0,
                                        99.0,
                                        100.0,
                                        100.0
                                    ],
                                    "preferred_visualization": "time_series"
                                }
                            ]
                        }
                    ]
                }
            ]
        },
        {
            "goalCode": "10",
            "targets": [
                {
                    "targetCode": "10.4",
                    "indicators": [
                        {
                            "indicatorCode": "10.4.1",
                            "facts": [
                                {
                                    "seriesCode": "SL_EMP_GTOTL",
                                    "seriesTitle": "Labour share of GDP, comprising wages and social protection transfers (%)",
                                    "hub": "635cd0cae73e4b2dae2661407be6eeec",
                                    "slice_dimensions": {},
                                    "text_type": "2",
                                    "fact_text": "In <span class='fact-year'>2012</span>, <span class='fact-value'>68.0</span> <span class='fact-unit'>% </span> of GDP was from labour, comprising wages and social protection transfers",
                                    "fact_values": [
                                        "68.0"
                                    ],
                                    "fact_units": [
                                        "% "
                                    ],
                                    "fact_years": [
                                        "2012"
                                    ],
                                    "data_years": [
                                        "2010",
                                        "2009",
                                        "2011",
                                        "2012"
                                    ],
                                    "data_values": [
                                        "67.0",
                                        "71.0",
                                        "65.0",
                                        "68.0"
                                    ],
                                    "data_is_censored": [
                                        false,
                                        false,
                                        false,
                                        false
                                    ],
                                    "data_numeric_part": [
                                        67.0,
                                        71.0,
                                        65.0,
                                        68.0
                                    ],
                                    "preferred_visualization": "time_series"
                                }
                            ]
                        }
                    ]
                }
            ]
        },
        {
            "goalCode": "14",
            "targets": [
                {
                    "targetCode": "14.5",
                    "indicators": [
                        {
                            "indicatorCode": "14.5.1",
                            "facts": [
                                {
                                    "seriesCode": "ER_MRN_MARIN",
                                    "seriesTitle": "Coverage of protected areas in relation to marine areas (Exclusive Economic Zones) (%)",
                                    "hub": "2a0cad7f76284e8c978bfcb0fa15cd76",
                                    "slice_dimensions": {},
                                    "text_type": "8",
                                    "fact_text": "In <span class='fact-year'> 2018</span> , <span class='fact-value'> 0.00006</span>  <span class='fact-unit'>% </span> of the marine environment under national jurisdiction (up to 200 nautical miles from shore) was under protection.",
                                    "fact_values": [
                                        "0.00006"
                                    ],
                                    "fact_units": [
                                        "% "
                                    ],
                                    "fact_years": [
                                        "2018"
                                    ],
                                    "data_years": [
                                        "2018"
                                    ],
                                    "data_values": [
                                        "0.00006"
                                    ],
                                    "data_is_censored": [
                                        false
                                    ],
                                    "data_numeric_part": [
                                        0.0
                                    ],
                                    "preferred_visualization": "singleton"
                                }
                            ]
                        }
                    ]
                }
            ]
        },
        {
            "goalCode": "15",
            "targets": [
                {
                    "targetCode": "15.1",
                    "indicators": [
                        {
                            "indicatorCode": "15.1.1",
                            "facts": [
                                {
                                    "seriesCode": "AG_LND_FRST",
                                    "seriesTitle": "Forest area as a proportion of total land area (%)",
                                    "hub": "e23061ce674142b5b33c46ea5e031658",
                                    "slice_dimensions": {},
                                    "text_type": "1",
                                    "fact_text": "Land area covered by forest was <span class='fact-value'>18.51852</span> <span class='fact-unit'>%</span> in <span class='fact-year'>2015</span>.",
                                    "fact_values": [
                                        "18.51852"
                                    ],
                                    "fact_units": [
                                        "%"
                                    ],
                                    "fact_years": [
                                        "2015"
                                    ],
                                    "data_years": [
                                        "2015",
                                        "2000",
                                        "2005",
                                        "2010"
                                    ],
                                    "data_values": [
                                        "18.51852",
                                        "18.51852",
                                        "18.51852",
                                        "18.51852"
                                    ],
                                    "data_is_censored": [
                                        false,
                                        false,
                                        false,
                                        false
                                    ],
                                    "data_numeric_part": [
                                        19.0,
                                        19.0,
                                        19.0,
                                        19.0
                                    ],
                                    "preferred_visualization": "time_series"
                                }
                            ]
                        },
                        {
                            "indicatorCode": "15.1.2",
                            "facts": [
                                {
                                    "seriesCode": "ER_PTD_TERRS",
                                    "seriesTitle": "Average proportion of Terrestrial Key Biodiversity Areas (KBAs) covered by protected areas (%)",
                                    "hub": "c2c0216c53744dd7b5278e398328bc99",
                                    "slice_dimensions": {
                                        "Bounds": "MP"
                                    },
                                    "text_type": "7",
                                    "fact_text": "The average proportion of terrestrial key biodiversity areas (KBAs) covered by protected areas was <span class='fact-value'> 51.98406</span>  <span class='fact-unit'>%</span>  in <span class='fact-year'> 2018</span> .",
                                    "fact_values": [
                                        "51.98406"
                                    ],
                                    "fact_units": [
                                        "%"
                                    ],
                                    "fact_years": [
                                        "2018"
                                    ],
                                    "data_years": [
                                        "2007",
                                        "2008",
                                        "2005",
                                        "2006",
                                        "2011",
                                        "2012",
                                        "2009",
                                        "2010",
                                        "2000",
                                        "2003",
                                        "2004",
                                        "2001",
                                        "2002",
                                        "2015",
                                        "2016",
                                        "2013",
                                        "2014",
                                        "2017",
                                        "2018"
                                    ],
                                    "data_values": [
                                        "51.98406",
                                        "51.98406",
                                        "51.98406",
                                        "51.98406",
                                        "51.98406",
                                        "51.98406",
                                        "51.98406",
                                        "51.98406",
                                        "51.98406",
                                        "51.98406",
                                        "51.98406",
                                        "51.98406",
                                        "51.98406",
                                        "51.98406",
                                        "51.98406",
                                        "51.98406",
                                        "51.98406",
                                        "51.98406",
                                        "51.98406"
                                    ],
                                    "data_is_censored": [
                                        false,
                                        false,
                                        false,
                                        false,
                                        false,
                                        false,
                                        false,
                                        false,
                                        false,
                                        false,
                                        false,
                                        false,
                                        false,
                                        false,
                                        false,
                                        false,
                                        false,
                                        false,
                                        false
                                    ],
                                    "data_numeric_part": [
                                        52.0,
                                        52.0,
                                        52.0,
                                        52.0,
                                        52.0,
                                        52.0,
                                        52.0,
                                        52.0,
                                        52.0,
                                        52.0,
                                        52.0,
                                        52.0,
                                        52.0,
                                        52.0,
                                        52.0,
                                        52.0,
                                        52.0,
                                        52.0,
                                        52.0
                                    ],
                                    "preferred_visualization": "time_series"
                                }
                            ]
                        }
                    ]
                }
            ]
        },
        {
            "goalCode": "16",
            "targets": [
                {
                    "targetCode": "16.1",
                    "indicators": [
                        {
                            "indicatorCode": "16.1.1",
                            "facts": [
                                {
                                    "seriesCode": "VC_IHR_PSRC",
                                    "seriesTitle": "Number of victims of intentional homicide per 100,000 population, by sex (victims per 100,000 population)",
                                    "hub": "b65e89e905a744e5992889ddc27f8fc7",
                                    "slice_dimensions": {},
                                    "text_type": "11",
                                    "fact_text": "In <span class='fact-year'> 2016</span> , the intentional homicide rate was <span class='fact-value'> 11.34</span>  <span class='fact-unit'> per 100,000 population</span> . ",
                                    "fact_values": [
                                        "11.34"
                                    ],
                                    "fact_units": [
                                        " per 100,000 population"
                                    ],
                                    "fact_years": [
                                        "2016"
                                    ],
                                    "data_years": [
                                        "2013",
                                        "2012",
                                        "2011",
                                        "2010",
                                        "2014",
                                        "2016",
                                        "2015"
                                    ],
                                    "data_values": [
                                        "7.97",
                                        "9.50",
                                        "12.58",
                                        "10.95",
                                        "6.41",
                                        "11.34",
                                        "6.45"
                                    ],
                                    "data_is_censored": [
                                        false,
                                        false,
                                        false,
                                        false,
                                        false,
                                        false,
                                        false
                                    ],
                                    "data_numeric_part": [
                                        8.0,
                                        9.5,
                                        13.0,
                                        11.0,
                                        6.4,
                                        11.0,
                                        6.5
                                    ],
                                    "preferred_visualization": "time_series"
                                }
                            ]
                        }
                    ]
                }
            ]
        },
        {
            "goalCode": "17",
            "targets": [
                {
                    "targetCode": "17.3",
                    "indicators": [
                        {
                            "indicatorCode": "17.3.2",
                            "facts": [
                                {
                                    "seriesCode": "BX_TRF_PWKR",
                                    "seriesTitle": "Volume of remittances (in United States dollars) as a proportion of total GDP (%)",
                                    "hub": "68e9ec78abe543889762bbdd36cd3d31",
                                    "slice_dimensions": {},
                                    "text_type": "9",
                                    "fact_text": "In <span class='fact-year'> 2013</span> , the inflow of personal remittances was <span class='fact-value'> 21.98</span>  <span class='fact-unit'>% of GDP</span> .",
                                    "fact_values": [
                                        "21.98"
                                    ],
                                    "fact_units": [
                                        "% of GDP"
                                    ],
                                    "fact_years": [
                                        "2013"
                                    ],
                                    "data_years": [
                                        "2012",
                                        "2013",
                                        "2008",
                                        "2010",
                                        "2011",
                                        "2009",
                                        "2006",
                                        "2007"
                                    ],
                                    "data_values": [
                                        "21.50",
                                        "21.98",
                                        "22.76",
                                        "21.96",
                                        "21.17",
                                        "23.18",
                                        "21.84",
                                        "24.60"
                                    ],
                                    "data_is_censored": [
                                        false,
                                        false,
                                        false,
                                        false,
                                        false,
                                        false,
                                        false,
                                        false
                                    ],
                                    "data_numeric_part": [
                                        22.0,
                                        22.0,
                                        23.0,
                                        22.0,
                                        21.0,
                                        23.0,
                                        22.0,
                                        25.0
                                    ],
                                    "preferred_visualization": "time_series"
                                }
                            ]
                        }
                    ]
                },
                {
                    "targetCode": "17.6",
                    "indicators": [
                        {
                            "indicatorCode": "17.6.2",
                            "facts": [
                                {
                                    "seriesCode": "IT_NET_BBP",
                                    "seriesTitle": "Fixed Internet broadband subscriptions per 100\u00a0inhabitants, by speed (per 100 inhabitants)",
                                    "hub": "f59cf3f8a0ec41a2b601a28682e6f2c8",
                                    "slice_dimensions": {
                                        "Type of speed": "ANYS"
                                    },
                                    "text_type": "15",
                                    "fact_text": "In <span class='fact-year'> 2017</span> , fixed-broadband internet penetration reached <span class='fact-value'> 37.18</span>  <span class='fact-unit'>% of the population</span> , up from 28.0% of the population in <span class='fact-year'> 2005</span> .",
                                    "fact_values": [
                                        "28.38",
                                        "37.18"
                                    ],
                                    "fact_units": [
                                        "% of the population",
                                        "% of the population"
                                    ],
                                    "fact_years": [
                                        "2005",
                                        "2017"
                                    ],
                                    "data_years": [
                                        "2010",
                                        "2013",
                                        "2014",
                                        "2016",
                                        "2017",
                                        "2015",
                                        "2009",
                                        "2005",
                                        "2007",
                                        "2008",
                                        "2006"
                                    ],
                                    "data_values": [
                                        "62.70",
                                        "63.88",
                                        "55.67",
                                        "36.97",
                                        "37.18",
                                        "48.38",
                                        "62.21",
                                        "28.38",
                                        "44.38",
                                        "52.54",
                                        "36.34"
                                    ],
                                    "data_is_censored": [
                                        false,
                                        false,
                                        false,
                                        false,
                                        false,
                                        false,
                                        false,
                                        false,
                                        false,
                                        false,
                                        false
                                    ],
                                    "data_numeric_part": [
                                        63.0,
                                        64.0,
                                        56.0,
                                        37.0,
                                        37.0,
                                        48.0,
                                        62.0,
                                        28.0,
                                        44.0,
                                        53.0,
                                        36.0
                                    ],
                                    "preferred_visualization": "time_series"
                                }
                            ]
                        }
                    ]
                }
            ]
        }
    ]
}