{
    "release": "2019.Q1.G.02",
    "country_code": "292",
    "country_name": "Gibraltar",
    "X": "-5.347561686",
    "Y": "36.13895036",
    "goals": [
        {
            "goalCode": "6",
            "targets": [
                {
                    "targetCode": "6.1",
                    "indicators": [
                        {
                            "indicatorCode": "6.1.1",
                            "facts": [
                                {
                                    "seriesCode": "SH_H2O_SAFE",
                                    "seriesTitle": "Proportion of population using safely managed drinking water services, by urban/rural (%)",
                                    "hub": "9fd0677f368c48dca6f5e11f64badafd",
                                    "slice_dimensions": {
                                        "Location": "ALLAREA"
                                    },
                                    "text_type": "2",
                                    "fact_text": "In <span class='fact-year'>2015</span>, <span class='fact-value'>99.05226</span> <span class='fact-unit'>% </span> of the population used a \"safely managed\" drinking water service - an improved source located on premises, available when needed and free from contamination",
                                    "fact_values": [
                                        "99.05226"
                                    ],
                                    "fact_units": [
                                        "% "
                                    ],
                                    "fact_years": [
                                        "2015"
                                    ],
                                    "data_years": [
                                        "2015",
                                        "2007",
                                        "2000",
                                        "2012",
                                        "2009",
                                        "2004",
                                        "2011",
                                        "2005",
                                        "2006",
                                        "2002",
                                        "2014",
                                        "2001",
                                        "2010",
                                        "2008",
                                        "2003",
                                        "2013"
                                    ],
                                    "data_values": [
                                        "99.05226",
                                        "99.05226",
                                        "99.05226",
                                        "99.05226",
                                        "99.05226",
                                        "99.05226",
                                        "99.05226",
                                        "99.05226",
                                        "99.05226",
                                        "99.05226",
                                        "99.05226",
                                        "99.05226",
                                        "99.05226",
                                        "99.05226",
                                        "99.05226",
                                        "99.05226"
                                    ],
                                    "data_is_censored": [
                                        false,
                                        false,
                                        false,
                                        false,
                                        false,
                                        false,
                                        false,
                                        false,
                                        false,
                                        false,
                                        false,
                                        false,
                                        false,
                                        false,
                                        false,
                                        false
                                    ],
                                    "data_numeric_part": [
                                        99.0,
                                        99.0,
                                        99.0,
                                        99.0,
                                        99.0,
                                        99.0,
                                        99.0,
                                        99.0,
                                        99.0,
                                        99.0,
                                        99.0,
                                        99.0,
                                        99.0,
                                        99.0,
                                        99.0,
                                        99.0
                                    ],
                                    "preferred_visualization": "time_series"
                                }
                            ]
                        }
                    ]
                }
            ]
        },
        {
            "goalCode": "7",
            "targets": [
                {
                    "targetCode": "7.1",
                    "indicators": [
                        {
                            "indicatorCode": "7.1.1",
                            "facts": [
                                {
                                    "seriesCode": "EG_ELC_ACCS",
                                    "seriesTitle": "Proportion of population with access to electricity, by urban/rural (%)",
                                    "hub": "81cf3e70351c4895828a2486efa2142c",
                                    "slice_dimensions": {
                                        "Location": "ALLAREA"
                                    },
                                    "text_type": "1",
                                    "fact_text": "The proportion of the population with access to electricity was <span class='fact-value'>100.00</span> <span class='fact-unit'>%</span> in <span class='fact-year'>2016</span>.",
                                    "fact_values": [
                                        "100.00"
                                    ],
                                    "fact_units": [
                                        "%"
                                    ],
                                    "fact_years": [
                                        "2016"
                                    ],
                                    "data_years": [
                                        "2004",
                                        "2006",
                                        "2005",
                                        "2000",
                                        "2001",
                                        "2003",
                                        "2002",
                                        "2012",
                                        "2014",
                                        "2015",
                                        "2013",
                                        "2016",
                                        "2008",
                                        "2009",
                                        "2007",
                                        "2011",
                                        "2010"
                                    ],
                                    "data_values": [
                                        "100.00",
                                        "100.00",
                                        "100.00",
                                        "100.00",
                                        "100.00",
                                        "100.00",
                                        "100.00",
                                        "100.00",
                                        "100.00",
                                        "100.00",
                                        "100.00",
                                        "100.00",
                                        "100.00",
                                        "100.00",
                                        "100.00",
                                        "100.00",
                                        "100.00"
                                    ],
                                    "data_is_censored": [
                                        false,
                                        false,
                                        false,
                                        false,
                                        false,
                                        false,
                                        false,
                                        false,
                                        false,
                                        false,
                                        false,
                                        false,
                                        false,
                                        false,
                                        false,
                                        false,
                                        false
                                    ],
                                    "data_numeric_part": [
                                        100.0,
                                        100.0,
                                        100.0,
                                        100.0,
                                        100.0,
                                        100.0,
                                        100.0,
                                        100.0,
                                        100.0,
                                        100.0,
                                        100.0,
                                        100.0,
                                        100.0,
                                        100.0,
                                        100.0,
                                        100.0,
                                        100.0
                                    ],
                                    "preferred_visualization": "time_series"
                                }
                            ]
                        }
                    ]
                }
            ]
        },
        {
            "goalCode": "9",
            "targets": [
                {
                    "targetCode": "9.4",
                    "indicators": [
                        {
                            "indicatorCode": "9.4.1",
                            "facts": [
                                {
                                    "seriesCode": "EN_ATM_CO2GDP",
                                    "seriesTitle": "Carbon dioxide emissions per unit of GDP (kilogrammes of CO2 per constant 2010 United States dollars)",
                                    "hub": "b5ff535a5fa841659c576685489dfac7",
                                    "slice_dimensions": {},
                                    "text_type": "1",
                                    "fact_text": "The carbon dioxide emissions per unit of GDP increased from <span class='fact-value'>0.44</span> <span class='fact-unit'> kilograms</span> in <span class='fact-year'>2000</span> to <span class='fact-value'>0.6 kilograms</span>  in  <span class='fact-year'>2016</span>.",
                                    "fact_values": [
                                        "0.44",
                                        "0.6"
                                    ],
                                    "fact_units": [
                                        " kilograms",
                                        " kilograms"
                                    ],
                                    "fact_years": [
                                        "2000",
                                        "2016"
                                    ],
                                    "data_years": [
                                        "2011",
                                        "2010",
                                        "2009",
                                        "2012",
                                        "2014",
                                        "2013",
                                        "2015",
                                        "2004",
                                        "2003",
                                        "2005",
                                        "2008",
                                        "2007",
                                        "2006",
                                        "2002",
                                        "2016",
                                        "2001",
                                        "2000"
                                    ],
                                    "data_values": [
                                        "0.5",
                                        "0.52",
                                        "0.53",
                                        "0.5",
                                        "0.55",
                                        "0.52",
                                        "0.59",
                                        "0.45",
                                        "0.43",
                                        "0.45",
                                        "0.46",
                                        "0.44",
                                        "0.46",
                                        "0.43",
                                        "0.6",
                                        "0.44",
                                        "0.44"
                                    ],
                                    "data_is_censored": [
                                        false,
                                        false,
                                        false,
                                        false,
                                        false,
                                        false,
                                        false,
                                        false,
                                        false,
                                        false,
                                        false,
                                        false,
                                        false,
                                        false,
                                        false,
                                        false,
                                        false
                                    ],
                                    "data_numeric_part": [
                                        0.5,
                                        0.52,
                                        0.53,
                                        0.5,
                                        0.55,
                                        0.52,
                                        0.59,
                                        0.45,
                                        0.43,
                                        0.45,
                                        0.46,
                                        0.44,
                                        0.46,
                                        0.43,
                                        0.6,
                                        0.44,
                                        0.44
                                    ],
                                    "preferred_visualization": "time_series"
                                }
                            ]
                        }
                    ]
                },
                {
                    "targetCode": "9.c",
                    "indicators": [
                        {
                            "indicatorCode": "9.c.1",
                            "facts": [
                                {
                                    "seriesCode": "IT_MOB_NTWK",
                                    "seriesTitle": "Proportion of population covered by a mobile network, by technology (%)",
                                    "hub": "8943ce6f81b44120b6124fedb3b094d8",
                                    "slice_dimensions": {
                                        "Type of mobile technology": "AL2G"
                                    },
                                    "text_type": "2",
                                    "fact_text": "In <span class='fact-year'>2017</span>, <span class='fact-value'>100.00</span> <span class='fact-unit'>% </span> of the population was in range of at least a second-generation (2G) cellular signal",
                                    "fact_values": [
                                        "100.00"
                                    ],
                                    "fact_units": [
                                        "% "
                                    ],
                                    "fact_years": [
                                        "2017"
                                    ],
                                    "data_years": [
                                        "2016",
                                        "2015",
                                        "2004",
                                        "2003",
                                        "2002",
                                        "2001",
                                        "2000",
                                        "2017"
                                    ],
                                    "data_values": [
                                        "100.00",
                                        "100.00",
                                        "100.00",
                                        "100.00",
                                        "100.00",
                                        "100.00",
                                        "100.00",
                                        "100.00"
                                    ],
                                    "data_is_censored": [
                                        false,
                                        false,
                                        false,
                                        false,
                                        false,
                                        false,
                                        false,
                                        false
                                    ],
                                    "data_numeric_part": [
                                        100.0,
                                        100.0,
                                        100.0,
                                        100.0,
                                        100.0,
                                        100.0,
                                        100.0,
                                        100.0
                                    ],
                                    "preferred_visualization": "time_series"
                                }
                            ]
                        }
                    ]
                }
            ]
        },
        {
            "goalCode": "14",
            "targets": [
                {
                    "targetCode": "14.5",
                    "indicators": [
                        {
                            "indicatorCode": "14.5.1",
                            "facts": [
                                {
                                    "seriesCode": "ER_MRN_MARIN",
                                    "seriesTitle": "Coverage of protected areas in relation to marine areas (Exclusive Economic Zones) (%)",
                                    "hub": "2a0cad7f76284e8c978bfcb0fa15cd76",
                                    "slice_dimensions": {},
                                    "text_type": "8",
                                    "fact_text": "In <span class='fact-year'> 2018</span> , <span class='fact-value'> 12.81566</span>  <span class='fact-unit'>% </span> of the marine environment under national jurisdiction (up to 200 nautical miles from shore) was under protection.",
                                    "fact_values": [
                                        "12.81566"
                                    ],
                                    "fact_units": [
                                        "% "
                                    ],
                                    "fact_years": [
                                        "2018"
                                    ],
                                    "data_years": [
                                        "2018"
                                    ],
                                    "data_values": [
                                        "12.81566"
                                    ],
                                    "data_is_censored": [
                                        false
                                    ],
                                    "data_numeric_part": [
                                        13.0
                                    ],
                                    "preferred_visualization": "singleton"
                                }
                            ]
                        }
                    ]
                }
            ]
        },
        {
            "goalCode": "15",
            "targets": [
                {
                    "targetCode": "15.1",
                    "indicators": [
                        {
                            "indicatorCode": "15.1.1",
                            "facts": [
                                {
                                    "seriesCode": "AG_LND_FRST",
                                    "seriesTitle": "Forest area as a proportion of total land area (%)",
                                    "hub": "e23061ce674142b5b33c46ea5e031658",
                                    "slice_dimensions": {},
                                    "text_type": "1",
                                    "fact_text": "Land area covered by forest <span class='fact-value'>0</span> <span class='fact-unit'>%</span> in <span class='fact-year'>2000</span> to <span class='fact-value'>0%</span>  in  <span class='fact-year'>2015</span>.",
                                    "fact_values": [
                                        "0",
                                        "0"
                                    ],
                                    "fact_units": [
                                        "%",
                                        "%"
                                    ],
                                    "fact_years": [
                                        "2000",
                                        "2015"
                                    ],
                                    "data_years": [
                                        "2000",
                                        "2005",
                                        "2010",
                                        "2015"
                                    ],
                                    "data_values": [
                                        "0",
                                        "0",
                                        "0",
                                        "0"
                                    ],
                                    "data_is_censored": [
                                        false,
                                        false,
                                        false,
                                        false
                                    ],
                                    "data_numeric_part": [
                                        0.0,
                                        0.0,
                                        0.0,
                                        0.0
                                    ],
                                    "preferred_visualization": "time_series"
                                }
                            ]
                        },
                        {
                            "indicatorCode": "15.1.2",
                            "facts": [
                                {
                                    "seriesCode": "ER_PTD_TERRS",
                                    "seriesTitle": "Average proportion of Terrestrial Key Biodiversity Areas (KBAs) covered by protected areas (%)",
                                    "hub": "c2c0216c53744dd7b5278e398328bc99",
                                    "slice_dimensions": {
                                        "Bounds": "MP"
                                    },
                                    "text_type": "7",
                                    "fact_text": "The average proportion of terrestrial key biodiversity areas (KBAs) covered by protected areas was <span class='fact-value'> 34.97889</span>  <span class='fact-unit'>%</span>  in <span class='fact-year'> 2018</span> .",
                                    "fact_values": [
                                        "34.97889"
                                    ],
                                    "fact_units": [
                                        "%"
                                    ],
                                    "fact_years": [
                                        "2018"
                                    ],
                                    "data_years": [
                                        "2000",
                                        "2001",
                                        "2002",
                                        "2003",
                                        "2004",
                                        "2005",
                                        "2013",
                                        "2014",
                                        "2015",
                                        "2016",
                                        "2017",
                                        "2018",
                                        "2012",
                                        "2006",
                                        "2007",
                                        "2008",
                                        "2009",
                                        "2010",
                                        "2011"
                                    ],
                                    "data_values": [
                                        "5.52045",
                                        "5.52045",
                                        "5.52045",
                                        "5.52045",
                                        "34.97889",
                                        "34.97889",
                                        "34.97889",
                                        "34.97889",
                                        "34.97889",
                                        "34.97889",
                                        "34.97889",
                                        "34.97889",
                                        "34.97889",
                                        "34.97889",
                                        "34.97889",
                                        "34.97889",
                                        "34.97889",
                                        "34.97889",
                                        "34.97889"
                                    ],
                                    "data_is_censored": [
                                        false,
                                        false,
                                        false,
                                        false,
                                        false,
                                        false,
                                        false,
                                        false,
                                        false,
                                        false,
                                        false,
                                        false,
                                        false,
                                        false,
                                        false,
                                        false,
                                        false,
                                        false,
                                        false
                                    ],
                                    "data_numeric_part": [
                                        5.5,
                                        5.5,
                                        5.5,
                                        5.5,
                                        35.0,
                                        35.0,
                                        35.0,
                                        35.0,
                                        35.0,
                                        35.0,
                                        35.0,
                                        35.0,
                                        35.0,
                                        35.0,
                                        35.0,
                                        35.0,
                                        35.0,
                                        35.0,
                                        35.0
                                    ],
                                    "preferred_visualization": "time_series"
                                }
                            ]
                        }
                    ]
                }
            ]
        },
        {
            "goalCode": "16",
            "targets": [
                {
                    "targetCode": "16.1",
                    "indicators": [
                        {
                            "indicatorCode": "16.1.1",
                            "facts": [
                                {
                                    "seriesCode": "VC_IHR_PSRC",
                                    "seriesTitle": "Number of victims of intentional homicide per 100,000 population, by sex (victims per 100,000 population)",
                                    "hub": "b65e89e905a744e5992889ddc27f8fc7",
                                    "slice_dimensions": {},
                                    "text_type": "11",
                                    "fact_text": "In <span class='fact-year'> 2010</span> , the intentional homicide rate was <span class='fact-value'> 3.01</span>  <span class='fact-unit'> per 100,000 population</span> . ",
                                    "fact_values": [
                                        "3.01"
                                    ],
                                    "fact_units": [
                                        " per 100,000 population"
                                    ],
                                    "fact_years": [
                                        "2010"
                                    ],
                                    "data_years": [
                                        "2010"
                                    ],
                                    "data_values": [
                                        "3.01"
                                    ],
                                    "data_is_censored": [
                                        false
                                    ],
                                    "data_numeric_part": [
                                        3.0
                                    ],
                                    "preferred_visualization": "singleton"
                                }
                            ]
                        }
                    ]
                }
            ]
        },
        {
            "goalCode": "17",
            "targets": [
                {
                    "targetCode": "17.6",
                    "indicators": [
                        {
                            "indicatorCode": "17.6.2",
                            "facts": [
                                {
                                    "seriesCode": "IT_NET_BBP",
                                    "seriesTitle": "Fixed Internet broadband subscriptions per 100\u00a0inhabitants, by speed (per 100 inhabitants)",
                                    "hub": "f59cf3f8a0ec41a2b601a28682e6f2c8",
                                    "slice_dimensions": {
                                        "Type of speed": "ANYS"
                                    },
                                    "text_type": "15",
                                    "fact_text": "In <span class='fact-year'> 2017</span> , fixed-broadband internet penetration reached <span class='fact-value'> 50.25</span>  <span class='fact-unit'>% of the population</span> , up from 28.0% of the population in <span class='fact-year'> 2009</span> .",
                                    "fact_values": [
                                        "28.21",
                                        "50.25"
                                    ],
                                    "fact_units": [
                                        "% of the population",
                                        "% of the population"
                                    ],
                                    "fact_years": [
                                        "2009",
                                        "2017"
                                    ],
                                    "data_years": [
                                        "2015",
                                        "2016",
                                        "2017",
                                        "2014",
                                        "2009",
                                        "2010",
                                        "2011",
                                        "2012"
                                    ],
                                    "data_values": [
                                        "45.51",
                                        "47.67",
                                        "50.25",
                                        "38.19",
                                        "28.21",
                                        "31.44",
                                        "33.78",
                                        "35.63"
                                    ],
                                    "data_is_censored": [
                                        false,
                                        false,
                                        false,
                                        false,
                                        false,
                                        false,
                                        false,
                                        false
                                    ],
                                    "data_numeric_part": [
                                        46.0,
                                        48.0,
                                        50.0,
                                        38.0,
                                        28.0,
                                        31.0,
                                        34.0,
                                        36.0
                                    ],
                                    "preferred_visualization": "time_series"
                                }
                            ]
                        }
                    ]
                }
            ]
        }
    ]
}