{
    "release": "2019.Q1.G.02",
    "country_code": "212",
    "country_name": "Dominica",
    "X": "-61.3493756",
    "Y": "15.43391378",
    "goals": [
        {
            "goalCode": "2",
            "targets": [
                {
                    "targetCode": "2.1",
                    "indicators": [
                        {
                            "indicatorCode": "2.1.1",
                            "facts": [
                                {
                                    "seriesCode": "SN_ITK_DEFC",
                                    "seriesTitle": "Prevalence of undernourishment (%)",
                                    "hub": "65925035bb984f66aa03480f6754c4fe",
                                    "slice_dimensions": {},
                                    "text_type": "7",
                                    "fact_text": "The proportion of the population suffering from hunger was <span class='fact-value'> 5.2</span>  <span class='fact-unit'>%</span>  in <span class='fact-year'> 2016</span> .",
                                    "fact_values": [
                                        "5.2"
                                    ],
                                    "fact_units": [
                                        "%"
                                    ],
                                    "fact_years": [
                                        "2016"
                                    ],
                                    "data_years": [
                                        "2011",
                                        "2010",
                                        "2016",
                                        "2013",
                                        "2014",
                                        "2015",
                                        "2012",
                                        "2001",
                                        "2000",
                                        "2003",
                                        "2002",
                                        "2008",
                                        "2007",
                                        "2009",
                                        "2004",
                                        "2006",
                                        "2005"
                                    ],
                                    "data_values": [
                                        "5.6",
                                        "5.2",
                                        "5.2",
                                        "6",
                                        "5.9",
                                        "5.6",
                                        "5.9",
                                        "4.4",
                                        "4.7",
                                        "5",
                                        "4.6",
                                        "4.9",
                                        "5.1",
                                        "4.9",
                                        "5.5",
                                        "5.6",
                                        "5.7"
                                    ],
                                    "data_is_censored": [
                                        false,
                                        false,
                                        false,
                                        false,
                                        false,
                                        false,
                                        false,
                                        false,
                                        false,
                                        false,
                                        false,
                                        false,
                                        false,
                                        false,
                                        false,
                                        false,
                                        false
                                    ],
                                    "data_numeric_part": [
                                        5.6,
                                        5.2,
                                        5.2,
                                        6.0,
                                        5.9,
                                        5.6,
                                        5.9,
                                        4.4,
                                        4.7,
                                        5.0,
                                        4.6,
                                        4.9,
                                        5.1,
                                        4.9,
                                        5.5,
                                        5.6,
                                        5.7
                                    ],
                                    "preferred_visualization": "time_series"
                                }
                            ]
                        }
                    ]
                }
            ]
        },
        {
            "goalCode": "3",
            "targets": [
                {
                    "targetCode": "3.2",
                    "indicators": [
                        {
                            "indicatorCode": "3.2.1",
                            "facts": [
                                {
                                    "seriesCode": "SH_DYN_MORT",
                                    "seriesTitle": "Under-five mortality rate, by sex (deaths per 1,000 live births)",
                                    "hub": "216c7516b9444f289e8f7910c8726e9f",
                                    "slice_dimensions": {
                                        "Age": "<5Y",
                                        "Sex": "BOTHSEX"
                                    },
                                    "text_type": "1",
                                    "fact_text": "The mortality rate of children under age 5 increased from <span class='fact-value'>15.4</span> <span class='fact-unit'> per 1,000 live births</span> in <span class='fact-year'>2000</span> to <span class='fact-value'>34 per 1,000 live births</span>  in  <span class='fact-year'>2017</span>.",
                                    "fact_values": [
                                        "15.4",
                                        "34"
                                    ],
                                    "fact_units": [
                                        " per 1,000 live births",
                                        " per 1,000 live births"
                                    ],
                                    "fact_years": [
                                        "2000",
                                        "2017"
                                    ],
                                    "data_years": [
                                        "2008",
                                        "2007",
                                        "2006",
                                        "2002",
                                        "2000",
                                        "2001",
                                        "2004",
                                        "2005",
                                        "2003",
                                        "2016",
                                        "2014",
                                        "2015",
                                        "2017",
                                        "2010",
                                        "2011",
                                        "2009",
                                        "2013",
                                        "2012"
                                    ],
                                    "data_values": [
                                        "18.3",
                                        "17.3",
                                        "16.5",
                                        "15.2",
                                        "15.4",
                                        "15.3",
                                        "15.6",
                                        "16",
                                        "15.3",
                                        "32.9",
                                        "28.9",
                                        "31.2",
                                        "34",
                                        "20.8",
                                        "22.5",
                                        "19.4",
                                        "26.6",
                                        "24.4"
                                    ],
                                    "data_is_censored": [
                                        false,
                                        false,
                                        false,
                                        false,
                                        false,
                                        false,
                                        false,
                                        false,
                                        false,
                                        false,
                                        false,
                                        false,
                                        false,
                                        false,
                                        false,
                                        false,
                                        false,
                                        false
                                    ],
                                    "data_numeric_part": [
                                        18.0,
                                        17.0,
                                        17.0,
                                        15.0,
                                        15.0,
                                        15.0,
                                        16.0,
                                        16.0,
                                        15.0,
                                        33.0,
                                        29.0,
                                        31.0,
                                        34.0,
                                        21.0,
                                        23.0,
                                        19.0,
                                        27.0,
                                        24.0
                                    ],
                                    "preferred_visualization": "time_series"
                                }
                            ]
                        }
                    ]
                }
            ]
        },
        {
            "goalCode": "4",
            "targets": [
                {
                    "targetCode": "4.2",
                    "indicators": [
                        {
                            "indicatorCode": "4.2.2",
                            "facts": [
                                {
                                    "seriesCode": "SE_PRE_PARTN",
                                    "seriesTitle": "Participation rate in organized learning (one year before the official primary entry age), by sex (%)",
                                    "hub": "3459681b792a4979a9d9731c75f7f80d",
                                    "slice_dimensions": {
                                        "Sex": "BOTHSEX"
                                    },
                                    "text_type": "2",
                                    "fact_text": "In <span class='fact-year'>2015</span>, <span class='fact-value'>70.76923</span> <span class='fact-unit'>% </span> of children participated in pre-primary or primary education in the year prior to the official entrance age for primary school",
                                    "fact_values": [
                                        "70.76923"
                                    ],
                                    "fact_units": [
                                        "% "
                                    ],
                                    "fact_years": [
                                        "2015"
                                    ],
                                    "data_years": [
                                        "2001",
                                        "2010",
                                        "2015"
                                    ],
                                    "data_values": [
                                        "96.16003",
                                        "88.1768",
                                        "70.76923"
                                    ],
                                    "data_is_censored": [
                                        false,
                                        false,
                                        false
                                    ],
                                    "data_numeric_part": [
                                        96.0,
                                        88.0,
                                        71.0
                                    ],
                                    "preferred_visualization": "singleton"
                                }
                            ]
                        }
                    ]
                },
                {
                    "targetCode": "4.5",
                    "indicators": [
                        {
                            "indicatorCode": "4.5.1",
                            "facts": [
                                {
                                    "seriesCode": "SE_GPI_REAACH",
                                    "seriesTitle": "Gender parity index for achievement in reading, by education level (ratio)",
                                    "hub": "7f75a26e77c7487e993799b22ad7ba88",
                                    "slice_dimensions": {
                                        "Education level": "PRIMAR"
                                    },
                                    "text_type": "4",
                                    "fact_text": "Gender parity index for achievement in reading at the end of primary education was <span class='fact-value'>0.79545</span>  in <span class='fact-year'> 2012</span> , meaning 79.545 girls per 100 boys achieved at least a minimum proficiency level in reading.",
                                    "fact_values": [
                                        "0.79545"
                                    ],
                                    "fact_units": [
                                        ""
                                    ],
                                    "fact_years": [
                                        "2012"
                                    ],
                                    "data_years": [
                                        "2012"
                                    ],
                                    "data_values": [
                                        "0.79545"
                                    ],
                                    "data_is_censored": [
                                        false
                                    ],
                                    "data_numeric_part": [
                                        0.8
                                    ],
                                    "preferred_visualization": "singleton"
                                }
                            ]
                        }
                    ]
                }
            ]
        },
        {
            "goalCode": "5",
            "targets": [
                {
                    "targetCode": "5.5",
                    "indicators": [
                        {
                            "indicatorCode": "5.5.1",
                            "facts": [
                                {
                                    "seriesCode": "SG_GEN_PARL",
                                    "seriesTitle": "Proportion of seats held by women in national parliaments (% of total number of seats)",
                                    "hub": "337524c727bd498c8726f9f6bc6512e1",
                                    "slice_dimensions": {
                                        "Sex": "FEMALE"
                                    },
                                    "text_type": "1",
                                    "fact_text": "The proportion of seats held by women in single or lower houses of parliament increased from <span class='fact-value'>18.75</span> <span class='fact-unit'>%</span> in <span class='fact-year'>2000</span> to <span class='fact-value'>25%</span>  in  <span class='fact-year'>2018</span>.",
                                    "fact_values": [
                                        "18.75",
                                        "25"
                                    ],
                                    "fact_units": [
                                        "%",
                                        "%"
                                    ],
                                    "fact_years": [
                                        "2000",
                                        "2018"
                                    ],
                                    "data_years": [
                                        "2018",
                                        "2016",
                                        "2013",
                                        "2015",
                                        "2017",
                                        "2014",
                                        "2004",
                                        "2003",
                                        "2006",
                                        "2005",
                                        "2001",
                                        "2000",
                                        "2002",
                                        "2010",
                                        "2012",
                                        "2011",
                                        "2007",
                                        "2009",
                                        "2008"
                                    ],
                                    "data_values": [
                                        "25",
                                        "21.875",
                                        "12.5",
                                        "21.875",
                                        "25",
                                        "12.9032",
                                        "18.75",
                                        "18.75",
                                        "12.9032",
                                        "19.3548",
                                        "18.75",
                                        "18.75",
                                        "18.75",
                                        "14.2857",
                                        "12.5",
                                        "12.5",
                                        "12.9032",
                                        "18.75",
                                        "16.129"
                                    ],
                                    "data_is_censored": [
                                        false,
                                        false,
                                        false,
                                        false,
                                        false,
                                        false,
                                        false,
                                        false,
                                        false,
                                        false,
                                        false,
                                        false,
                                        false,
                                        false,
                                        false,
                                        false,
                                        false,
                                        false,
                                        false
                                    ],
                                    "data_numeric_part": [
                                        25.0,
                                        22.0,
                                        13.0,
                                        22.0,
                                        25.0,
                                        13.0,
                                        19.0,
                                        19.0,
                                        13.0,
                                        19.0,
                                        19.0,
                                        19.0,
                                        19.0,
                                        14.0,
                                        13.0,
                                        13.0,
                                        13.0,
                                        19.0,
                                        16.0
                                    ],
                                    "preferred_visualization": "time_series"
                                }
                            ]
                        }
                    ]
                }
            ]
        },
        {
            "goalCode": "7",
            "targets": [
                {
                    "targetCode": "7.1",
                    "indicators": [
                        {
                            "indicatorCode": "7.1.1",
                            "facts": [
                                {
                                    "seriesCode": "EG_ELC_ACCS",
                                    "seriesTitle": "Proportion of population with access to electricity, by urban/rural (%)",
                                    "hub": "81cf3e70351c4895828a2486efa2142c",
                                    "slice_dimensions": {
                                        "Location": "ALLAREA"
                                    },
                                    "text_type": "1",
                                    "fact_text": "The proportion of the population with access to electricity increased from <span class='fact-value'>80.83</span> <span class='fact-unit'>%</span> in <span class='fact-year'>2000</span> to <span class='fact-value'>100.00%</span>  in  <span class='fact-year'>2016</span>.",
                                    "fact_values": [
                                        "80.83",
                                        "100.00"
                                    ],
                                    "fact_units": [
                                        "%",
                                        "%"
                                    ],
                                    "fact_years": [
                                        "2000",
                                        "2016"
                                    ],
                                    "data_years": [
                                        "2006",
                                        "2005",
                                        "2000",
                                        "2002",
                                        "2001",
                                        "2003",
                                        "2004",
                                        "2012",
                                        "2015",
                                        "2013",
                                        "2014",
                                        "2016",
                                        "2008",
                                        "2009",
                                        "2007",
                                        "2011",
                                        "2010"
                                    ],
                                    "data_values": [
                                        "89.10",
                                        "87.71",
                                        "80.83",
                                        "87.70",
                                        "82.21",
                                        "84.96",
                                        "86.33",
                                        "97.82",
                                        "99.90",
                                        "98.86",
                                        "99.58",
                                        "100.00",
                                        "90.90",
                                        "93.38",
                                        "90.50",
                                        "96.33",
                                        "94.85"
                                    ],
                                    "data_is_censored": [
                                        false,
                                        false,
                                        false,
                                        false,
                                        false,
                                        false,
                                        false,
                                        false,
                                        false,
                                        false,
                                        false,
                                        false,
                                        false,
                                        false,
                                        false,
                                        false,
                                        false
                                    ],
                                    "data_numeric_part": [
                                        89.0,
                                        88.0,
                                        81.0,
                                        88.0,
                                        82.0,
                                        85.0,
                                        86.0,
                                        98.0,
                                        100.0,
                                        99.0,
                                        100.0,
                                        100.0,
                                        91.0,
                                        93.0,
                                        91.0,
                                        96.0,
                                        95.0
                                    ],
                                    "preferred_visualization": "time_series"
                                }
                            ]
                        },
                        {
                            "indicatorCode": "7.1.2",
                            "facts": [
                                {
                                    "seriesCode": "EG_EGY_CLEAN",
                                    "seriesTitle": "Proportion of population with primary reliance on clean fuels and technology (%)",
                                    "hub": "b087399f0b874ab9948714edcd49cbdd",
                                    "slice_dimensions": {},
                                    "text_type": "8",
                                    "fact_text": "In <span class='fact-year'> 2017</span> , <span class='fact-value'> 91</span>  <span class='fact-unit'>% </span> of the population relied primarily on clean fuels and technology.",
                                    "fact_values": [
                                        "91"
                                    ],
                                    "fact_units": [
                                        "% "
                                    ],
                                    "fact_years": [
                                        "2017"
                                    ],
                                    "data_years": [
                                        "2017",
                                        "2016",
                                        "2015",
                                        "2010",
                                        "2005",
                                        "2000"
                                    ],
                                    "data_values": [
                                        "91",
                                        "91",
                                        "91",
                                        "87",
                                        "83",
                                        "78"
                                    ],
                                    "data_is_censored": [
                                        false,
                                        false,
                                        false,
                                        false,
                                        false,
                                        false
                                    ],
                                    "data_numeric_part": [
                                        91.0,
                                        91.0,
                                        91.0,
                                        87.0,
                                        83.0,
                                        78.0
                                    ],
                                    "preferred_visualization": "time_series"
                                }
                            ]
                        }
                    ]
                }
            ]
        },
        {
            "goalCode": "8",
            "targets": [
                {
                    "targetCode": "8.4",
                    "indicators": [
                        {
                            "indicatorCode": "8.4.2",
                            "facts": [
                                {
                                    "seriesCode": "EN_MAT_DOMCMPC",
                                    "seriesTitle": "Domestic material consumption per capita, by type of raw material (tonnes)",
                                    "hub": "995242b2ec9f4a21975ef7d47b5657bb",
                                    "slice_dimensions": {
                                        "Type of product": "RAW"
                                    },
                                    "text_type": "1",
                                    "fact_text": "Domestic material consumption decreased from <span class='fact-value'>4.17959</span> <span class='fact-unit'> metric tons per capita</span> in <span class='fact-year'>2000</span> to <span class='fact-value'>3.99507 metric tons per capita</span>  in  <span class='fact-year'>2017</span>.",
                                    "fact_values": [
                                        "4.17959",
                                        "3.99507"
                                    ],
                                    "fact_units": [
                                        " metric tons per capita",
                                        " metric tons per capita"
                                    ],
                                    "fact_years": [
                                        "2000",
                                        "2017"
                                    ],
                                    "data_years": [
                                        "2015",
                                        "2014",
                                        "2013",
                                        "2017",
                                        "2016",
                                        "2008",
                                        "2009",
                                        "2007",
                                        "2012",
                                        "2011",
                                        "2010",
                                        "2006",
                                        "2002",
                                        "2001",
                                        "2000",
                                        "2003",
                                        "2005",
                                        "2004"
                                    ],
                                    "data_values": [
                                        "4.20101",
                                        "4.28501",
                                        "4.37259",
                                        "3.99507",
                                        "4.10834",
                                        "3.63627",
                                        "4.19324",
                                        "3.84614",
                                        "4.52132",
                                        "4.40574",
                                        "3.63523",
                                        "3.56968",
                                        "3.60959",
                                        "3.91435",
                                        "4.17959",
                                        "3.64743",
                                        "3.52723",
                                        "3.65075"
                                    ],
                                    "data_is_censored": [
                                        false,
                                        false,
                                        false,
                                        false,
                                        false,
                                        false,
                                        false,
                                        false,
                                        false,
                                        false,
                                        false,
                                        false,
                                        false,
                                        false,
                                        false,
                                        false,
                                        false,
                                        false
                                    ],
                                    "data_numeric_part": [
                                        4.2,
                                        4.3,
                                        4.4,
                                        4.0,
                                        4.1,
                                        3.6,
                                        4.2,
                                        3.8,
                                        4.5,
                                        4.4,
                                        3.6,
                                        3.6,
                                        3.6,
                                        3.9,
                                        4.2,
                                        3.6,
                                        3.5,
                                        3.7
                                    ],
                                    "preferred_visualization": "time_series"
                                }
                            ]
                        }
                    ]
                },
                {
                    "targetCode": "8.5",
                    "indicators": [
                        {
                            "indicatorCode": "8.5.2",
                            "facts": [
                                {
                                    "seriesCode": "SL_TLF_UEM",
                                    "seriesTitle": "Unemployment rate, by sex and age (%)",
                                    "hub": "72c32323563d4a0b9432c9edcb85267a",
                                    "slice_dimensions": {
                                        "Age": "15+",
                                        "Sex": "BOTHSEX"
                                    },
                                    "text_type": "1",
                                    "fact_text": "The total unemployment rate was <span class='fact-value'>11.0</span> <span class='fact-unit'>%</span> in <span class='fact-year'>2001</span>.",
                                    "fact_values": [
                                        "11.0"
                                    ],
                                    "fact_units": [
                                        "%"
                                    ],
                                    "fact_years": [
                                        "2001"
                                    ],
                                    "data_years": [
                                        "2001"
                                    ],
                                    "data_values": [
                                        "11.0"
                                    ],
                                    "data_is_censored": [
                                        false
                                    ],
                                    "data_numeric_part": [
                                        11.0
                                    ],
                                    "preferred_visualization": "singleton"
                                }
                            ]
                        }
                    ]
                },
                {
                    "targetCode": "8.1",
                    "indicators": [
                        {
                            "indicatorCode": "8.1.1",
                            "facts": [
                                {
                                    "seriesCode": "NY_GDP_PCAP",
                                    "seriesTitle": "Annual growth rate of real GDP per capita (%)",
                                    "hub": "3cb997d2497148e68dca6787fcb84ca5",
                                    "slice_dimensions": {},
                                    "text_type": "1",
                                    "fact_text": "The annual growth rate of real gross domestic product (GDP) per capita was <span class='fact-value'>-10.00</span> <span class='fact-unit'>%</span> in <span class='fact-year'>2017</span>.",
                                    "fact_values": [
                                        "-10.00"
                                    ],
                                    "fact_units": [
                                        "%"
                                    ],
                                    "fact_years": [
                                        "2017"
                                    ],
                                    "data_years": [
                                        "2000",
                                        "2006",
                                        "2007",
                                        "2008",
                                        "2009",
                                        "2005",
                                        "2001",
                                        "2002",
                                        "2003",
                                        "2004",
                                        "2016",
                                        "2015",
                                        "2017",
                                        "2010",
                                        "2011",
                                        "2012",
                                        "2013",
                                        "2014"
                                    ],
                                    "data_values": [
                                        "0.96",
                                        "4.30",
                                        "5.74",
                                        "7.63",
                                        "-1.34",
                                        "-0.67",
                                        "0.35",
                                        "-2.25",
                                        "7.25",
                                        "2.22",
                                        "1.99",
                                        "-3.06",
                                        "-10.00",
                                        "0.88",
                                        "-0.21",
                                        "-1.52",
                                        "-1.10",
                                        "3.85"
                                    ],
                                    "data_is_censored": [
                                        false,
                                        false,
                                        false,
                                        false,
                                        false,
                                        false,
                                        false,
                                        false,
                                        false,
                                        false,
                                        false,
                                        false,
                                        false,
                                        false,
                                        false,
                                        false,
                                        false,
                                        false
                                    ],
                                    "data_numeric_part": [
                                        0.96,
                                        4.3,
                                        5.7,
                                        7.6,
                                        -1.34,
                                        -0.67,
                                        0.35,
                                        -2.25,
                                        7.3,
                                        2.2,
                                        2.0,
                                        -3.06,
                                        -10.0,
                                        0.88,
                                        -0.21,
                                        -1.52,
                                        -1.1,
                                        3.9
                                    ],
                                    "preferred_visualization": "time_series"
                                }
                            ]
                        }
                    ]
                }
            ]
        },
        {
            "goalCode": "9",
            "targets": [
                {
                    "targetCode": "9.c",
                    "indicators": [
                        {
                            "indicatorCode": "9.c.1",
                            "facts": [
                                {
                                    "seriesCode": "IT_MOB_NTWK",
                                    "seriesTitle": "Proportion of population covered by a mobile network, by technology (%)",
                                    "hub": "8943ce6f81b44120b6124fedb3b094d8",
                                    "slice_dimensions": {
                                        "Type of mobile technology": "AL2G"
                                    },
                                    "text_type": "2",
                                    "fact_text": "In <span class='fact-year'>2017</span>, <span class='fact-value'>93.00</span> <span class='fact-unit'>% </span> of the population was in range of at least a second-generation (2G) cellular signal",
                                    "fact_values": [
                                        "93.00"
                                    ],
                                    "fact_units": [
                                        "% "
                                    ],
                                    "fact_years": [
                                        "2017"
                                    ],
                                    "data_years": [
                                        "2015",
                                        "2010",
                                        "2016",
                                        "2017"
                                    ],
                                    "data_values": [
                                        "94.00",
                                        "90.00",
                                        "95.00",
                                        "93.00"
                                    ],
                                    "data_is_censored": [
                                        false,
                                        false,
                                        false,
                                        false
                                    ],
                                    "data_numeric_part": [
                                        94.0,
                                        90.0,
                                        95.0,
                                        93.0
                                    ],
                                    "preferred_visualization": "time_series"
                                }
                            ]
                        }
                    ]
                }
            ]
        },
        {
            "goalCode": "11",
            "targets": [
                {
                    "targetCode": "11.6",
                    "indicators": [
                        {
                            "indicatorCode": "11.6.2",
                            "facts": [
                                {
                                    "seriesCode": "EN_ATM_PM25",
                                    "seriesTitle": "Annual mean levels of fine particulate matter in cities, urban population (micrograms per cubic meter)",
                                    "hub": "5b43bb59961a46daa3b8af9384f60103",
                                    "slice_dimensions": {
                                        "Location": "ALLAREA"
                                    },
                                    "text_type": "10",
                                    "fact_text": "In <span class='fact-year'> 2016</span> , the annual population-weighted average mean concentration of fine suspended particles of less than 2.5 microns in diameters (PM2.5) was about <span class='fact-value'> 18.1675739288330</span>  <span class='fact-unit'> micrograms per cubic metre</span> .  This is above the maximum level for safety set by WHO of 10 micrograms per cubic metre.",
                                    "fact_values": [
                                        "18.1675739288330"
                                    ],
                                    "fact_units": [
                                        " micrograms per cubic metre"
                                    ],
                                    "fact_years": [
                                        "2016"
                                    ],
                                    "data_years": [
                                        "2016"
                                    ],
                                    "data_values": [
                                        "18.1675739288330"
                                    ],
                                    "data_is_censored": [
                                        false
                                    ],
                                    "data_numeric_part": [
                                        18.0
                                    ],
                                    "preferred_visualization": "threshold"
                                }
                            ]
                        }
                    ]
                }
            ]
        },
        {
            "goalCode": "12",
            "targets": [
                {
                    "targetCode": "12.2",
                    "indicators": [
                        {
                            "indicatorCode": "12.2.2",
                            "facts": [
                                {
                                    "seriesCode": "EN_MAT_DOMCMPC",
                                    "seriesTitle": "Domestic material consumption per capita, by type of raw material (tonnes)",
                                    "hub": "995242b2ec9f4a21975ef7d47b5657bb",
                                    "slice_dimensions": {
                                        "Type of product": "RAW"
                                    },
                                    "text_type": "1",
                                    "fact_text": "Domestic material consumption decreased from <span class='fact-value'>4.17959</span> <span class='fact-unit'> metric tons per capita</span> in <span class='fact-year'>2000</span> to <span class='fact-value'>3.99507 metric tons per capita</span>  in  <span class='fact-year'>2017</span>.",
                                    "fact_values": [
                                        "4.17959",
                                        "3.99507"
                                    ],
                                    "fact_units": [
                                        " metric tons per capita",
                                        " metric tons per capita"
                                    ],
                                    "fact_years": [
                                        "2000",
                                        "2017"
                                    ],
                                    "data_years": [
                                        "2015",
                                        "2014",
                                        "2013",
                                        "2017",
                                        "2016",
                                        "2008",
                                        "2009",
                                        "2007",
                                        "2012",
                                        "2011",
                                        "2010",
                                        "2006",
                                        "2002",
                                        "2001",
                                        "2000",
                                        "2003",
                                        "2005",
                                        "2004"
                                    ],
                                    "data_values": [
                                        "4.20101",
                                        "4.28501",
                                        "4.37259",
                                        "3.99507",
                                        "4.10834",
                                        "3.63627",
                                        "4.19324",
                                        "3.84614",
                                        "4.52132",
                                        "4.40574",
                                        "3.63523",
                                        "3.56968",
                                        "3.60959",
                                        "3.91435",
                                        "4.17959",
                                        "3.64743",
                                        "3.52723",
                                        "3.65075"
                                    ],
                                    "data_is_censored": [
                                        false,
                                        false,
                                        false,
                                        false,
                                        false,
                                        false,
                                        false,
                                        false,
                                        false,
                                        false,
                                        false,
                                        false,
                                        false,
                                        false,
                                        false,
                                        false,
                                        false,
                                        false
                                    ],
                                    "data_numeric_part": [
                                        4.2,
                                        4.3,
                                        4.4,
                                        4.0,
                                        4.1,
                                        3.6,
                                        4.2,
                                        3.8,
                                        4.5,
                                        4.4,
                                        3.6,
                                        3.6,
                                        3.6,
                                        3.9,
                                        4.2,
                                        3.6,
                                        3.5,
                                        3.7
                                    ],
                                    "preferred_visualization": "time_series"
                                }
                            ]
                        }
                    ]
                }
            ]
        },
        {
            "goalCode": "14",
            "targets": [
                {
                    "targetCode": "14.5",
                    "indicators": [
                        {
                            "indicatorCode": "14.5.1",
                            "facts": [
                                {
                                    "seriesCode": "ER_MRN_MARIN",
                                    "seriesTitle": "Coverage of protected areas in relation to marine areas (Exclusive Economic Zones) (%)",
                                    "hub": "2a0cad7f76284e8c978bfcb0fa15cd76",
                                    "slice_dimensions": {},
                                    "text_type": "8",
                                    "fact_text": "In <span class='fact-year'> 2018</span> , <span class='fact-value'> 0.01372</span>  <span class='fact-unit'>% </span> of the marine environment under national jurisdiction (up to 200 nautical miles from shore) was under protection.",
                                    "fact_values": [
                                        "0.01372"
                                    ],
                                    "fact_units": [
                                        "% "
                                    ],
                                    "fact_years": [
                                        "2018"
                                    ],
                                    "data_years": [
                                        "2018"
                                    ],
                                    "data_values": [
                                        "0.01372"
                                    ],
                                    "data_is_censored": [
                                        false
                                    ],
                                    "data_numeric_part": [
                                        0.01
                                    ],
                                    "preferred_visualization": "singleton"
                                }
                            ]
                        }
                    ]
                }
            ]
        },
        {
            "goalCode": "15",
            "targets": [
                {
                    "targetCode": "15.1",
                    "indicators": [
                        {
                            "indicatorCode": "15.1.1",
                            "facts": [
                                {
                                    "seriesCode": "AG_LND_FRST",
                                    "seriesTitle": "Forest area as a proportion of total land area (%)",
                                    "hub": "e23061ce674142b5b33c46ea5e031658",
                                    "slice_dimensions": {},
                                    "text_type": "1",
                                    "fact_text": "Land area covered by forest declined from <span class='fact-value'>63.10667</span> <span class='fact-unit'>%</span> in <span class='fact-year'>2000</span> to <span class='fact-value'>57.77333%</span>  in  <span class='fact-year'>2015</span>.",
                                    "fact_values": [
                                        "63.10667",
                                        "57.77333"
                                    ],
                                    "fact_units": [
                                        "%",
                                        "%"
                                    ],
                                    "fact_years": [
                                        "2000",
                                        "2015"
                                    ],
                                    "data_years": [
                                        "2000",
                                        "2005",
                                        "2010",
                                        "2015"
                                    ],
                                    "data_values": [
                                        "63.10667",
                                        "61.32",
                                        "59.54667",
                                        "57.77333"
                                    ],
                                    "data_is_censored": [
                                        false,
                                        false,
                                        false,
                                        false
                                    ],
                                    "data_numeric_part": [
                                        63.0,
                                        61.0,
                                        60.0,
                                        58.0
                                    ],
                                    "preferred_visualization": "time_series"
                                }
                            ]
                        },
                        {
                            "indicatorCode": "15.1.2",
                            "facts": [
                                {
                                    "seriesCode": "ER_PTD_FRWRT",
                                    "seriesTitle": "Average proportion of Freshwater Key Biodiversity Areas (KBAs) covered by protected areas (%)",
                                    "hub": "5c12290ecd1c4a49bc3734721d941d10",
                                    "slice_dimensions": {
                                        "Bounds": "MP"
                                    },
                                    "text_type": "7",
                                    "fact_text": "The average proportion of freshwater key biodiversity areas (KBAs) covered by protected areas was <span class='fact-value'> 0.09915</span>  <span class='fact-unit'>%</span>  in <span class='fact-year'> 2018</span> .",
                                    "fact_values": [
                                        "0.09915"
                                    ],
                                    "fact_units": [
                                        "%"
                                    ],
                                    "fact_years": [
                                        "2018"
                                    ],
                                    "data_years": [
                                        "2000",
                                        "2001",
                                        "2002",
                                        "2007",
                                        "2008",
                                        "2009",
                                        "2010",
                                        "2006",
                                        "2003",
                                        "2004",
                                        "2005",
                                        "2011",
                                        "2017",
                                        "2018",
                                        "2016",
                                        "2012",
                                        "2013",
                                        "2014",
                                        "2015"
                                    ],
                                    "data_values": [
                                        "0.09915",
                                        "0.09915",
                                        "0.09915",
                                        "0.09915",
                                        "0.09915",
                                        "0.09915",
                                        "0.09915",
                                        "0.09915",
                                        "0.09915",
                                        "0.09915",
                                        "0.09915",
                                        "0.09915",
                                        "0.09915",
                                        "0.09915",
                                        "0.09915",
                                        "0.09915",
                                        "0.09915",
                                        "0.09915",
                                        "0.09915"
                                    ],
                                    "data_is_censored": [
                                        false,
                                        false,
                                        false,
                                        false,
                                        false,
                                        false,
                                        false,
                                        false,
                                        false,
                                        false,
                                        false,
                                        false,
                                        false,
                                        false,
                                        false,
                                        false,
                                        false,
                                        false,
                                        false
                                    ],
                                    "data_numeric_part": [
                                        0.1,
                                        0.1,
                                        0.1,
                                        0.1,
                                        0.1,
                                        0.1,
                                        0.1,
                                        0.1,
                                        0.1,
                                        0.1,
                                        0.1,
                                        0.1,
                                        0.1,
                                        0.1,
                                        0.1,
                                        0.1,
                                        0.1,
                                        0.1,
                                        0.1
                                    ],
                                    "preferred_visualization": "time_series"
                                },
                                {
                                    "seriesCode": "ER_PTD_TERRS",
                                    "seriesTitle": "Average proportion of Terrestrial Key Biodiversity Areas (KBAs) covered by protected areas (%)",
                                    "hub": "c2c0216c53744dd7b5278e398328bc99",
                                    "slice_dimensions": {
                                        "Bounds": "MP"
                                    },
                                    "text_type": "7",
                                    "fact_text": "The average proportion of terrestrial key biodiversity areas (KBAs) covered by protected areas was <span class='fact-value'> 29.52234</span>  <span class='fact-unit'>%</span>  in <span class='fact-year'> 2018</span> .",
                                    "fact_values": [
                                        "29.52234"
                                    ],
                                    "fact_units": [
                                        "%"
                                    ],
                                    "fact_years": [
                                        "2018"
                                    ],
                                    "data_years": [
                                        "2015",
                                        "2013",
                                        "2014",
                                        "2016",
                                        "2018",
                                        "2017",
                                        "2008",
                                        "2007",
                                        "2006",
                                        "2012",
                                        "2011",
                                        "2010",
                                        "2009",
                                        "2005",
                                        "2001",
                                        "2000",
                                        "2004",
                                        "2003",
                                        "2002"
                                    ],
                                    "data_values": [
                                        "29.52234",
                                        "29.52234",
                                        "29.52234",
                                        "29.52234",
                                        "29.52234",
                                        "29.52234",
                                        "29.52234",
                                        "29.52234",
                                        "29.52234",
                                        "29.52234",
                                        "29.52234",
                                        "29.52234",
                                        "29.52234",
                                        "29.52234",
                                        "29.52234",
                                        "29.52234",
                                        "29.52234",
                                        "29.52234",
                                        "29.52234"
                                    ],
                                    "data_is_censored": [
                                        false,
                                        false,
                                        false,
                                        false,
                                        false,
                                        false,
                                        false,
                                        false,
                                        false,
                                        false,
                                        false,
                                        false,
                                        false,
                                        false,
                                        false,
                                        false,
                                        false,
                                        false,
                                        false
                                    ],
                                    "data_numeric_part": [
                                        30.0,
                                        30.0,
                                        30.0,
                                        30.0,
                                        30.0,
                                        30.0,
                                        30.0,
                                        30.0,
                                        30.0,
                                        30.0,
                                        30.0,
                                        30.0,
                                        30.0,
                                        30.0,
                                        30.0,
                                        30.0,
                                        30.0,
                                        30.0,
                                        30.0
                                    ],
                                    "preferred_visualization": "time_series"
                                }
                            ]
                        }
                    ]
                }
            ]
        },
        {
            "goalCode": "16",
            "targets": [
                {
                    "targetCode": "16.1",
                    "indicators": [
                        {
                            "indicatorCode": "16.1.1",
                            "facts": [
                                {
                                    "seriesCode": "VC_IHR_PSRC",
                                    "seriesTitle": "Number of victims of intentional homicide per 100,000 population, by sex (victims per 100,000 population)",
                                    "hub": "b65e89e905a744e5992889ddc27f8fc7",
                                    "slice_dimensions": {},
                                    "text_type": "11",
                                    "fact_text": "In <span class='fact-year'> 2011</span> , the intentional homicide rate was <span class='fact-value'> 8.37</span>  <span class='fact-unit'> per 100,000 population</span> . ",
                                    "fact_values": [
                                        "8.37"
                                    ],
                                    "fact_units": [
                                        " per 100,000 population"
                                    ],
                                    "fact_years": [
                                        "2011"
                                    ],
                                    "data_years": [
                                        "2010",
                                        "2011"
                                    ],
                                    "data_values": [
                                        "21.00",
                                        "8.37"
                                    ],
                                    "data_is_censored": [
                                        false,
                                        false
                                    ],
                                    "data_numeric_part": [
                                        21.0,
                                        8.4
                                    ],
                                    "preferred_visualization": "singleton"
                                }
                            ]
                        }
                    ]
                }
            ]
        },
        {
            "goalCode": "17",
            "targets": [
                {
                    "targetCode": "17.3",
                    "indicators": [
                        {
                            "indicatorCode": "17.3.2",
                            "facts": [
                                {
                                    "seriesCode": "BX_TRF_PWKR",
                                    "seriesTitle": "Volume of remittances (in United States dollars) as a proportion of total GDP (%)",
                                    "hub": "68e9ec78abe543889762bbdd36cd3d31",
                                    "slice_dimensions": {},
                                    "text_type": "9",
                                    "fact_text": "In <span class='fact-year'> 2016</span> , the inflow of personal remittances was <span class='fact-value'> 9.77</span>  <span class='fact-unit'>% of GDP</span> , up from <span class='fact-value'> 8.37</span>  <span class='fact-unit'>%</span>  in <span class='fact-year'> 1990</span> ",
                                    "fact_values": [
                                        "8.37% of GDP",
                                        "9.77% of GDP"
                                    ],
                                    "fact_units": [
                                        " per 100,000 population"
                                    ],
                                    "fact_years": [
                                        "1990",
                                        "2016"
                                    ],
                                    "data_years": [
                                        "2013",
                                        "2008",
                                        "2007",
                                        "2012",
                                        "2016",
                                        "2010",
                                        "2011",
                                        "2014",
                                        "2015",
                                        "2009",
                                        "1991",
                                        "1992",
                                        "1990",
                                        "1995",
                                        "1993",
                                        "1994",
                                        "2004",
                                        "2002",
                                        "2003",
                                        "2006",
                                        "2005",
                                        "1998",
                                        "1996",
                                        "1997",
                                        "2001",
                                        "1999",
                                        "2000"
                                    ],
                                    "data_values": [
                                        "4.69",
                                        "4.95",
                                        "5.34",
                                        "4.78",
                                        "9.77",
                                        "4.64",
                                        "4.56",
                                        "9.64",
                                        "10.45",
                                        "4.53",
                                        "2.75",
                                        "2.70",
                                        "8.37",
                                        "4.84",
                                        "6.85",
                                        "6.17",
                                        "5.34",
                                        "4.28",
                                        "4.23",
                                        "5.65",
                                        "5.88",
                                        "4.67",
                                        "4.70",
                                        "4.65",
                                        "4.18",
                                        "4.85",
                                        "4.03"
                                    ],
                                    "data_is_censored": [
                                        false,
                                        false,
                                        false,
                                        false,
                                        false,
                                        false,
                                        false,
                                        false,
                                        false,
                                        false,
                                        false,
                                        false,
                                        false,
                                        false,
                                        false,
                                        false,
                                        false,
                                        false,
                                        false,
                                        false,
                                        false,
                                        false,
                                        false,
                                        false,
                                        false,
                                        false,
                                        false
                                    ],
                                    "data_numeric_part": [
                                        4.7,
                                        5.0,
                                        5.3,
                                        4.8,
                                        9.8,
                                        4.6,
                                        4.6,
                                        9.6,
                                        10.0,
                                        4.5,
                                        2.8,
                                        2.7,
                                        8.4,
                                        4.8,
                                        6.9,
                                        6.2,
                                        5.3,
                                        4.3,
                                        4.2,
                                        5.7,
                                        5.9,
                                        4.7,
                                        4.7,
                                        4.7,
                                        4.2,
                                        4.9,
                                        4.0
                                    ],
                                    "preferred_visualization": "time_series"
                                }
                            ]
                        }
                    ]
                },
                {
                    "targetCode": "17.4",
                    "indicators": [
                        {
                            "indicatorCode": "17.4.1",
                            "facts": [
                                {
                                    "seriesCode": "DT_TDS_DECT",
                                    "seriesTitle": "Debt service as a proportion of exports of goods and services (%)",
                                    "hub": "f16a0c0c54504a84bd7296f42375d73e",
                                    "slice_dimensions": {},
                                    "text_type": "1",
                                    "fact_text": "Debt service as a proportion of exports of goods and services increased from <span class='fact-value'>6.47</span> <span class='fact-unit'>%</span> in <span class='fact-year'>1990</span> to <span class='fact-value'>9.11%</span>  in  <span class='fact-year'>2016</span>.",
                                    "fact_values": [
                                        "6.47",
                                        "9.11"
                                    ],
                                    "fact_units": [
                                        "%",
                                        "%"
                                    ],
                                    "fact_years": [
                                        "1990",
                                        "2016"
                                    ],
                                    "data_years": [
                                        "2016",
                                        "1993",
                                        "1994",
                                        "2003",
                                        "2014",
                                        "2015",
                                        "1991",
                                        "2001",
                                        "1990",
                                        "2002",
                                        "1992",
                                        "2008",
                                        "2009",
                                        "1997",
                                        "2006",
                                        "1999",
                                        "1998",
                                        "2007",
                                        "2005",
                                        "1995",
                                        "2012",
                                        "2000",
                                        "2013",
                                        "2010",
                                        "2011",
                                        "1996",
                                        "2004"
                                    ],
                                    "data_values": [
                                        "9.11",
                                        "7.39",
                                        "7.32",
                                        "12.03",
                                        "9.13",
                                        "8.29",
                                        "6.25",
                                        "13.45",
                                        "6.47",
                                        "9.71",
                                        "5.88",
                                        "11.22",
                                        "13.81",
                                        "7.13",
                                        "12.71",
                                        "6.26",
                                        "6.51",
                                        "12.28",
                                        "11.81",
                                        "5.99",
                                        "12.56",
                                        "6.67",
                                        "11.28",
                                        "9.11",
                                        "9.04",
                                        "4.90",
                                        "11.94"
                                    ],
                                    "data_is_censored": [
                                        false,
                                        false,
                                        false,
                                        false,
                                        false,
                                        false,
                                        false,
                                        false,
                                        false,
                                        false,
                                        false,
                                        false,
                                        false,
                                        false,
                                        false,
                                        false,
                                        false,
                                        false,
                                        false,
                                        false,
                                        false,
                                        false,
                                        false,
                                        false,
                                        false,
                                        false,
                                        false
                                    ],
                                    "data_numeric_part": [
                                        9.1,
                                        7.4,
                                        7.3,
                                        12.0,
                                        9.1,
                                        8.3,
                                        6.3,
                                        13.0,
                                        6.5,
                                        9.7,
                                        5.9,
                                        11.0,
                                        14.0,
                                        7.1,
                                        13.0,
                                        6.3,
                                        6.5,
                                        12.0,
                                        12.0,
                                        6.0,
                                        13.0,
                                        6.7,
                                        11.0,
                                        9.1,
                                        9.0,
                                        4.9,
                                        12.0
                                    ],
                                    "preferred_visualization": "time_series"
                                }
                            ]
                        }
                    ]
                },
                {
                    "targetCode": "17.6",
                    "indicators": [
                        {
                            "indicatorCode": "17.6.2",
                            "facts": [
                                {
                                    "seriesCode": "IT_NET_BBP",
                                    "seriesTitle": "Fixed Internet broadband subscriptions per 100\u00a0inhabitants, by speed (per 100 inhabitants)",
                                    "hub": "f59cf3f8a0ec41a2b601a28682e6f2c8",
                                    "slice_dimensions": {
                                        "Type of speed": "ANYS"
                                    },
                                    "text_type": "15",
                                    "fact_text": "In <span class='fact-year'> 2017</span> , fixed-broadband internet penetration reached <span class='fact-value'> 20.86</span>  <span class='fact-unit'>% of the population</span> , up from 0.11% of the population in <span class='fact-year'> 2000</span> .",
                                    "fact_values": [
                                        "0.11",
                                        "20.86"
                                    ],
                                    "fact_units": [
                                        "% of the population",
                                        "% of the population"
                                    ],
                                    "fact_years": [
                                        "2000",
                                        "2017"
                                    ],
                                    "data_years": [
                                        "2003",
                                        "2004",
                                        "2002",
                                        "2005",
                                        "2006",
                                        "2007",
                                        "2008",
                                        "2000",
                                        "2001",
                                        "2009",
                                        "2017",
                                        "2016",
                                        "2010",
                                        "2011",
                                        "2012",
                                        "2013",
                                        "2014",
                                        "2015"
                                    ],
                                    "data_values": [
                                        "3.78",
                                        "4.62",
                                        "3.21",
                                        "4.81",
                                        "6.07",
                                        "7.05",
                                        "9.85",
                                        "0.11",
                                        "0.25",
                                        "10.25",
                                        "20.86",
                                        "21.06",
                                        "11.63",
                                        "11.58",
                                        "11.80",
                                        "14.73",
                                        "14.82",
                                        "20.72"
                                    ],
                                    "data_is_censored": [
                                        false,
                                        false,
                                        false,
                                        false,
                                        false,
                                        false,
                                        false,
                                        false,
                                        false,
                                        false,
                                        false,
                                        false,
                                        false,
                                        false,
                                        false,
                                        false,
                                        false,
                                        false
                                    ],
                                    "data_numeric_part": [
                                        3.8,
                                        4.6,
                                        3.2,
                                        4.8,
                                        6.1,
                                        7.1,
                                        9.9,
                                        0.11,
                                        0.25,
                                        10.0,
                                        21.0,
                                        21.0,
                                        12.0,
                                        12.0,
                                        12.0,
                                        15.0,
                                        15.0,
                                        21.0
                                    ],
                                    "preferred_visualization": "time_series"
                                }
                            ]
                        }
                    ]
                }
            ]
        }
    ]
}