{
    "release": "2019.Q1.G.02",
    "country_code": "660",
    "country_name": "Anguilla",
    "X": "-63.05651612",
    "Y": "18.21525315",
    "goals": [
        {
            "goalCode": "1",
            "targets": [
                {
                    "targetCode": "1.5",
                    "indicators": [
                        {
                            "indicatorCode": "1.5.3",
                            "facts": [
                                {
                                    "seriesCode": "SG_DSR_LEGREG",
                                    "seriesTitle": "Countries with legislative and/or regulatory provisions been made for managing disaster risk (1 = YES; 0 = NO)",
                                    "hub": "d675ccc2f7054d82b371e64fb2cbface",
                                    "slice_dimensions": {},
                                    "text_type": "12",
                                    "fact_text": "As of <span class='fact-year'> 2013</span> , Anguilla has developed national and local disaster reduction strategies.",
                                    "fact_values": [
                                        "1"
                                    ],
                                    "fact_units": [
                                        ""
                                    ],
                                    "fact_years": [
                                        "2013"
                                    ],
                                    "data_years": [
                                        "2013"
                                    ],
                                    "data_values": [
                                        "1"
                                    ],
                                    "data_is_censored": [
                                        false
                                    ],
                                    "data_numeric_part": [
                                        1.0
                                    ],
                                    "preferred_visualization": "boolean"
                                }
                            ]
                        }
                    ]
                }
            ]
        },
        {
            "goalCode": "4",
            "targets": [
                {
                    "targetCode": "4.5",
                    "indicators": [
                        {
                            "indicatorCode": "4.5.1",
                            "facts": [
                                {
                                    "seriesCode": "SE_GPI_MATACH",
                                    "seriesTitle": "Gender parity index for achievement in mathematics, by education level (ratio)",
                                    "hub": "c24e8fbbada54780b6c36fd899f864b2",
                                    "slice_dimensions": {
                                        "Education level": "PRIMAR"
                                    },
                                    "text_type": "4",
                                    "fact_text": "Gender parity index for achievement in mathematics at the end of primary education was <span class='fact-value'>1.29534</span>  in <span class='fact-year'> 2015</span> , meaning 129.534 girls per 100 boys achieved at least a minimum proficiency level in mathematics.",
                                    "fact_values": [
                                        "1.29534"
                                    ],
                                    "fact_units": [
                                        ""
                                    ],
                                    "fact_years": [
                                        "2015"
                                    ],
                                    "data_years": [
                                        "2015",
                                        "2014",
                                        "2013"
                                    ],
                                    "data_values": [
                                        "1.29534",
                                        "1.02273",
                                        "1.2488"
                                    ],
                                    "data_is_censored": [
                                        false,
                                        false,
                                        false
                                    ],
                                    "data_numeric_part": [
                                        1.3,
                                        1.0,
                                        1.2
                                    ],
                                    "preferred_visualization": "singleton"
                                },
                                {
                                    "seriesCode": "SE_GPI_REAACH",
                                    "seriesTitle": "Gender parity index for achievement in reading, by education level (ratio)",
                                    "hub": "7f75a26e77c7487e993799b22ad7ba88",
                                    "slice_dimensions": {
                                        "Education level": "PRIMAR"
                                    },
                                    "text_type": "4",
                                    "fact_text": "Gender parity index for achievement in reading at the end of primary education was <span class='fact-value'>1.28205</span>  in <span class='fact-year'> 2015</span> , meaning 128.20499999999998 girls per 100 boys achieved at least a minimum proficiency level in reading.",
                                    "fact_values": [
                                        "1.28205"
                                    ],
                                    "fact_units": [
                                        ""
                                    ],
                                    "fact_years": [
                                        "2015"
                                    ],
                                    "data_years": [
                                        "2015",
                                        "2013",
                                        "2014"
                                    ],
                                    "data_values": [
                                        "1.28205",
                                        "1.33495",
                                        "1.40468"
                                    ],
                                    "data_is_censored": [
                                        false,
                                        false,
                                        false
                                    ],
                                    "data_numeric_part": [
                                        1.3,
                                        1.3,
                                        1.4
                                    ],
                                    "preferred_visualization": "singleton"
                                }
                            ]
                        }
                    ]
                }
            ]
        },
        {
            "goalCode": "7",
            "targets": [
                {
                    "targetCode": "7.1",
                    "indicators": [
                        {
                            "indicatorCode": "7.1.1",
                            "facts": [
                                {
                                    "seriesCode": "EG_ELC_ACCS",
                                    "seriesTitle": "Proportion of population with access to electricity, by urban/rural (%)",
                                    "hub": "81cf3e70351c4895828a2486efa2142c",
                                    "slice_dimensions": {
                                        "Location": "ALLAREA"
                                    },
                                    "text_type": "1",
                                    "fact_text": "The proportion of the population with access to electricity was <span class='fact-value'>100.00</span> <span class='fact-unit'>%</span> in <span class='fact-year'>2016</span>.",
                                    "fact_values": [
                                        "100.00"
                                    ],
                                    "fact_units": [
                                        "%"
                                    ],
                                    "fact_years": [
                                        "2016"
                                    ],
                                    "data_years": [
                                        "2006",
                                        "2005",
                                        "2002",
                                        "2000",
                                        "2001",
                                        "2004",
                                        "2003",
                                        "2012",
                                        "2015",
                                        "2016",
                                        "2013",
                                        "2014",
                                        "2009",
                                        "2007",
                                        "2008",
                                        "2011",
                                        "2010"
                                    ],
                                    "data_values": [
                                        "99.15",
                                        "98.62",
                                        "96.95",
                                        "95.82",
                                        "96.70",
                                        "98.06",
                                        "97.51",
                                        "100.00",
                                        "100.00",
                                        "100.00",
                                        "100.00",
                                        "100.00",
                                        "99.97",
                                        "99.58",
                                        "99.85",
                                        "100.00",
                                        "100.00"
                                    ],
                                    "data_is_censored": [
                                        false,
                                        false,
                                        false,
                                        false,
                                        false,
                                        false,
                                        false,
                                        false,
                                        false,
                                        false,
                                        false,
                                        false,
                                        false,
                                        false,
                                        false,
                                        false,
                                        false
                                    ],
                                    "data_numeric_part": [
                                        99.0,
                                        99.0,
                                        97.0,
                                        96.0,
                                        97.0,
                                        98.0,
                                        98.0,
                                        100.0,
                                        100.0,
                                        100.0,
                                        100.0,
                                        100.0,
                                        100.0,
                                        100.0,
                                        100.0,
                                        100.0,
                                        100.0
                                    ],
                                    "preferred_visualization": "time_series"
                                }
                            ]
                        }
                    ]
                }
            ]
        },
        {
            "goalCode": "8",
            "targets": [
                {
                    "targetCode": "8.1",
                    "indicators": [
                        {
                            "indicatorCode": "8.1.1",
                            "facts": [
                                {
                                    "seriesCode": "NY_GDP_PCAP",
                                    "seriesTitle": "Annual growth rate of real GDP per capita (%)",
                                    "hub": "3cb997d2497148e68dca6787fcb84ca5",
                                    "slice_dimensions": {},
                                    "text_type": "1",
                                    "fact_text": "The annual growth rate of real gross domestic product (GDP) per capita was <span class='fact-value'>-8.64</span> <span class='fact-unit'>%</span> in <span class='fact-year'>2017</span>.",
                                    "fact_values": [
                                        "-8.64"
                                    ],
                                    "fact_units": [
                                        "%"
                                    ],
                                    "fact_years": [
                                        "2017"
                                    ],
                                    "data_years": [
                                        "2012",
                                        "2011",
                                        "2014",
                                        "2013",
                                        "2015",
                                        "2007",
                                        "2008",
                                        "2009",
                                        "2010",
                                        "2016",
                                        "2017",
                                        "2006",
                                        "2002",
                                        "2003",
                                        "2004",
                                        "2005",
                                        "2001",
                                        "2000"
                                    ],
                                    "data_values": [
                                        "-7.54",
                                        "2.73",
                                        "3.90",
                                        "-1.84",
                                        "2.07",
                                        "11.21",
                                        "-3.00",
                                        "-19.64",
                                        "-5.87",
                                        "-2.36",
                                        "-8.64",
                                        "17.81",
                                        "-6.44",
                                        "2.76",
                                        "11.19",
                                        "10.46",
                                        "-0.31",
                                        "-1.26"
                                    ],
                                    "data_is_censored": [
                                        false,
                                        false,
                                        false,
                                        false,
                                        false,
                                        false,
                                        false,
                                        false,
                                        false,
                                        false,
                                        false,
                                        false,
                                        false,
                                        false,
                                        false,
                                        false,
                                        false,
                                        false
                                    ],
                                    "data_numeric_part": [
                                        -7.54,
                                        2.7,
                                        3.9,
                                        -1.84,
                                        2.1,
                                        11.0,
                                        -3.0,
                                        -19.64,
                                        -5.87,
                                        -2.36,
                                        -8.64,
                                        18.0,
                                        -6.44,
                                        2.8,
                                        11.0,
                                        10.0,
                                        -0.31,
                                        -1.26
                                    ],
                                    "preferred_visualization": "time_series"
                                }
                            ]
                        }
                    ]
                }
            ]
        },
        {
            "goalCode": "9",
            "targets": [
                {
                    "targetCode": "9.c",
                    "indicators": [
                        {
                            "indicatorCode": "9.c.1",
                            "facts": [
                                {
                                    "seriesCode": "IT_MOB_NTWK",
                                    "seriesTitle": "Proportion of population covered by a mobile network, by technology (%)",
                                    "hub": "8943ce6f81b44120b6124fedb3b094d8",
                                    "slice_dimensions": {
                                        "Type of mobile technology": "AL2G"
                                    },
                                    "text_type": "2",
                                    "fact_text": "In <span class='fact-year'>2015</span>, <span class='fact-value'>99.00</span> <span class='fact-unit'>% </span> of the population was in range of at least a second-generation (2G) cellular signal",
                                    "fact_values": [
                                        "99.00"
                                    ],
                                    "fact_units": [
                                        "% "
                                    ],
                                    "fact_years": [
                                        "2015"
                                    ],
                                    "data_years": [
                                        "2015"
                                    ],
                                    "data_values": [
                                        "99.00"
                                    ],
                                    "data_is_censored": [
                                        false
                                    ],
                                    "data_numeric_part": [
                                        99.0
                                    ],
                                    "preferred_visualization": "singleton"
                                }
                            ]
                        }
                    ]
                }
            ]
        },
        {
            "goalCode": "11",
            "targets": [
                {
                    "targetCode": "11.b",
                    "indicators": [
                        {
                            "indicatorCode": "11.b.1",
                            "facts": [
                                {
                                    "seriesCode": "SG_DSR_LEGREG",
                                    "seriesTitle": "Countries with legislative and/or regulatory provisions been made for managing disaster risk (1 = YES; 0 = NO)",
                                    "hub": "d675ccc2f7054d82b371e64fb2cbface",
                                    "slice_dimensions": {},
                                    "text_type": "12",
                                    "fact_text": "As of <span class='fact-year'> 2013</span> , Anguilla has developed national and local disaster reduction strategies.",
                                    "fact_values": [
                                        "1"
                                    ],
                                    "fact_units": [
                                        ""
                                    ],
                                    "fact_years": [
                                        "2013"
                                    ],
                                    "data_years": [
                                        "2013"
                                    ],
                                    "data_values": [
                                        "1"
                                    ],
                                    "data_is_censored": [
                                        false
                                    ],
                                    "data_numeric_part": [
                                        1.0
                                    ],
                                    "preferred_visualization": "boolean"
                                }
                            ]
                        }
                    ]
                }
            ]
        },
        {
            "goalCode": "13",
            "targets": [
                {
                    "targetCode": "13.1",
                    "indicators": [
                        {
                            "indicatorCode": "13.1.2",
                            "facts": [
                                {
                                    "seriesCode": "SG_DSR_LEGREG",
                                    "seriesTitle": "Countries with legislative and/or regulatory provisions been made for managing disaster risk (1 = YES; 0 = NO)",
                                    "hub": "d675ccc2f7054d82b371e64fb2cbface",
                                    "slice_dimensions": {},
                                    "text_type": "12",
                                    "fact_text": "As of <span class='fact-year'> 2013</span> , Anguilla has developed national and local disaster reduction strategies.",
                                    "fact_values": [
                                        "1"
                                    ],
                                    "fact_units": [
                                        ""
                                    ],
                                    "fact_years": [
                                        "2013"
                                    ],
                                    "data_years": [
                                        "2013"
                                    ],
                                    "data_values": [
                                        "1"
                                    ],
                                    "data_is_censored": [
                                        false
                                    ],
                                    "data_numeric_part": [
                                        1.0
                                    ],
                                    "preferred_visualization": "boolean"
                                }
                            ]
                        }
                    ]
                }
            ]
        },
        {
            "goalCode": "14",
            "targets": [
                {
                    "targetCode": "14.5",
                    "indicators": [
                        {
                            "indicatorCode": "14.5.1",
                            "facts": [
                                {
                                    "seriesCode": "ER_MRN_MARIN",
                                    "seriesTitle": "Coverage of protected areas in relation to marine areas (Exclusive Economic Zones) (%)",
                                    "hub": "2a0cad7f76284e8c978bfcb0fa15cd76",
                                    "slice_dimensions": {},
                                    "text_type": "8",
                                    "fact_text": "In <span class='fact-year'> 2018</span> , <span class='fact-value'> 0.03477</span>  <span class='fact-unit'>% </span> of the marine environment under national jurisdiction (up to 200 nautical miles from shore) was under protection.",
                                    "fact_values": [
                                        "0.03477"
                                    ],
                                    "fact_units": [
                                        "% "
                                    ],
                                    "fact_years": [
                                        "2018"
                                    ],
                                    "data_years": [
                                        "2018"
                                    ],
                                    "data_values": [
                                        "0.03477"
                                    ],
                                    "data_is_censored": [
                                        false
                                    ],
                                    "data_numeric_part": [
                                        0.03
                                    ],
                                    "preferred_visualization": "singleton"
                                }
                            ]
                        }
                    ]
                }
            ]
        },
        {
            "goalCode": "15",
            "targets": [
                {
                    "targetCode": "15.1",
                    "indicators": [
                        {
                            "indicatorCode": "15.1.1",
                            "facts": [
                                {
                                    "seriesCode": "AG_LND_FRST",
                                    "seriesTitle": "Forest area as a proportion of total land area (%)",
                                    "hub": "e23061ce674142b5b33c46ea5e031658",
                                    "slice_dimensions": {},
                                    "text_type": "1",
                                    "fact_text": "Land area covered by forest was <span class='fact-value'>61.11111</span> <span class='fact-unit'>%</span> in <span class='fact-year'>2015</span>.",
                                    "fact_values": [
                                        "61.11111"
                                    ],
                                    "fact_units": [
                                        "%"
                                    ],
                                    "fact_years": [
                                        "2015"
                                    ],
                                    "data_years": [
                                        "2015",
                                        "2010",
                                        "2005",
                                        "2000"
                                    ],
                                    "data_values": [
                                        "61.11111",
                                        "61.11111",
                                        "61.11111",
                                        "61.11111"
                                    ],
                                    "data_is_censored": [
                                        false,
                                        false,
                                        false,
                                        false
                                    ],
                                    "data_numeric_part": [
                                        61.0,
                                        61.0,
                                        61.0,
                                        61.0
                                    ],
                                    "preferred_visualization": "time_series"
                                }
                            ]
                        },
                        {
                            "indicatorCode": "15.1.2",
                            "facts": [
                                {
                                    "seriesCode": "ER_PTD_TERRS",
                                    "seriesTitle": "Average proportion of Terrestrial Key Biodiversity Areas (KBAs) covered by protected areas (%)",
                                    "hub": "c2c0216c53744dd7b5278e398328bc99",
                                    "slice_dimensions": {
                                        "Bounds": "MP"
                                    },
                                    "text_type": "7",
                                    "fact_text": "The average proportion of terrestrial key biodiversity areas (KBAs) covered by protected areas was <span class='fact-value'> 0.14988</span>  <span class='fact-unit'>%</span>  in <span class='fact-year'> 2018</span> .",
                                    "fact_values": [
                                        "0.14988"
                                    ],
                                    "fact_units": [
                                        "%"
                                    ],
                                    "fact_years": [
                                        "2018"
                                    ],
                                    "data_years": [
                                        "2003",
                                        "2004",
                                        "2001",
                                        "2002",
                                        "2007",
                                        "2008",
                                        "2005",
                                        "2006",
                                        "2000",
                                        "2017",
                                        "2018",
                                        "2011",
                                        "2012",
                                        "2009",
                                        "2010",
                                        "2015",
                                        "2016",
                                        "2013",
                                        "2014"
                                    ],
                                    "data_values": [
                                        "0.14988",
                                        "0.14988",
                                        "0.14988",
                                        "0.14988",
                                        "0.14988",
                                        "0.14988",
                                        "0.14988",
                                        "0.14988",
                                        "0.14988",
                                        "0.14988",
                                        "0.14988",
                                        "0.14988",
                                        "0.14988",
                                        "0.14988",
                                        "0.14988",
                                        "0.14988",
                                        "0.14988",
                                        "0.14988",
                                        "0.14988"
                                    ],
                                    "data_is_censored": [
                                        false,
                                        false,
                                        false,
                                        false,
                                        false,
                                        false,
                                        false,
                                        false,
                                        false,
                                        false,
                                        false,
                                        false,
                                        false,
                                        false,
                                        false,
                                        false,
                                        false,
                                        false,
                                        false
                                    ],
                                    "data_numeric_part": [
                                        0.15,
                                        0.15,
                                        0.15,
                                        0.15,
                                        0.15,
                                        0.15,
                                        0.15,
                                        0.15,
                                        0.15,
                                        0.15,
                                        0.15,
                                        0.15,
                                        0.15,
                                        0.15,
                                        0.15,
                                        0.15,
                                        0.15,
                                        0.15,
                                        0.15
                                    ],
                                    "preferred_visualization": "time_series"
                                }
                            ]
                        }
                    ]
                }
            ]
        },
        {
            "goalCode": "16",
            "targets": [
                {
                    "targetCode": "16.1",
                    "indicators": [
                        {
                            "indicatorCode": "16.1.1",
                            "facts": [
                                {
                                    "seriesCode": "VC_IHR_PSRC",
                                    "seriesTitle": "Number of victims of intentional homicide per 100,000 population, by sex (victims per 100,000 population)",
                                    "hub": "b65e89e905a744e5992889ddc27f8fc7",
                                    "slice_dimensions": {},
                                    "text_type": "11",
                                    "fact_text": "In <span class='fact-year'> 2014</span> , the intentional homicide rate was <span class='fact-value'> 27.66</span>  <span class='fact-unit'> per 100,000 population</span> . ",
                                    "fact_values": [
                                        "27.66"
                                    ],
                                    "fact_units": [
                                        " per 100,000 population"
                                    ],
                                    "fact_years": [
                                        "2014"
                                    ],
                                    "data_years": [
                                        "2010",
                                        "2011",
                                        "2012",
                                        "2013",
                                        "2014"
                                    ],
                                    "data_values": [
                                        "0.00",
                                        "0.00",
                                        "35.39",
                                        "6.99",
                                        "27.66"
                                    ],
                                    "data_is_censored": [
                                        false,
                                        false,
                                        false,
                                        false,
                                        false
                                    ],
                                    "data_numeric_part": [
                                        0.0,
                                        0.0,
                                        35.0,
                                        7.0,
                                        28.0
                                    ],
                                    "preferred_visualization": "time_series"
                                }
                            ]
                        }
                    ]
                }
            ]
        },
        {
            "goalCode": "17",
            "targets": [
                {
                    "targetCode": "17.6",
                    "indicators": [
                        {
                            "indicatorCode": "17.6.2",
                            "facts": [
                                {
                                    "seriesCode": "IT_NET_BBP",
                                    "seriesTitle": "Fixed Internet broadband subscriptions per 100\u00a0inhabitants, by speed (per 100 inhabitants)",
                                    "hub": "f59cf3f8a0ec41a2b601a28682e6f2c8",
                                    "slice_dimensions": {
                                        "Type of speed": "ANYS"
                                    },
                                    "text_type": "15",
                                    "fact_text": "In <span class='fact-year'> 2015</span> , fixed-broadband internet penetration reached <span class='fact-value'> 34.22</span>  <span class='fact-unit'>% of the population</span> , up from 11.0% of the population in <span class='fact-year'> 2001</span> .",
                                    "fact_values": [
                                        "10.81",
                                        "34.22"
                                    ],
                                    "fact_units": [
                                        "% of the population",
                                        "% of the population"
                                    ],
                                    "fact_years": [
                                        "2001",
                                        "2015"
                                    ],
                                    "data_years": [
                                        "2010",
                                        "2009",
                                        "2011",
                                        "2007",
                                        "2006",
                                        "2008",
                                        "2012",
                                        "2013",
                                        "2015",
                                        "2014",
                                        "2004",
                                        "2003",
                                        "2005",
                                        "2002",
                                        "2001"
                                    ],
                                    "data_values": [
                                        "27.52",
                                        "27.67",
                                        "28.29",
                                        "25.10",
                                        "22.00",
                                        "27.34",
                                        "29.02",
                                        "30.07",
                                        "34.22",
                                        "30.43",
                                        "11.80",
                                        "13.71",
                                        "17.55",
                                        "11.90",
                                        "10.81"
                                    ],
                                    "data_is_censored": [
                                        false,
                                        false,
                                        false,
                                        false,
                                        false,
                                        false,
                                        false,
                                        false,
                                        false,
                                        false,
                                        false,
                                        false,
                                        false,
                                        false,
                                        false
                                    ],
                                    "data_numeric_part": [
                                        28.0,
                                        28.0,
                                        28.0,
                                        25.0,
                                        22.0,
                                        27.0,
                                        29.0,
                                        30.0,
                                        34.0,
                                        30.0,
                                        12.0,
                                        14.0,
                                        18.0,
                                        12.0,
                                        11.0
                                    ],
                                    "preferred_visualization": "time_series"
                                }
                            ]
                        }
                    ]
                }
            ]
        }
    ]
}