{
    "release": "2019.Q1.G.02",
    "country_code": "533",
    "country_name": "Aruba",
    "X": "-69.97050586",
    "Y": "12.50878756",
    "goals": [
        {
            "goalCode": "4",
            "targets": [
                {
                    "targetCode": "4.2",
                    "indicators": [
                        {
                            "indicatorCode": "4.2.2",
                            "facts": [
                                {
                                    "seriesCode": "SE_PRE_PARTN",
                                    "seriesTitle": "Participation rate in organized learning (one year before the official primary entry age), by sex (%)",
                                    "hub": "3459681b792a4979a9d9731c75f7f80d",
                                    "slice_dimensions": {
                                        "Sex": "BOTHSEX"
                                    },
                                    "text_type": "2",
                                    "fact_text": "In <span class='fact-year'>2014</span>, <span class='fact-value'>99.98893</span> <span class='fact-unit'>% </span> of children participated in pre-primary or primary education in the year prior to the official entrance age for primary school",
                                    "fact_values": [
                                        "99.98893"
                                    ],
                                    "fact_units": [
                                        "% "
                                    ],
                                    "fact_years": [
                                        "2014"
                                    ],
                                    "data_years": [
                                        "2001",
                                        "2005",
                                        "2004",
                                        "2000",
                                        "2010",
                                        "2013",
                                        "2009",
                                        "2007",
                                        "2003",
                                        "2008",
                                        "2014",
                                        "2006",
                                        "2002"
                                    ],
                                    "data_values": [
                                        "99.32203",
                                        "96.42857",
                                        "96.89746",
                                        "93.56605",
                                        "96.71752",
                                        "98.83241",
                                        "99.48416",
                                        "99.74881",
                                        "97.46671",
                                        "98.74001",
                                        "99.98893",
                                        "98.87229",
                                        "97.36842"
                                    ],
                                    "data_is_censored": [
                                        false,
                                        false,
                                        false,
                                        false,
                                        false,
                                        false,
                                        false,
                                        false,
                                        false,
                                        false,
                                        false,
                                        false,
                                        false
                                    ],
                                    "data_numeric_part": [
                                        99.0,
                                        96.0,
                                        97.0,
                                        94.0,
                                        97.0,
                                        99.0,
                                        99.0,
                                        100.0,
                                        97.0,
                                        99.0,
                                        100.0,
                                        99.0,
                                        97.0
                                    ],
                                    "preferred_visualization": "time_series"
                                }
                            ]
                        }
                    ]
                }
            ]
        },
        {
            "goalCode": "7",
            "targets": [
                {
                    "targetCode": "7.1",
                    "indicators": [
                        {
                            "indicatorCode": "7.1.1",
                            "facts": [
                                {
                                    "seriesCode": "EG_ELC_ACCS",
                                    "seriesTitle": "Proportion of population with access to electricity, by urban/rural (%)",
                                    "hub": "81cf3e70351c4895828a2486efa2142c",
                                    "slice_dimensions": {
                                        "Location": "ALLAREA"
                                    },
                                    "text_type": "1",
                                    "fact_text": "The proportion of the population with access to electricity was <span class='fact-value'>95.57</span> <span class='fact-unit'>%</span> in <span class='fact-year'>2016</span>.",
                                    "fact_values": [
                                        "95.57"
                                    ],
                                    "fact_units": [
                                        "%"
                                    ],
                                    "fact_years": [
                                        "2016"
                                    ],
                                    "data_years": [
                                        "2006",
                                        "2005",
                                        "2002",
                                        "2000",
                                        "2001",
                                        "2004",
                                        "2003",
                                        "2012",
                                        "2015",
                                        "2016",
                                        "2013",
                                        "2014",
                                        "2009",
                                        "2007",
                                        "2008",
                                        "2011",
                                        "2010"
                                    ],
                                    "data_values": [
                                        "92.61",
                                        "92.41",
                                        "91.83",
                                        "91.66",
                                        "91.64",
                                        "92.21",
                                        "92.02",
                                        "94.26",
                                        "95.24",
                                        "95.57",
                                        "94.58",
                                        "94.91",
                                        "93.35",
                                        "92.84",
                                        "93.09",
                                        "93.94",
                                        "93.36"
                                    ],
                                    "data_is_censored": [
                                        false,
                                        false,
                                        false,
                                        false,
                                        false,
                                        false,
                                        false,
                                        false,
                                        false,
                                        false,
                                        false,
                                        false,
                                        false,
                                        false,
                                        false,
                                        false,
                                        false
                                    ],
                                    "data_numeric_part": [
                                        93.0,
                                        92.0,
                                        92.0,
                                        92.0,
                                        92.0,
                                        92.0,
                                        92.0,
                                        94.0,
                                        95.0,
                                        96.0,
                                        95.0,
                                        95.0,
                                        93.0,
                                        93.0,
                                        93.0,
                                        94.0,
                                        93.0
                                    ],
                                    "preferred_visualization": "time_series"
                                }
                            ]
                        }
                    ]
                }
            ]
        },
        {
            "goalCode": "8",
            "targets": [
                {
                    "targetCode": "8.1",
                    "indicators": [
                        {
                            "indicatorCode": "8.1.1",
                            "facts": [
                                {
                                    "seriesCode": "NY_GDP_PCAP",
                                    "seriesTitle": "Annual growth rate of real GDP per capita (%)",
                                    "hub": "3cb997d2497148e68dca6787fcb84ca5",
                                    "slice_dimensions": {},
                                    "text_type": "1",
                                    "fact_text": "The annual growth rate of real gross domestic product (GDP) per capita declined from <span class='fact-value'>2.39</span> <span class='fact-unit'>%</span> in <span class='fact-year'>2000</span> to <span class='fact-value'>0.91%</span>  in  <span class='fact-year'>2017</span>.",
                                    "fact_values": [
                                        "2.39",
                                        "0.91"
                                    ],
                                    "fact_units": [
                                        "%",
                                        "%"
                                    ],
                                    "fact_years": [
                                        "2000",
                                        "2017"
                                    ],
                                    "data_years": [
                                        "2016",
                                        "2017",
                                        "2015",
                                        "2012",
                                        "2014",
                                        "2013",
                                        "2011",
                                        "2000",
                                        "2007",
                                        "2008",
                                        "2009",
                                        "2010",
                                        "2001",
                                        "2006",
                                        "2002",
                                        "2003",
                                        "2004",
                                        "2005"
                                    ],
                                    "data_values": [
                                        "-0.67",
                                        "0.91",
                                        "-0.97",
                                        "-1.87",
                                        "0.26",
                                        "3.58",
                                        "3.16",
                                        "2.39",
                                        "1.64",
                                        "0.01",
                                        "-11.41",
                                        "-3.57",
                                        "-5.10",
                                        "0.25",
                                        "-5.42",
                                        "-0.13",
                                        "6.03",
                                        "-0.10"
                                    ],
                                    "data_is_censored": [
                                        false,
                                        false,
                                        false,
                                        false,
                                        false,
                                        false,
                                        false,
                                        false,
                                        false,
                                        false,
                                        false,
                                        false,
                                        false,
                                        false,
                                        false,
                                        false,
                                        false,
                                        false
                                    ],
                                    "data_numeric_part": [
                                        -0.67,
                                        0.91,
                                        -0.97,
                                        -1.87,
                                        0.26,
                                        3.6,
                                        3.2,
                                        2.4,
                                        1.6,
                                        0.01,
                                        -11.41,
                                        -3.57,
                                        -5.1,
                                        0.25,
                                        -5.42,
                                        -0.13,
                                        6.0,
                                        -0.1
                                    ],
                                    "preferred_visualization": "time_series"
                                }
                            ]
                        }
                    ]
                }
            ]
        },
        {
            "goalCode": "9",
            "targets": [
                {
                    "targetCode": "9.c",
                    "indicators": [
                        {
                            "indicatorCode": "9.c.1",
                            "facts": [
                                {
                                    "seriesCode": "IT_MOB_NTWK",
                                    "seriesTitle": "Proportion of population covered by a mobile network, by technology (%)",
                                    "hub": "8943ce6f81b44120b6124fedb3b094d8",
                                    "slice_dimensions": {
                                        "Type of mobile technology": "AL2G"
                                    },
                                    "text_type": "2",
                                    "fact_text": "In <span class='fact-year'>2015</span>, <span class='fact-value'>99.00</span> <span class='fact-unit'>% </span> of the population was in range of at least a second-generation (2G) cellular signal",
                                    "fact_values": [
                                        "99.00"
                                    ],
                                    "fact_units": [
                                        "% "
                                    ],
                                    "fact_years": [
                                        "2015"
                                    ],
                                    "data_years": [
                                        "2006",
                                        "2007",
                                        "2008",
                                        "2015",
                                        "2005"
                                    ],
                                    "data_values": [
                                        "99.00",
                                        "99.00",
                                        "99.00",
                                        "99.00",
                                        "90.00"
                                    ],
                                    "data_is_censored": [
                                        false,
                                        false,
                                        false,
                                        false,
                                        false
                                    ],
                                    "data_numeric_part": [
                                        99.0,
                                        99.0,
                                        99.0,
                                        99.0,
                                        90.0
                                    ],
                                    "preferred_visualization": "time_series"
                                }
                            ]
                        }
                    ]
                }
            ]
        },
        {
            "goalCode": "10",
            "targets": [
                {
                    "targetCode": "10.4",
                    "indicators": [
                        {
                            "indicatorCode": "10.4.1",
                            "facts": [
                                {
                                    "seriesCode": "SL_EMP_GTOTL",
                                    "seriesTitle": "Labour share of GDP, comprising wages and social protection transfers (%)",
                                    "hub": "635cd0cae73e4b2dae2661407be6eeec",
                                    "slice_dimensions": {},
                                    "text_type": "2",
                                    "fact_text": "In <span class='fact-year'>2010</span>, <span class='fact-value'>55.0</span> <span class='fact-unit'>% </span> of GDP was from labour, comprising wages and social protection transfers",
                                    "fact_values": [
                                        "55.0"
                                    ],
                                    "fact_units": [
                                        "% "
                                    ],
                                    "fact_years": [
                                        "2010"
                                    ],
                                    "data_years": [
                                        "2010",
                                        "2009"
                                    ],
                                    "data_values": [
                                        "55.0",
                                        "55.0"
                                    ],
                                    "data_is_censored": [
                                        false,
                                        false
                                    ],
                                    "data_numeric_part": [
                                        55.0,
                                        55.0
                                    ],
                                    "preferred_visualization": "singleton"
                                }
                            ]
                        }
                    ]
                }
            ]
        },
        {
            "goalCode": "14",
            "targets": [
                {
                    "targetCode": "14.5",
                    "indicators": [
                        {
                            "indicatorCode": "14.5.1",
                            "facts": [
                                {
                                    "seriesCode": "ER_MRN_MARIN",
                                    "seriesTitle": "Coverage of protected areas in relation to marine areas (Exclusive Economic Zones) (%)",
                                    "hub": "2a0cad7f76284e8c978bfcb0fa15cd76",
                                    "slice_dimensions": {},
                                    "text_type": "8",
                                    "fact_text": "In <span class='fact-year'> 2018</span> , <span class='fact-value'> 0.00011</span>  <span class='fact-unit'>% </span> of the marine environment under national jurisdiction (up to 200 nautical miles from shore) was under protection.",
                                    "fact_values": [
                                        "0.00011"
                                    ],
                                    "fact_units": [
                                        "% "
                                    ],
                                    "fact_years": [
                                        "2018"
                                    ],
                                    "data_years": [
                                        "2018"
                                    ],
                                    "data_values": [
                                        "0.00011"
                                    ],
                                    "data_is_censored": [
                                        false
                                    ],
                                    "data_numeric_part": [
                                        0.0
                                    ],
                                    "preferred_visualization": "singleton"
                                }
                            ]
                        }
                    ]
                }
            ]
        },
        {
            "goalCode": "15",
            "targets": [
                {
                    "targetCode": "15.1",
                    "indicators": [
                        {
                            "indicatorCode": "15.1.1",
                            "facts": [
                                {
                                    "seriesCode": "AG_LND_FRST",
                                    "seriesTitle": "Forest area as a proportion of total land area (%)",
                                    "hub": "e23061ce674142b5b33c46ea5e031658",
                                    "slice_dimensions": {},
                                    "text_type": "1",
                                    "fact_text": "Land area covered by forest was <span class='fact-value'>2.33333</span> <span class='fact-unit'>%</span> in <span class='fact-year'>2015</span>.",
                                    "fact_values": [
                                        "2.33333"
                                    ],
                                    "fact_units": [
                                        "%"
                                    ],
                                    "fact_years": [
                                        "2015"
                                    ],
                                    "data_years": [
                                        "2000",
                                        "2005",
                                        "2015",
                                        "2010"
                                    ],
                                    "data_values": [
                                        "2.33333",
                                        "2.33333",
                                        "2.33333",
                                        "2.33333"
                                    ],
                                    "data_is_censored": [
                                        false,
                                        false,
                                        false,
                                        false
                                    ],
                                    "data_numeric_part": [
                                        2.3,
                                        2.3,
                                        2.3,
                                        2.3
                                    ],
                                    "preferred_visualization": "time_series"
                                }
                            ]
                        },
                        {
                            "indicatorCode": "15.1.2",
                            "facts": [
                                {
                                    "seriesCode": "ER_PTD_TERRS",
                                    "seriesTitle": "Average proportion of Terrestrial Key Biodiversity Areas (KBAs) covered by protected areas (%)",
                                    "hub": "c2c0216c53744dd7b5278e398328bc99",
                                    "slice_dimensions": {
                                        "Bounds": "MP"
                                    },
                                    "text_type": "7",
                                    "fact_text": "The average proportion of terrestrial key biodiversity areas (KBAs) covered by protected areas was <span class='fact-value'> 31.89928</span>  <span class='fact-unit'>%</span>  in <span class='fact-year'> 2018</span> .",
                                    "fact_values": [
                                        "31.89928"
                                    ],
                                    "fact_units": [
                                        "%"
                                    ],
                                    "fact_years": [
                                        "2018"
                                    ],
                                    "data_years": [
                                        "2000",
                                        "2001",
                                        "2003",
                                        "2004",
                                        "2005",
                                        "2002",
                                        "2014",
                                        "2015",
                                        "2016",
                                        "2017",
                                        "2018",
                                        "2013",
                                        "2006",
                                        "2007",
                                        "2008",
                                        "2009",
                                        "2010",
                                        "2011",
                                        "2012"
                                    ],
                                    "data_values": [
                                        "31.89928",
                                        "31.89928",
                                        "31.89928",
                                        "31.89928",
                                        "31.89928",
                                        "31.89928",
                                        "31.89928",
                                        "31.89928",
                                        "31.89928",
                                        "31.89928",
                                        "31.89928",
                                        "31.89928",
                                        "31.89928",
                                        "31.89928",
                                        "31.89928",
                                        "31.89928",
                                        "31.89928",
                                        "31.89928",
                                        "31.89928"
                                    ],
                                    "data_is_censored": [
                                        false,
                                        false,
                                        false,
                                        false,
                                        false,
                                        false,
                                        false,
                                        false,
                                        false,
                                        false,
                                        false,
                                        false,
                                        false,
                                        false,
                                        false,
                                        false,
                                        false,
                                        false,
                                        false
                                    ],
                                    "data_numeric_part": [
                                        32.0,
                                        32.0,
                                        32.0,
                                        32.0,
                                        32.0,
                                        32.0,
                                        32.0,
                                        32.0,
                                        32.0,
                                        32.0,
                                        32.0,
                                        32.0,
                                        32.0,
                                        32.0,
                                        32.0,
                                        32.0,
                                        32.0,
                                        32.0,
                                        32.0
                                    ],
                                    "preferred_visualization": "time_series"
                                }
                            ]
                        }
                    ]
                }
            ]
        },
        {
            "goalCode": "16",
            "targets": [
                {
                    "targetCode": "16.1",
                    "indicators": [
                        {
                            "indicatorCode": "16.1.1",
                            "facts": [
                                {
                                    "seriesCode": "VC_IHR_PSRC",
                                    "seriesTitle": "Number of victims of intentional homicide per 100,000 population, by sex (victims per 100,000 population)",
                                    "hub": "b65e89e905a744e5992889ddc27f8fc7",
                                    "slice_dimensions": {},
                                    "text_type": "11",
                                    "fact_text": "In <span class='fact-year'> 2014</span> , the intentional homicide rate was <span class='fact-value'> 1.93</span>  <span class='fact-unit'> per 100,000 population</span> . ",
                                    "fact_values": [
                                        "1.93"
                                    ],
                                    "fact_units": [
                                        " per 100,000 population"
                                    ],
                                    "fact_years": [
                                        "2014"
                                    ],
                                    "data_years": [
                                        "2010",
                                        "2014",
                                        "2013",
                                        "2012",
                                        "2011"
                                    ],
                                    "data_values": [
                                        "3.93",
                                        "1.93",
                                        "5.81",
                                        "3.90",
                                        "1.96"
                                    ],
                                    "data_is_censored": [
                                        false,
                                        false,
                                        false,
                                        false,
                                        false
                                    ],
                                    "data_numeric_part": [
                                        3.9,
                                        1.9,
                                        5.8,
                                        3.9,
                                        2.0
                                    ],
                                    "preferred_visualization": "time_series"
                                }
                            ]
                        }
                    ]
                }
            ]
        },
        {
            "goalCode": "17",
            "targets": [
                {
                    "targetCode": "17.3",
                    "indicators": [
                        {
                            "indicatorCode": "17.3.2",
                            "facts": [
                                {
                                    "seriesCode": "BX_TRF_PWKR",
                                    "seriesTitle": "Volume of remittances (in United States dollars) as a proportion of total GDP (%)",
                                    "hub": "68e9ec78abe543889762bbdd36cd3d31",
                                    "slice_dimensions": {},
                                    "text_type": "9",
                                    "fact_text": "In <span class='fact-year'> 2011</span> , the inflow of personal remittances was <span class='fact-value'> 0.21</span>  <span class='fact-unit'>% of GDP</span> , down from <span class='fact-value'> 0.29</span>  <span class='fact-unit'>%</span>  in <span class='fact-year'> 1994</span> ",
                                    "fact_values": [
                                        "0.29% of GDP",
                                        "0.21% of GDP"
                                    ],
                                    "fact_units": [
                                        " per 100,000 population"
                                    ],
                                    "fact_years": [
                                        "1994",
                                        "2011"
                                    ],
                                    "data_years": [
                                        "2008",
                                        "2010",
                                        "2011",
                                        "2009",
                                        "1995",
                                        "1996",
                                        "1994",
                                        "2004",
                                        "2002",
                                        "2003",
                                        "2006",
                                        "2007",
                                        "2005",
                                        "1998",
                                        "1999",
                                        "1997",
                                        "2001",
                                        "2000"
                                    ],
                                    "data_values": [
                                        "0.24",
                                        "0.20",
                                        "0.21",
                                        "0.36",
                                        "0.10",
                                        "0.12",
                                        "0.29",
                                        "0.07",
                                        "0.07",
                                        "0.01",
                                        "0.04",
                                        "0.20",
                                        "0.04",
                                        "0.10",
                                        "0.04",
                                        "0.12",
                                        "0.07",
                                        "0.06"
                                    ],
                                    "data_is_censored": [
                                        false,
                                        false,
                                        false,
                                        false,
                                        false,
                                        false,
                                        false,
                                        false,
                                        false,
                                        false,
                                        false,
                                        false,
                                        false,
                                        false,
                                        false,
                                        false,
                                        false,
                                        false
                                    ],
                                    "data_numeric_part": [
                                        0.24,
                                        0.2,
                                        0.21,
                                        0.36,
                                        0.1,
                                        0.12,
                                        0.29,
                                        0.07,
                                        0.07,
                                        0.01,
                                        0.04,
                                        0.2,
                                        0.04,
                                        0.1,
                                        0.04,
                                        0.12,
                                        0.07,
                                        0.06
                                    ],
                                    "preferred_visualization": "time_series"
                                }
                            ]
                        }
                    ]
                },
                {
                    "targetCode": "17.6",
                    "indicators": [
                        {
                            "indicatorCode": "17.6.2",
                            "facts": [
                                {
                                    "seriesCode": "IT_NET_BBP",
                                    "seriesTitle": "Fixed Internet broadband subscriptions per 100\u00a0inhabitants, by speed (per 100 inhabitants)",
                                    "hub": "f59cf3f8a0ec41a2b601a28682e6f2c8",
                                    "slice_dimensions": {
                                        "Type of speed": "ANYS"
                                    },
                                    "text_type": "15",
                                    "fact_text": "In <span class='fact-year'> 2015</span> , fixed-broadband internet penetration reached <span class='fact-value'> 18.21</span>  <span class='fact-unit'>% of the population</span> , up from 1.4% of the population in <span class='fact-year'> 2003</span> .",
                                    "fact_values": [
                                        "1.44",
                                        "18.21"
                                    ],
                                    "fact_units": [
                                        "% of the population",
                                        "% of the population"
                                    ],
                                    "fact_years": [
                                        "2003",
                                        "2015"
                                    ],
                                    "data_years": [
                                        "2015",
                                        "2009",
                                        "2010",
                                        "2013",
                                        "2014",
                                        "2008",
                                        "2005",
                                        "2006",
                                        "2007",
                                        "2004",
                                        "2003"
                                    ],
                                    "data_values": [
                                        "18.21",
                                        "18.53",
                                        "18.90",
                                        "18.61",
                                        "18.50",
                                        "18.15",
                                        "12.27",
                                        "13.84",
                                        "15.80",
                                        "7.05",
                                        "1.44"
                                    ],
                                    "data_is_censored": [
                                        false,
                                        false,
                                        false,
                                        false,
                                        false,
                                        false,
                                        false,
                                        false,
                                        false,
                                        false,
                                        false
                                    ],
                                    "data_numeric_part": [
                                        18.0,
                                        19.0,
                                        19.0,
                                        19.0,
                                        19.0,
                                        18.0,
                                        12.0,
                                        14.0,
                                        16.0,
                                        7.1,
                                        1.4
                                    ],
                                    "preferred_visualization": "time_series"
                                }
                            ]
                        }
                    ]
                }
            ]
        }
    ]
}