{
    "release": "2019.Q1.G.02",
    "country_code": "638",
    "country_name": "R\u00e9union",
    "X": "55.53171398",
    "Y": "-21.13183266",
    "goals": [
        {
            "goalCode": "10",
            "targets": [
                {
                    "targetCode": "10.4",
                    "indicators": [
                        {
                            "indicatorCode": "10.4.1",
                            "facts": [
                                {
                                    "seriesCode": "SL_EMP_GTOTL",
                                    "seriesTitle": "Labour share of GDP, comprising wages and social protection transfers (%)",
                                    "hub": "635cd0cae73e4b2dae2661407be6eeec",
                                    "slice_dimensions": {},
                                    "text_type": "2",
                                    "fact_text": "In <span class='fact-year'>2016</span>, <span class='fact-value'>54.4</span> <span class='fact-unit'>% </span> of GDP was from labour, comprising wages and social protection transfers",
                                    "fact_values": [
                                        "54.4"
                                    ],
                                    "fact_units": [
                                        "% "
                                    ],
                                    "fact_years": [
                                        "2016"
                                    ],
                                    "data_years": [
                                        "2016"
                                    ],
                                    "data_values": [
                                        "54.4"
                                    ],
                                    "data_is_censored": [
                                        false
                                    ],
                                    "data_numeric_part": [
                                        54.0
                                    ],
                                    "preferred_visualization": "singleton"
                                }
                            ]
                        }
                    ]
                }
            ]
        },
        {
            "goalCode": "14",
            "targets": [
                {
                    "targetCode": "14.5",
                    "indicators": [
                        {
                            "indicatorCode": "14.5.1",
                            "facts": [
                                {
                                    "seriesCode": "ER_MRN_MARIN",
                                    "seriesTitle": "Coverage of protected areas in relation to marine areas (Exclusive Economic Zones) (%)",
                                    "hub": "2a0cad7f76284e8c978bfcb0fa15cd76",
                                    "slice_dimensions": {},
                                    "text_type": "8",
                                    "fact_text": "In <span class='fact-year'> 2018</span> , <span class='fact-value'> 0.01286</span>  <span class='fact-unit'>% </span> of the marine environment under national jurisdiction (up to 200 nautical miles from shore) was under protection.",
                                    "fact_values": [
                                        "0.01286"
                                    ],
                                    "fact_units": [
                                        "% "
                                    ],
                                    "fact_years": [
                                        "2018"
                                    ],
                                    "data_years": [
                                        "2018"
                                    ],
                                    "data_values": [
                                        "0.01286"
                                    ],
                                    "data_is_censored": [
                                        false
                                    ],
                                    "data_numeric_part": [
                                        0.01
                                    ],
                                    "preferred_visualization": "singleton"
                                }
                            ]
                        }
                    ]
                }
            ]
        },
        {
            "goalCode": "15",
            "targets": [
                {
                    "targetCode": "15.1",
                    "indicators": [
                        {
                            "indicatorCode": "15.1.1",
                            "facts": [
                                {
                                    "seriesCode": "AG_LND_FRST",
                                    "seriesTitle": "Forest area as a proportion of total land area (%)",
                                    "hub": "e23061ce674142b5b33c46ea5e031658",
                                    "slice_dimensions": {},
                                    "text_type": "1",
                                    "fact_text": "Land area covered by forest was <span class='fact-value'>35.05976</span> <span class='fact-unit'>%</span> in <span class='fact-year'>2015</span>.",
                                    "fact_values": [
                                        "35.05976"
                                    ],
                                    "fact_units": [
                                        "%"
                                    ],
                                    "fact_years": [
                                        "2015"
                                    ],
                                    "data_years": [
                                        "2000",
                                        "2015",
                                        "2010",
                                        "2005"
                                    ],
                                    "data_values": [
                                        "34.66135",
                                        "35.05976",
                                        "35.05976",
                                        "33.86454"
                                    ],
                                    "data_is_censored": [
                                        false,
                                        false,
                                        false,
                                        false
                                    ],
                                    "data_numeric_part": [
                                        35.0,
                                        35.0,
                                        35.0,
                                        34.0
                                    ],
                                    "preferred_visualization": "time_series"
                                }
                            ]
                        },
                        {
                            "indicatorCode": "15.1.2",
                            "facts": [
                                {
                                    "seriesCode": "ER_PTD_TERRS",
                                    "seriesTitle": "Average proportion of Terrestrial Key Biodiversity Areas (KBAs) covered by protected areas (%)",
                                    "hub": "c2c0216c53744dd7b5278e398328bc99",
                                    "slice_dimensions": {
                                        "Bounds": "MP"
                                    },
                                    "text_type": "7",
                                    "fact_text": "The average proportion of terrestrial key biodiversity areas (KBAs) covered by protected areas was <span class='fact-value'> 45.87845</span>  <span class='fact-unit'>%</span>  in <span class='fact-year'> 2018</span> .",
                                    "fact_values": [
                                        "45.87845"
                                    ],
                                    "fact_units": [
                                        "%"
                                    ],
                                    "fact_years": [
                                        "2018"
                                    ],
                                    "data_years": [
                                        "2005",
                                        "2006",
                                        "2007",
                                        "2008",
                                        "2001",
                                        "2002",
                                        "2004",
                                        "2003",
                                        "2013",
                                        "2014",
                                        "2015",
                                        "2016",
                                        "2009",
                                        "2010",
                                        "2011",
                                        "2012",
                                        "2000",
                                        "2017",
                                        "2018"
                                    ],
                                    "data_values": [
                                        "0.58364",
                                        "1.9867",
                                        "43.62206",
                                        "45.82389",
                                        "0.58364",
                                        "0.58364",
                                        "0.58364",
                                        "0.58364",
                                        "45.87837",
                                        "45.87837",
                                        "45.87845",
                                        "45.87845",
                                        "45.82389",
                                        "45.87837",
                                        "45.87837",
                                        "45.87837",
                                        "0.58364",
                                        "45.87845",
                                        "45.87845"
                                    ],
                                    "data_is_censored": [
                                        false,
                                        false,
                                        false,
                                        false,
                                        false,
                                        false,
                                        false,
                                        false,
                                        false,
                                        false,
                                        false,
                                        false,
                                        false,
                                        false,
                                        false,
                                        false,
                                        false,
                                        false,
                                        false
                                    ],
                                    "data_numeric_part": [
                                        0.58,
                                        2.0,
                                        44.0,
                                        46.0,
                                        0.58,
                                        0.58,
                                        0.58,
                                        0.58,
                                        46.0,
                                        46.0,
                                        46.0,
                                        46.0,
                                        46.0,
                                        46.0,
                                        46.0,
                                        46.0,
                                        0.58,
                                        46.0,
                                        46.0
                                    ],
                                    "preferred_visualization": "time_series"
                                }
                            ]
                        }
                    ]
                }
            ]
        },
        {
            "goalCode": "17",
            "targets": [
                {
                    "targetCode": "17.6",
                    "indicators": [
                        {
                            "indicatorCode": "17.6.2",
                            "facts": [
                                {
                                    "seriesCode": "IT_NET_BBP",
                                    "seriesTitle": "Fixed Internet broadband subscriptions per 100\u00a0inhabitants, by speed (per 100 inhabitants)",
                                    "hub": "f59cf3f8a0ec41a2b601a28682e6f2c8",
                                    "slice_dimensions": {
                                        "Type of speed": "ANYS"
                                    },
                                    "text_type": "15",
                                    "fact_text": "In <span class='fact-year'> 2009</span> , fixed-broadband internet penetration reached <span class='fact-value'> 22.46</span>  <span class='fact-unit'>% of the population</span> , up from 4.1% of the population in <span class='fact-year'> 2003</span> .",
                                    "fact_values": [
                                        "4.12",
                                        "22.46"
                                    ],
                                    "fact_units": [
                                        "% of the population",
                                        "% of the population"
                                    ],
                                    "fact_years": [
                                        "2003",
                                        "2009"
                                    ],
                                    "data_years": [
                                        "2003",
                                        "2004",
                                        "2007",
                                        "2008",
                                        "2009"
                                    ],
                                    "data_values": [
                                        "4.12",
                                        "7.23",
                                        "16.19",
                                        "19.07",
                                        "22.46"
                                    ],
                                    "data_is_censored": [
                                        false,
                                        false,
                                        false,
                                        false,
                                        false
                                    ],
                                    "data_numeric_part": [
                                        4.1,
                                        7.2,
                                        16.0,
                                        19.0,
                                        22.0
                                    ],
                                    "preferred_visualization": "time_series"
                                }
                            ]
                        }
                    ]
                },
                {
                    "targetCode": "17.18",
                    "indicators": [
                        {
                            "indicatorCode": "17.18.3",
                            "facts": [
                                {
                                    "seriesCode": "SG_STT_NSDSFND",
                                    "seriesTitle": "Countries with national statistical plans that are fully funded (1 = YES; 0 = NO)",
                                    "hub": "bc201a5c69e94e23b45bad86c828f1be",
                                    "slice_dimensions": {},
                                    "text_type": "12",
                                    "fact_text": "As of <span class='fact-year'> 2018</span> , R\u00e9union has developed national statistical plans that are fully funded.",
                                    "fact_values": [
                                        "1"
                                    ],
                                    "fact_units": [
                                        ""
                                    ],
                                    "fact_years": [
                                        "2018"
                                    ],
                                    "data_years": [
                                        "2018"
                                    ],
                                    "data_values": [
                                        "1"
                                    ],
                                    "data_is_censored": [
                                        false
                                    ],
                                    "data_numeric_part": [
                                        1.0
                                    ],
                                    "preferred_visualization": "boolean"
                                }
                            ]
                        }
                    ]
                }
            ]
        }
    ]
}