{
    "release": "2019.Q1.G.02",
    "country_code": "798",
    "country_name": "Tuvalu",
    "X": "178.6679611",
    "Y": "-7.460048071",
    "goals": [
        {
            "goalCode": "1",
            "targets": [
                {
                    "targetCode": "1.1",
                    "indicators": [
                        {
                            "indicatorCode": "1.1.1",
                            "facts": [
                                {
                                    "seriesCode": "SI_POV_DAY1",
                                    "seriesTitle": "Proportion of population below international poverty line (%)",
                                    "hub": "ed6ee35ad584405b8f3ef2abc22f6948",
                                    "slice_dimensions": {},
                                    "text_type": "1",
                                    "fact_text": "The proportion of the population living below the extreme poverty line was approximately <span class='fact-value'>3.3</span> <span class='fact-unit'>%</span> in <span class='fact-year'>2010</span>.",
                                    "fact_values": [
                                        "3.3"
                                    ],
                                    "fact_units": [
                                        "%"
                                    ],
                                    "fact_years": [
                                        "2010"
                                    ],
                                    "data_years": [
                                        "2010"
                                    ],
                                    "data_values": [
                                        "3.3"
                                    ],
                                    "data_is_censored": [
                                        false
                                    ],
                                    "data_numeric_part": [
                                        3.3
                                    ],
                                    "preferred_visualization": "singleton"
                                }
                            ]
                        }
                    ]
                },
                {
                    "targetCode": "1.2",
                    "indicators": [
                        {
                            "indicatorCode": "1.2.1",
                            "facts": [
                                {
                                    "seriesCode": "SI_POV_NAHC",
                                    "seriesTitle": "Proportion of population living below the national poverty line (%)",
                                    "hub": "f4cb37d065aa4b6981d93e8266f63fd0",
                                    "slice_dimensions": {
                                        "Location": "ALLAREA"
                                    },
                                    "text_type": "1",
                                    "fact_text": "The proportion of population living below the national poverty line was <span class='fact-value'>26.3</span> <span class='fact-unit'>%</span> in <span class='fact-year'>2010</span>.",
                                    "fact_values": [
                                        "26.3"
                                    ],
                                    "fact_units": [
                                        "%"
                                    ],
                                    "fact_years": [
                                        "2010"
                                    ],
                                    "data_years": [
                                        "2010"
                                    ],
                                    "data_values": [
                                        "26.3"
                                    ],
                                    "data_is_censored": [
                                        false
                                    ],
                                    "data_numeric_part": [
                                        26.0
                                    ],
                                    "preferred_visualization": "singleton"
                                }
                            ]
                        }
                    ]
                }
            ]
        },
        {
            "goalCode": "2",
            "targets": [
                {
                    "targetCode": "2.2",
                    "indicators": [
                        {
                            "indicatorCode": "2.2.1",
                            "facts": [
                                {
                                    "seriesCode": "SH_STA_STUNT",
                                    "seriesTitle": "Proportion of children moderately or severely stunted (%)",
                                    "hub": "8c0866ad73ae486ba647f5490fed5529",
                                    "slice_dimensions": {
                                        "Age": "<5Y",
                                        "Bounds": "MP"
                                    },
                                    "text_type": "2",
                                    "fact_text": "In <span class='fact-year'>2007</span>, <span class='fact-value'>10.0</span> <span class='fact-unit'>% </span> of children under age 5 had stunted growth",
                                    "fact_values": [
                                        "10.0"
                                    ],
                                    "fact_units": [
                                        "% "
                                    ],
                                    "fact_years": [
                                        "2007"
                                    ],
                                    "data_years": [
                                        "2007"
                                    ],
                                    "data_values": [
                                        "10.0"
                                    ],
                                    "data_is_censored": [
                                        false
                                    ],
                                    "data_numeric_part": [
                                        10.0
                                    ],
                                    "preferred_visualization": "singleton"
                                }
                            ]
                        },
                        {
                            "indicatorCode": "2.2.2",
                            "facts": [
                                {
                                    "seriesCode": "SH_STA_OVRWGT",
                                    "seriesTitle": "Proportion of children moderately or severely overweight (%)",
                                    "hub": "a012070afbd3486d9c0596352b9698d6",
                                    "slice_dimensions": {
                                        "Age": "<5Y",
                                        "Bounds": "MP"
                                    },
                                    "text_type": "1",
                                    "fact_text": "The share of overweight children under age 5 was <span class='fact-value'>6.3</span> <span class='fact-unit'>%</span> in <span class='fact-year'>2007</span>.",
                                    "fact_values": [
                                        "6.3"
                                    ],
                                    "fact_units": [
                                        "%"
                                    ],
                                    "fact_years": [
                                        "2007"
                                    ],
                                    "data_years": [
                                        "2007"
                                    ],
                                    "data_values": [
                                        "6.3"
                                    ],
                                    "data_is_censored": [
                                        false
                                    ],
                                    "data_numeric_part": [
                                        6.3
                                    ],
                                    "preferred_visualization": "singleton"
                                }
                            ]
                        }
                    ]
                }
            ]
        },
        {
            "goalCode": "3",
            "targets": [
                {
                    "targetCode": "3.2",
                    "indicators": [
                        {
                            "indicatorCode": "3.2.1",
                            "facts": [
                                {
                                    "seriesCode": "SH_DYN_MORT",
                                    "seriesTitle": "Under-five mortality rate, by sex (deaths per 1,000 live births)",
                                    "hub": "216c7516b9444f289e8f7910c8726e9f",
                                    "slice_dimensions": {
                                        "Age": "<5Y",
                                        "Sex": "BOTHSEX"
                                    },
                                    "text_type": "1",
                                    "fact_text": "The mortality rate of children under age 5 fell from <span class='fact-value'>41.9</span> <span class='fact-unit'> per 1,000 live births</span> in <span class='fact-year'>2000</span> to <span class='fact-value'>24.9 per 1,000 live births</span>  in  <span class='fact-year'>2017</span>.",
                                    "fact_values": [
                                        "41.9",
                                        "24.9"
                                    ],
                                    "fact_units": [
                                        " per 1,000 live births",
                                        " per 1,000 live births"
                                    ],
                                    "fact_years": [
                                        "2000",
                                        "2017"
                                    ],
                                    "data_years": [
                                        "2005",
                                        "2006",
                                        "2007",
                                        "2001",
                                        "2000",
                                        "2004",
                                        "2002",
                                        "2003",
                                        "2015",
                                        "2016",
                                        "2014",
                                        "2017",
                                        "2010",
                                        "2008",
                                        "2009",
                                        "2012",
                                        "2013",
                                        "2011"
                                    ],
                                    "data_values": [
                                        "36.1",
                                        "35.1",
                                        "34.1",
                                        "40.5",
                                        "41.9",
                                        "37.1",
                                        "39.2",
                                        "38.1",
                                        "26.6",
                                        "25.7",
                                        "27.4",
                                        "24.9",
                                        "31.1",
                                        "33.1",
                                        "32.2",
                                        "29.2",
                                        "28.3",
                                        "30.1"
                                    ],
                                    "data_is_censored": [
                                        false,
                                        false,
                                        false,
                                        false,
                                        false,
                                        false,
                                        false,
                                        false,
                                        false,
                                        false,
                                        false,
                                        false,
                                        false,
                                        false,
                                        false,
                                        false,
                                        false,
                                        false
                                    ],
                                    "data_numeric_part": [
                                        36.0,
                                        35.0,
                                        34.0,
                                        41.0,
                                        42.0,
                                        37.0,
                                        39.0,
                                        38.0,
                                        27.0,
                                        26.0,
                                        27.0,
                                        25.0,
                                        31.0,
                                        33.0,
                                        32.0,
                                        29.0,
                                        28.0,
                                        30.0
                                    ],
                                    "preferred_visualization": "time_series"
                                }
                            ]
                        }
                    ]
                }
            ]
        },
        {
            "goalCode": "4",
            "targets": [
                {
                    "targetCode": "4.2",
                    "indicators": [
                        {
                            "indicatorCode": "4.2.2",
                            "facts": [
                                {
                                    "seriesCode": "SE_PRE_PARTN",
                                    "seriesTitle": "Participation rate in organized learning (one year before the official primary entry age), by sex (%)",
                                    "hub": "3459681b792a4979a9d9731c75f7f80d",
                                    "slice_dimensions": {
                                        "Sex": "BOTHSEX"
                                    },
                                    "text_type": "2",
                                    "fact_text": "In <span class='fact-year'>2016</span>, <span class='fact-value'>96.95663</span> <span class='fact-unit'>% </span> of children participated in pre-primary or primary education in the year prior to the official entrance age for primary school",
                                    "fact_values": [
                                        "96.95663"
                                    ],
                                    "fact_units": [
                                        "% "
                                    ],
                                    "fact_years": [
                                        "2016"
                                    ],
                                    "data_years": [
                                        "2015",
                                        "2016"
                                    ],
                                    "data_values": [
                                        "96.28249",
                                        "96.95663"
                                    ],
                                    "data_is_censored": [
                                        false,
                                        false
                                    ],
                                    "data_numeric_part": [
                                        96.0,
                                        97.0
                                    ],
                                    "preferred_visualization": "singleton"
                                }
                            ]
                        }
                    ]
                }
            ]
        },
        {
            "goalCode": "5",
            "targets": [
                {
                    "targetCode": "5.3",
                    "indicators": [
                        {
                            "indicatorCode": "5.3.1",
                            "facts": [
                                {
                                    "seriesCode": "SP_DYN_MRBF18",
                                    "seriesTitle": "Proportion of women aged 20-24 years who were married or in a union before age 18 (%)",
                                    "hub": "2186448878244705a5295710c140b8c3",
                                    "slice_dimensions": {
                                        "Age": "20-24",
                                        "Sex": "FEMALE"
                                    },
                                    "text_type": "2",
                                    "fact_text": "In <span class='fact-year'>2007</span>, <span class='fact-value'>9.9</span> <span class='fact-unit'>% </span> of women aged 20 to 24 reported that they were married before their eighteenth birthday",
                                    "fact_values": [
                                        "9.9"
                                    ],
                                    "fact_units": [
                                        "% "
                                    ],
                                    "fact_years": [
                                        "2007"
                                    ],
                                    "data_years": [
                                        "2007"
                                    ],
                                    "data_values": [
                                        "9.9"
                                    ],
                                    "data_is_censored": [
                                        false
                                    ],
                                    "data_numeric_part": [
                                        9.9
                                    ],
                                    "preferred_visualization": "singleton"
                                }
                            ]
                        }
                    ]
                },
                {
                    "targetCode": "5.5",
                    "indicators": [
                        {
                            "indicatorCode": "5.5.1",
                            "facts": [
                                {
                                    "seriesCode": "SG_GEN_PARL",
                                    "seriesTitle": "Proportion of seats held by women in national parliaments (% of total number of seats)",
                                    "hub": "337524c727bd498c8726f9f6bc6512e1",
                                    "slice_dimensions": {
                                        "Sex": "FEMALE"
                                    },
                                    "text_type": "1",
                                    "fact_text": "The proportion of seats held by women in single or lower houses of parliament increased from <span class='fact-value'>0</span> <span class='fact-unit'>%</span> in <span class='fact-year'>2000</span> to <span class='fact-value'>6.6667%</span>  in  <span class='fact-year'>2018</span>.",
                                    "fact_values": [
                                        "0",
                                        "6.6667"
                                    ],
                                    "fact_units": [
                                        "%",
                                        "%"
                                    ],
                                    "fact_years": [
                                        "2000",
                                        "2018"
                                    ],
                                    "data_years": [
                                        "2012",
                                        "2015",
                                        "2018",
                                        "2014",
                                        "2013",
                                        "2017",
                                        "2016",
                                        "2003",
                                        "2004",
                                        "2005",
                                        "2000",
                                        "2002",
                                        "2001",
                                        "2010",
                                        "2009",
                                        "2011",
                                        "2007",
                                        "2006",
                                        "2008"
                                    ],
                                    "data_values": [
                                        "6.6667",
                                        "6.6667",
                                        "6.6667",
                                        "6.6667",
                                        "6.6667",
                                        "6.6667",
                                        "6.6667",
                                        "0",
                                        "0",
                                        "0",
                                        "0",
                                        "0",
                                        "0",
                                        "0",
                                        "0",
                                        "0",
                                        "0",
                                        "0",
                                        "0"
                                    ],
                                    "data_is_censored": [
                                        false,
                                        false,
                                        false,
                                        false,
                                        false,
                                        false,
                                        false,
                                        false,
                                        false,
                                        false,
                                        false,
                                        false,
                                        false,
                                        false,
                                        false,
                                        false,
                                        false,
                                        false,
                                        false
                                    ],
                                    "data_numeric_part": [
                                        6.7,
                                        6.7,
                                        6.7,
                                        6.7,
                                        6.7,
                                        6.7,
                                        6.7,
                                        0.0,
                                        0.0,
                                        0.0,
                                        0.0,
                                        0.0,
                                        0.0,
                                        0.0,
                                        0.0,
                                        0.0,
                                        0.0,
                                        0.0,
                                        0.0
                                    ],
                                    "preferred_visualization": "time_series"
                                }
                            ]
                        }
                    ]
                }
            ]
        },
        {
            "goalCode": "6",
            "targets": [
                {
                    "targetCode": "6.2",
                    "indicators": [
                        {
                            "indicatorCode": "6.2.1",
                            "facts": [
                                {
                                    "seriesCode": "SH_SAN_SAFE",
                                    "seriesTitle": "Proportion of population using safely managed sanitation services, by urban/rural (%)",
                                    "hub": "28a9a3072fd940aa9fb0f983d25ef65f",
                                    "slice_dimensions": {
                                        "Location": "ALLAREA"
                                    },
                                    "text_type": "2",
                                    "fact_text": "In <span class='fact-year'>2015</span>, <span class='fact-value'>8.97961</span> <span class='fact-unit'>% </span> of the population used a \"safely managed\" sanitation service - a basic facility that safely disposes of human waste",
                                    "fact_values": [
                                        "8.97961"
                                    ],
                                    "fact_units": [
                                        "% "
                                    ],
                                    "fact_years": [
                                        "2015"
                                    ],
                                    "data_years": [
                                        "2004",
                                        "2013",
                                        "2003",
                                        "2006",
                                        "2014",
                                        "2007",
                                        "2001",
                                        "2011",
                                        "2005",
                                        "2015",
                                        "2008",
                                        "2010",
                                        "2009",
                                        "2002",
                                        "2012"
                                    ],
                                    "data_values": [
                                        "7.53941",
                                        "9.23743",
                                        "7.55507",
                                        "7.8017",
                                        "9.05842",
                                        "8.06206",
                                        "7.57387",
                                        "8.92946",
                                        "7.52377",
                                        "8.97961",
                                        "8.30486",
                                        "8.73851",
                                        "8.53034",
                                        "7.56756",
                                        "9.10325"
                                    ],
                                    "data_is_censored": [
                                        false,
                                        false,
                                        false,
                                        false,
                                        false,
                                        false,
                                        false,
                                        false,
                                        false,
                                        false,
                                        false,
                                        false,
                                        false,
                                        false,
                                        false
                                    ],
                                    "data_numeric_part": [
                                        7.5,
                                        9.2,
                                        7.6,
                                        7.8,
                                        9.1,
                                        8.1,
                                        7.6,
                                        8.9,
                                        7.5,
                                        9.0,
                                        8.3,
                                        8.7,
                                        8.5,
                                        7.6,
                                        9.1
                                    ],
                                    "preferred_visualization": "time_series"
                                }
                            ]
                        }
                    ]
                }
            ]
        },
        {
            "goalCode": "7",
            "targets": [
                {
                    "targetCode": "7.1",
                    "indicators": [
                        {
                            "indicatorCode": "7.1.1",
                            "facts": [
                                {
                                    "seriesCode": "EG_ELC_ACCS",
                                    "seriesTitle": "Proportion of population with access to electricity, by urban/rural (%)",
                                    "hub": "81cf3e70351c4895828a2486efa2142c",
                                    "slice_dimensions": {
                                        "Location": "ALLAREA"
                                    },
                                    "text_type": "1",
                                    "fact_text": "The proportion of the population with access to electricity increased from <span class='fact-value'>94.30</span> <span class='fact-unit'>%</span> in <span class='fact-year'>2000</span> to <span class='fact-value'>99.43%</span>  in  <span class='fact-year'>2016</span>.",
                                    "fact_values": [
                                        "94.30",
                                        "99.43"
                                    ],
                                    "fact_units": [
                                        "%",
                                        "%"
                                    ],
                                    "fact_years": [
                                        "2000",
                                        "2016"
                                    ],
                                    "data_years": [
                                        "2006",
                                        "2005",
                                        "2004",
                                        "2001",
                                        "2000",
                                        "2003",
                                        "2002",
                                        "2011",
                                        "2014",
                                        "2015",
                                        "2012",
                                        "2013",
                                        "2016",
                                        "2008",
                                        "2007",
                                        "2010",
                                        "2009"
                                    ],
                                    "data_values": [
                                        "95.85",
                                        "95.59",
                                        "95.33",
                                        "94.57",
                                        "94.30",
                                        "95.08",
                                        "94.63",
                                        "97.49",
                                        "98.64",
                                        "99.03",
                                        "97.67",
                                        "98.25",
                                        "99.43",
                                        "96.45",
                                        "96.70",
                                        "97.13",
                                        "96.78"
                                    ],
                                    "data_is_censored": [
                                        false,
                                        false,
                                        false,
                                        false,
                                        false,
                                        false,
                                        false,
                                        false,
                                        false,
                                        false,
                                        false,
                                        false,
                                        false,
                                        false,
                                        false,
                                        false,
                                        false
                                    ],
                                    "data_numeric_part": [
                                        96.0,
                                        96.0,
                                        95.0,
                                        95.0,
                                        94.0,
                                        95.0,
                                        95.0,
                                        97.0,
                                        99.0,
                                        99.0,
                                        98.0,
                                        98.0,
                                        99.0,
                                        96.0,
                                        97.0,
                                        97.0,
                                        97.0
                                    ],
                                    "preferred_visualization": "time_series"
                                }
                            ]
                        },
                        {
                            "indicatorCode": "7.1.2",
                            "facts": [
                                {
                                    "seriesCode": "EG_EGY_CLEAN",
                                    "seriesTitle": "Proportion of population with primary reliance on clean fuels and technology (%)",
                                    "hub": "b087399f0b874ab9948714edcd49cbdd",
                                    "slice_dimensions": {},
                                    "text_type": "8",
                                    "fact_text": "In <span class='fact-year'> 2017</span> , <span class='fact-value'> 52</span>  <span class='fact-unit'>% </span> of the population relied primarily on clean fuels and technology.",
                                    "fact_values": [
                                        "52"
                                    ],
                                    "fact_units": [
                                        "% "
                                    ],
                                    "fact_years": [
                                        "2017"
                                    ],
                                    "data_years": [
                                        "2017",
                                        "2016",
                                        "2015",
                                        "2010",
                                        "2005",
                                        "2000"
                                    ],
                                    "data_values": [
                                        "52",
                                        "52",
                                        "51",
                                        "44",
                                        "35",
                                        "20"
                                    ],
                                    "data_is_censored": [
                                        false,
                                        false,
                                        false,
                                        false,
                                        false,
                                        false
                                    ],
                                    "data_numeric_part": [
                                        52.0,
                                        52.0,
                                        51.0,
                                        44.0,
                                        35.0,
                                        20.0
                                    ],
                                    "preferred_visualization": "time_series"
                                }
                            ]
                        }
                    ]
                }
            ]
        },
        {
            "goalCode": "8",
            "targets": [
                {
                    "targetCode": "8.4",
                    "indicators": [
                        {
                            "indicatorCode": "8.4.2",
                            "facts": [
                                {
                                    "seriesCode": "EN_MAT_DOMCMPC",
                                    "seriesTitle": "Domestic material consumption per capita, by type of raw material (tonnes)",
                                    "hub": "995242b2ec9f4a21975ef7d47b5657bb",
                                    "slice_dimensions": {
                                        "Type of product": "RAW"
                                    },
                                    "text_type": "1",
                                    "fact_text": "Domestic material consumption increased from <span class='fact-value'>0.9359</span> <span class='fact-unit'> metric tons per capita</span> in <span class='fact-year'>2000</span> to <span class='fact-value'>1.11384 metric tons per capita</span>  in  <span class='fact-year'>2017</span>.",
                                    "fact_values": [
                                        "0.9359",
                                        "1.11384"
                                    ],
                                    "fact_units": [
                                        " metric tons per capita",
                                        " metric tons per capita"
                                    ],
                                    "fact_years": [
                                        "2000",
                                        "2017"
                                    ],
                                    "data_years": [
                                        "2000",
                                        "2002",
                                        "2003",
                                        "2001",
                                        "2011",
                                        "2012",
                                        "2010",
                                        "2014",
                                        "2015",
                                        "2016",
                                        "2017",
                                        "2013",
                                        "2005",
                                        "2006",
                                        "2004",
                                        "2008",
                                        "2009",
                                        "2007"
                                    ],
                                    "data_values": [
                                        "0.9359",
                                        "0.93929",
                                        "0.87792",
                                        "0.79967",
                                        "1.38586",
                                        "1.74822",
                                        "1.11753",
                                        "0.99834",
                                        "1.03766",
                                        "1.07603",
                                        "1.11384",
                                        "1.39122",
                                        "1.03676",
                                        "0.86953",
                                        "1.03332",
                                        "1.04732",
                                        "1.08674",
                                        "0.90419"
                                    ],
                                    "data_is_censored": [
                                        false,
                                        false,
                                        false,
                                        false,
                                        false,
                                        false,
                                        false,
                                        false,
                                        false,
                                        false,
                                        false,
                                        false,
                                        false,
                                        false,
                                        false,
                                        false,
                                        false,
                                        false
                                    ],
                                    "data_numeric_part": [
                                        0.94,
                                        0.94,
                                        0.88,
                                        0.8,
                                        1.4,
                                        1.7,
                                        1.1,
                                        1.0,
                                        1.0,
                                        1.1,
                                        1.1,
                                        1.4,
                                        1.0,
                                        0.87,
                                        1.0,
                                        1.0,
                                        1.1,
                                        0.9
                                    ],
                                    "preferred_visualization": "time_series"
                                }
                            ]
                        }
                    ]
                },
                {
                    "targetCode": "8.5",
                    "indicators": [
                        {
                            "indicatorCode": "8.5.2",
                            "facts": [
                                {
                                    "seriesCode": "SL_TLF_UEM",
                                    "seriesTitle": "Unemployment rate, by sex and age (%)",
                                    "hub": "72c32323563d4a0b9432c9edcb85267a",
                                    "slice_dimensions": {
                                        "Age": "15+",
                                        "Sex": "BOTHSEX"
                                    },
                                    "text_type": "1",
                                    "fact_text": "The total unemployment rate was <span class='fact-value'>6.5</span> <span class='fact-unit'>%</span> in <span class='fact-year'>2002</span>.",
                                    "fact_values": [
                                        "6.5"
                                    ],
                                    "fact_units": [
                                        "%"
                                    ],
                                    "fact_years": [
                                        "2002"
                                    ],
                                    "data_years": [
                                        "2002"
                                    ],
                                    "data_values": [
                                        "6.5"
                                    ],
                                    "data_is_censored": [
                                        false
                                    ],
                                    "data_numeric_part": [
                                        6.5
                                    ],
                                    "preferred_visualization": "singleton"
                                }
                            ]
                        }
                    ]
                },
                {
                    "targetCode": "8.1",
                    "indicators": [
                        {
                            "indicatorCode": "8.1.1",
                            "facts": [
                                {
                                    "seriesCode": "NY_GDP_PCAP",
                                    "seriesTitle": "Annual growth rate of real GDP per capita (%)",
                                    "hub": "3cb997d2497148e68dca6787fcb84ca5",
                                    "slice_dimensions": {},
                                    "text_type": "1",
                                    "fact_text": "The annual growth rate of real gross domestic product (GDP) per capita declined from <span class='fact-value'>12.44</span> <span class='fact-unit'>%</span> in <span class='fact-year'>2000</span> to <span class='fact-value'>5.04%</span>  in  <span class='fact-year'>2017</span>.",
                                    "fact_values": [
                                        "12.44",
                                        "5.04"
                                    ],
                                    "fact_units": [
                                        "%",
                                        "%"
                                    ],
                                    "fact_years": [
                                        "2000",
                                        "2017"
                                    ],
                                    "data_years": [
                                        "2016",
                                        "2015",
                                        "2014",
                                        "2017",
                                        "2012",
                                        "2011",
                                        "2010",
                                        "2013",
                                        "2009",
                                        "2008",
                                        "2007",
                                        "2006",
                                        "2005",
                                        "2004",
                                        "2003",
                                        "2002",
                                        "2001",
                                        "2000"
                                    ],
                                    "data_values": [
                                        "4.97",
                                        "8.31",
                                        "0.35",
                                        "5.04",
                                        "-4.75",
                                        "6.49",
                                        "-4.14",
                                        "4.00",
                                        "-5.06",
                                        "6.09",
                                        "5.25",
                                        "1.77",
                                        "-5.39",
                                        "-2.94",
                                        "-4.41",
                                        "-0.09",
                                        "4.92",
                                        "12.44"
                                    ],
                                    "data_is_censored": [
                                        false,
                                        false,
                                        false,
                                        false,
                                        false,
                                        false,
                                        false,
                                        false,
                                        false,
                                        false,
                                        false,
                                        false,
                                        false,
                                        false,
                                        false,
                                        false,
                                        false,
                                        false
                                    ],
                                    "data_numeric_part": [
                                        5.0,
                                        8.3,
                                        0.35,
                                        5.0,
                                        -4.75,
                                        6.5,
                                        -4.14,
                                        4.0,
                                        -5.06,
                                        6.1,
                                        5.3,
                                        1.8,
                                        -5.39,
                                        -2.94,
                                        -4.41,
                                        -0.09,
                                        4.9,
                                        12.0
                                    ],
                                    "preferred_visualization": "time_series"
                                }
                            ]
                        }
                    ]
                }
            ]
        },
        {
            "goalCode": "9",
            "targets": [
                {
                    "targetCode": "9.c",
                    "indicators": [
                        {
                            "indicatorCode": "9.c.1",
                            "facts": [
                                {
                                    "seriesCode": "IT_MOB_NTWK",
                                    "seriesTitle": "Proportion of population covered by a mobile network, by technology (%)",
                                    "hub": "8943ce6f81b44120b6124fedb3b094d8",
                                    "slice_dimensions": {
                                        "Type of mobile technology": "AL2G"
                                    },
                                    "text_type": "2",
                                    "fact_text": "In <span class='fact-year'>2017</span>, <span class='fact-value'>48.00</span> <span class='fact-unit'>% </span> of the population was in range of at least a second-generation (2G) cellular signal",
                                    "fact_values": [
                                        "48.00"
                                    ],
                                    "fact_units": [
                                        "% "
                                    ],
                                    "fact_years": [
                                        "2017"
                                    ],
                                    "data_years": [
                                        "2017",
                                        "2015",
                                        "2007",
                                        "2006",
                                        "2005",
                                        "2016",
                                        "2004"
                                    ],
                                    "data_values": [
                                        "48.00",
                                        "19.00",
                                        "18.00",
                                        "16.00",
                                        "13.00",
                                        "20.00",
                                        "15.00"
                                    ],
                                    "data_is_censored": [
                                        false,
                                        false,
                                        false,
                                        false,
                                        false,
                                        false,
                                        false
                                    ],
                                    "data_numeric_part": [
                                        48.0,
                                        19.0,
                                        18.0,
                                        16.0,
                                        13.0,
                                        20.0,
                                        15.0
                                    ],
                                    "preferred_visualization": "time_series"
                                }
                            ]
                        }
                    ]
                }
            ]
        },
        {
            "goalCode": "11",
            "targets": [
                {
                    "targetCode": "11.6",
                    "indicators": [
                        {
                            "indicatorCode": "11.6.2",
                            "facts": [
                                {
                                    "seriesCode": "EN_ATM_PM25",
                                    "seriesTitle": "Annual mean levels of fine particulate matter in cities, urban population (micrograms per cubic meter)",
                                    "hub": "5b43bb59961a46daa3b8af9384f60103",
                                    "slice_dimensions": {
                                        "Location": "ALLAREA"
                                    },
                                    "text_type": "10",
                                    "fact_text": "In <span class='fact-year'> 2016</span> , the annual population-weighted average mean concentration of fine suspended particles of less than 2.5 microns in diameters (PM2.5) was about <span class='fact-value'> 11.4216709136963</span>  <span class='fact-unit'> micrograms per cubic metre</span> .  This is above the maximum level for safety set by WHO of 10 micrograms per cubic metre.",
                                    "fact_values": [
                                        "11.4216709136963"
                                    ],
                                    "fact_units": [
                                        " micrograms per cubic metre"
                                    ],
                                    "fact_years": [
                                        "2016"
                                    ],
                                    "data_years": [
                                        "2016"
                                    ],
                                    "data_values": [
                                        "11.4216709136963"
                                    ],
                                    "data_is_censored": [
                                        false
                                    ],
                                    "data_numeric_part": [
                                        11.0
                                    ],
                                    "preferred_visualization": "threshold"
                                }
                            ]
                        }
                    ]
                }
            ]
        },
        {
            "goalCode": "12",
            "targets": [
                {
                    "targetCode": "12.2",
                    "indicators": [
                        {
                            "indicatorCode": "12.2.2",
                            "facts": [
                                {
                                    "seriesCode": "EN_MAT_DOMCMPC",
                                    "seriesTitle": "Domestic material consumption per capita, by type of raw material (tonnes)",
                                    "hub": "995242b2ec9f4a21975ef7d47b5657bb",
                                    "slice_dimensions": {
                                        "Type of product": "RAW"
                                    },
                                    "text_type": "1",
                                    "fact_text": "Domestic material consumption increased from <span class='fact-value'>0.9359</span> <span class='fact-unit'> metric tons per capita</span> in <span class='fact-year'>2000</span> to <span class='fact-value'>1.11384 metric tons per capita</span>  in  <span class='fact-year'>2017</span>.",
                                    "fact_values": [
                                        "0.9359",
                                        "1.11384"
                                    ],
                                    "fact_units": [
                                        " metric tons per capita",
                                        " metric tons per capita"
                                    ],
                                    "fact_years": [
                                        "2000",
                                        "2017"
                                    ],
                                    "data_years": [
                                        "2000",
                                        "2002",
                                        "2003",
                                        "2001",
                                        "2011",
                                        "2012",
                                        "2010",
                                        "2014",
                                        "2015",
                                        "2016",
                                        "2017",
                                        "2013",
                                        "2005",
                                        "2006",
                                        "2004",
                                        "2008",
                                        "2009",
                                        "2007"
                                    ],
                                    "data_values": [
                                        "0.9359",
                                        "0.93929",
                                        "0.87792",
                                        "0.79967",
                                        "1.38586",
                                        "1.74822",
                                        "1.11753",
                                        "0.99834",
                                        "1.03766",
                                        "1.07603",
                                        "1.11384",
                                        "1.39122",
                                        "1.03676",
                                        "0.86953",
                                        "1.03332",
                                        "1.04732",
                                        "1.08674",
                                        "0.90419"
                                    ],
                                    "data_is_censored": [
                                        false,
                                        false,
                                        false,
                                        false,
                                        false,
                                        false,
                                        false,
                                        false,
                                        false,
                                        false,
                                        false,
                                        false,
                                        false,
                                        false,
                                        false,
                                        false,
                                        false,
                                        false
                                    ],
                                    "data_numeric_part": [
                                        0.94,
                                        0.94,
                                        0.88,
                                        0.8,
                                        1.4,
                                        1.7,
                                        1.1,
                                        1.0,
                                        1.0,
                                        1.1,
                                        1.1,
                                        1.4,
                                        1.0,
                                        0.87,
                                        1.0,
                                        1.0,
                                        1.1,
                                        0.9
                                    ],
                                    "preferred_visualization": "time_series"
                                }
                            ]
                        }
                    ]
                }
            ]
        },
        {
            "goalCode": "14",
            "targets": [
                {
                    "targetCode": "14.5",
                    "indicators": [
                        {
                            "indicatorCode": "14.5.1",
                            "facts": [
                                {
                                    "seriesCode": "ER_MRN_MARIN",
                                    "seriesTitle": "Coverage of protected areas in relation to marine areas (Exclusive Economic Zones) (%)",
                                    "hub": "2a0cad7f76284e8c978bfcb0fa15cd76",
                                    "slice_dimensions": {},
                                    "text_type": "8",
                                    "fact_text": "In <span class='fact-year'> 2018</span> , <span class='fact-value'> 0.00848</span>  <span class='fact-unit'>% </span> of the marine environment under national jurisdiction (up to 200 nautical miles from shore) was under protection.",
                                    "fact_values": [
                                        "0.00848"
                                    ],
                                    "fact_units": [
                                        "% "
                                    ],
                                    "fact_years": [
                                        "2018"
                                    ],
                                    "data_years": [
                                        "2018"
                                    ],
                                    "data_values": [
                                        "0.00848"
                                    ],
                                    "data_is_censored": [
                                        false
                                    ],
                                    "data_numeric_part": [
                                        0.01
                                    ],
                                    "preferred_visualization": "singleton"
                                }
                            ]
                        }
                    ]
                }
            ]
        },
        {
            "goalCode": "15",
            "targets": [
                {
                    "targetCode": "15.1",
                    "indicators": [
                        {
                            "indicatorCode": "15.1.1",
                            "facts": [
                                {
                                    "seriesCode": "AG_LND_FRST",
                                    "seriesTitle": "Forest area as a proportion of total land area (%)",
                                    "hub": "e23061ce674142b5b33c46ea5e031658",
                                    "slice_dimensions": {},
                                    "text_type": "1",
                                    "fact_text": "Land area covered by forest was <span class='fact-value'>33.33333</span> <span class='fact-unit'>%</span> in <span class='fact-year'>2015</span>.",
                                    "fact_values": [
                                        "33.33333"
                                    ],
                                    "fact_units": [
                                        "%"
                                    ],
                                    "fact_years": [
                                        "2015"
                                    ],
                                    "data_years": [
                                        "2015",
                                        "2010",
                                        "2005",
                                        "2000"
                                    ],
                                    "data_values": [
                                        "33.33333",
                                        "33.33333",
                                        "33.33333",
                                        "33.33333"
                                    ],
                                    "data_is_censored": [
                                        false,
                                        false,
                                        false,
                                        false
                                    ],
                                    "data_numeric_part": [
                                        33.0,
                                        33.0,
                                        33.0,
                                        33.0
                                    ],
                                    "preferred_visualization": "time_series"
                                }
                            ]
                        }
                    ]
                }
            ]
        },
        {
            "goalCode": "16",
            "targets": [
                {
                    "targetCode": "16.1",
                    "indicators": [
                        {
                            "indicatorCode": "16.1.1",
                            "facts": [
                                {
                                    "seriesCode": "VC_IHR_PSRC",
                                    "seriesTitle": "Number of victims of intentional homicide per 100,000 population, by sex (victims per 100,000 population)",
                                    "hub": "b65e89e905a744e5992889ddc27f8fc7",
                                    "slice_dimensions": {},
                                    "text_type": "11",
                                    "fact_text": "In <span class='fact-year'> 2012</span> , the intentional homicide rate was <span class='fact-value'> 18.65</span>  <span class='fact-unit'> per 100,000 population</span> . ",
                                    "fact_values": [
                                        "18.65"
                                    ],
                                    "fact_units": [
                                        " per 100,000 population"
                                    ],
                                    "fact_years": [
                                        "2012"
                                    ],
                                    "data_years": [
                                        "2012",
                                        "2011",
                                        "2010"
                                    ],
                                    "data_values": [
                                        "18.65",
                                        "9.41",
                                        "9.50"
                                    ],
                                    "data_is_censored": [
                                        false,
                                        false,
                                        false
                                    ],
                                    "data_numeric_part": [
                                        19.0,
                                        9.4,
                                        9.5
                                    ],
                                    "preferred_visualization": "singleton"
                                }
                            ]
                        }
                    ]
                },
                {
                    "targetCode": "16.9",
                    "indicators": [
                        {
                            "indicatorCode": "16.9.1",
                            "facts": [
                                {
                                    "seriesCode": "SG_REG_BRTH",
                                    "seriesTitle": "Proportion of children under 5 years of age whose births have been registered with a civil authority (% of children under 5 years of age)",
                                    "hub": "",
                                    "slice_dimensions": {
                                        "Age": "<5Y"
                                    },
                                    "text_type": "3",
                                    "fact_text": "In <span class='fact-year'> 2007</span> , there were about <span class='fact-value'> 49.9</span> <span class='fact-unit'>%</span>  of children under age 5 whose births were registered with a civil authority",
                                    "fact_values": [
                                        "49.9"
                                    ],
                                    "fact_units": [
                                        "%"
                                    ],
                                    "fact_years": [
                                        "2007"
                                    ],
                                    "data_years": [
                                        "2007"
                                    ],
                                    "data_values": [
                                        "49.9"
                                    ],
                                    "data_is_censored": [
                                        false
                                    ],
                                    "data_numeric_part": [
                                        50.0
                                    ],
                                    "preferred_visualization": "singleton"
                                }
                            ]
                        }
                    ]
                }
            ]
        },
        {
            "goalCode": "17",
            "targets": [
                {
                    "targetCode": "17.3",
                    "indicators": [
                        {
                            "indicatorCode": "17.3.2",
                            "facts": [
                                {
                                    "seriesCode": "BX_TRF_PWKR",
                                    "seriesTitle": "Volume of remittances (in United States dollars) as a proportion of total GDP (%)",
                                    "hub": "68e9ec78abe543889762bbdd36cd3d31",
                                    "slice_dimensions": {},
                                    "text_type": "9",
                                    "fact_text": "In <span class='fact-year'> 2016</span> , the inflow of personal remittances was <span class='fact-value'> 11.86</span>  <span class='fact-unit'>% of GDP</span> , down from <span class='fact-value'> 32.21</span>  <span class='fact-unit'>%</span>  in <span class='fact-year'> 2001</span> ",
                                    "fact_values": [
                                        "32.21% of GDP",
                                        "11.86% of GDP"
                                    ],
                                    "fact_units": [
                                        "%"
                                    ],
                                    "fact_years": [
                                        "2001",
                                        "2016"
                                    ],
                                    "data_years": [
                                        "2015",
                                        "2016",
                                        "2007",
                                        "2012",
                                        "2014",
                                        "2009",
                                        "2013",
                                        "2010",
                                        "2008",
                                        "2011",
                                        "2003",
                                        "2001",
                                        "2002",
                                        "2005",
                                        "2006",
                                        "2004"
                                    ],
                                    "data_values": [
                                        "12.42",
                                        "11.86",
                                        "20.74",
                                        "9.62",
                                        "10.89",
                                        "17.81",
                                        "10.59",
                                        "12.32",
                                        "19.69",
                                        "11.66",
                                        "27.85",
                                        "32.21",
                                        "42.34",
                                        "22.58",
                                        "16.00",
                                        "22.58"
                                    ],
                                    "data_is_censored": [
                                        false,
                                        false,
                                        false,
                                        false,
                                        false,
                                        false,
                                        false,
                                        false,
                                        false,
                                        false,
                                        false,
                                        false,
                                        false,
                                        false,
                                        false,
                                        false
                                    ],
                                    "data_numeric_part": [
                                        12.0,
                                        12.0,
                                        21.0,
                                        9.6,
                                        11.0,
                                        18.0,
                                        11.0,
                                        12.0,
                                        20.0,
                                        12.0,
                                        28.0,
                                        32.0,
                                        42.0,
                                        23.0,
                                        16.0,
                                        23.0
                                    ],
                                    "preferred_visualization": "time_series"
                                }
                            ]
                        }
                    ]
                },
                {
                    "targetCode": "17.6",
                    "indicators": [
                        {
                            "indicatorCode": "17.6.2",
                            "facts": [
                                {
                                    "seriesCode": "IT_NET_BBP",
                                    "seriesTitle": "Fixed Internet broadband subscriptions per 100\u00a0inhabitants, by speed (per 100 inhabitants)",
                                    "hub": "f59cf3f8a0ec41a2b601a28682e6f2c8",
                                    "slice_dimensions": {
                                        "Type of speed": "ANYS"
                                    },
                                    "text_type": "15",
                                    "fact_text": "In <span class='fact-year'> 2017</span> , fixed-broadband internet penetration reached <span class='fact-value'> 4.02</span>  <span class='fact-unit'>% of the population</span> , up from 0.51% of the population in <span class='fact-year'> 2004</span> .",
                                    "fact_values": [
                                        "0.51",
                                        "4.02"
                                    ],
                                    "fact_units": [
                                        "% of the population",
                                        "% of the population"
                                    ],
                                    "fact_years": [
                                        "2004",
                                        "2017"
                                    ],
                                    "data_years": [
                                        "2010",
                                        "2009",
                                        "2008",
                                        "2007",
                                        "2006",
                                        "2005",
                                        "2004",
                                        "2011",
                                        "2012",
                                        "2017",
                                        "2016",
                                        "2015",
                                        "2014",
                                        "2013"
                                    ],
                                    "data_values": [
                                        "2.28",
                                        "0.96",
                                        "2.80",
                                        "2.64",
                                        "2.47",
                                        "1.50",
                                        "0.51",
                                        "4.23",
                                        "4.20",
                                        "4.02",
                                        "4.06",
                                        "4.09",
                                        "4.13",
                                        "4.16"
                                    ],
                                    "data_is_censored": [
                                        false,
                                        false,
                                        false,
                                        false,
                                        false,
                                        false,
                                        false,
                                        false,
                                        false,
                                        false,
                                        false,
                                        false,
                                        false,
                                        false
                                    ],
                                    "data_numeric_part": [
                                        2.3,
                                        0.96,
                                        2.8,
                                        2.6,
                                        2.5,
                                        1.5,
                                        0.51,
                                        4.2,
                                        4.2,
                                        4.0,
                                        4.1,
                                        4.1,
                                        4.1,
                                        4.2
                                    ],
                                    "preferred_visualization": "time_series"
                                }
                            ]
                        }
                    ]
                }
            ]
        }
    ]
}