{
    "release": "2019.Q1.G.02",
    "country_code": "500",
    "country_name": "Montserrat",
    "X": "-62.19261223",
    "Y": "16.73558313",
    "goals": [
        {
            "goalCode": "4",
            "targets": [
                {
                    "targetCode": "4.2",
                    "indicators": [
                        {
                            "indicatorCode": "4.2.2",
                            "facts": [
                                {
                                    "seriesCode": "SE_PRE_PARTN",
                                    "seriesTitle": "Participation rate in organized learning (one year before the official primary entry age), by sex (%)",
                                    "hub": "3459681b792a4979a9d9731c75f7f80d",
                                    "slice_dimensions": {
                                        "Sex": "BOTHSEX"
                                    },
                                    "text_type": "2",
                                    "fact_text": "In <span class='fact-year'>2007</span>, <span class='fact-value'>97.42777</span> <span class='fact-unit'>% </span> of children participated in pre-primary or primary education in the year prior to the official entrance age for primary school",
                                    "fact_values": [
                                        "97.42777"
                                    ],
                                    "fact_units": [
                                        "% "
                                    ],
                                    "fact_years": [
                                        "2007"
                                    ],
                                    "data_years": [
                                        "2002",
                                        "2006",
                                        "2005",
                                        "2007",
                                        "2004"
                                    ],
                                    "data_values": [
                                        "91.17647",
                                        "67.64706",
                                        "78.28283",
                                        "97.42777",
                                        "90.6238"
                                    ],
                                    "data_is_censored": [
                                        false,
                                        false,
                                        false,
                                        false,
                                        false
                                    ],
                                    "data_numeric_part": [
                                        91.0,
                                        68.0,
                                        78.0,
                                        97.0,
                                        91.0
                                    ],
                                    "preferred_visualization": "time_series"
                                }
                            ]
                        }
                    ]
                },
                {
                    "targetCode": "4.5",
                    "indicators": [
                        {
                            "indicatorCode": "4.5.1",
                            "facts": [
                                {
                                    "seriesCode": "SE_GPI_MATACH",
                                    "seriesTitle": "Gender parity index for achievement in mathematics, by education level (ratio)",
                                    "hub": "c24e8fbbada54780b6c36fd899f864b2",
                                    "slice_dimensions": {
                                        "Education level": "PRIMAR"
                                    },
                                    "text_type": "4",
                                    "fact_text": "Gender parity index for achievement in mathematics at the end of primary education was <span class='fact-value'>1.5625</span>  in <span class='fact-year'> 2015</span> , meaning 156.25 girls per 100 boys achieved at least a minimum proficiency level in mathematics.",
                                    "fact_values": [
                                        "1.5625"
                                    ],
                                    "fact_units": [
                                        ""
                                    ],
                                    "fact_years": [
                                        "2015"
                                    ],
                                    "data_years": [
                                        "2015"
                                    ],
                                    "data_values": [
                                        "1.5625"
                                    ],
                                    "data_is_censored": [
                                        false
                                    ],
                                    "data_numeric_part": [
                                        1.6
                                    ],
                                    "preferred_visualization": "singleton"
                                },
                                {
                                    "seriesCode": "SE_GPI_REAACH",
                                    "seriesTitle": "Gender parity index for achievement in reading, by education level (ratio)",
                                    "hub": "7f75a26e77c7487e993799b22ad7ba88",
                                    "slice_dimensions": {
                                        "Education level": "PRIMAR"
                                    },
                                    "text_type": "4",
                                    "fact_text": "Gender parity index for achievement in reading at the end of primary education was <span class='fact-value'>1</span>  in <span class='fact-year'> 2015</span> , meaning 100.0 girls per 100 boys achieved at least a minimum proficiency level in reading.",
                                    "fact_values": [
                                        "1"
                                    ],
                                    "fact_units": [
                                        ""
                                    ],
                                    "fact_years": [
                                        "2015"
                                    ],
                                    "data_years": [
                                        "2015"
                                    ],
                                    "data_values": [
                                        "1"
                                    ],
                                    "data_is_censored": [
                                        false
                                    ],
                                    "data_numeric_part": [
                                        1.0
                                    ],
                                    "preferred_visualization": "singleton"
                                }
                            ]
                        }
                    ]
                }
            ]
        },
        {
            "goalCode": "8",
            "targets": [
                {
                    "targetCode": "8.1",
                    "indicators": [
                        {
                            "indicatorCode": "8.1.1",
                            "facts": [
                                {
                                    "seriesCode": "NY_GDP_PCAP",
                                    "seriesTitle": "Annual growth rate of real GDP per capita (%)",
                                    "hub": "3cb997d2497148e68dca6787fcb84ca5",
                                    "slice_dimensions": {},
                                    "text_type": "1",
                                    "fact_text": "The annual growth rate of real gross domestic product (GDP) per capita was <span class='fact-value'>-3.28</span> <span class='fact-unit'>%</span> in <span class='fact-year'>2017</span>.",
                                    "fact_values": [
                                        "-3.28"
                                    ],
                                    "fact_units": [
                                        "%"
                                    ],
                                    "fact_years": [
                                        "2017"
                                    ],
                                    "data_years": [
                                        "2016",
                                        "2015",
                                        "2014",
                                        "2017",
                                        "2013",
                                        "2012",
                                        "2011",
                                        "2010",
                                        "2009",
                                        "2008",
                                        "2007",
                                        "2006",
                                        "2005",
                                        "2004",
                                        "2003",
                                        "2002",
                                        "2001",
                                        "2000"
                                    ],
                                    "data_values": [
                                        "-0.01",
                                        "-2.42",
                                        "1.64",
                                        "-3.28",
                                        "4.51",
                                        "2.74",
                                        "4.41",
                                        "-3.23",
                                        "-0.76",
                                        "4.05",
                                        "2.33",
                                        "-2.11",
                                        "0.24",
                                        "0.82",
                                        "-1.65",
                                        "5.32",
                                        "9.64",
                                        "13.84"
                                    ],
                                    "data_is_censored": [
                                        false,
                                        false,
                                        false,
                                        false,
                                        false,
                                        false,
                                        false,
                                        false,
                                        false,
                                        false,
                                        false,
                                        false,
                                        false,
                                        false,
                                        false,
                                        false,
                                        false,
                                        false
                                    ],
                                    "data_numeric_part": [
                                        -0.01,
                                        -2.42,
                                        1.6,
                                        -3.28,
                                        4.5,
                                        2.7,
                                        4.4,
                                        -3.23,
                                        -0.76,
                                        4.1,
                                        2.3,
                                        -2.11,
                                        0.24,
                                        0.82,
                                        -1.65,
                                        5.3,
                                        9.6,
                                        14.0
                                    ],
                                    "preferred_visualization": "time_series"
                                }
                            ]
                        }
                    ]
                }
            ]
        },
        {
            "goalCode": "9",
            "targets": [
                {
                    "targetCode": "9.c",
                    "indicators": [
                        {
                            "indicatorCode": "9.c.1",
                            "facts": [
                                {
                                    "seriesCode": "IT_MOB_NTWK",
                                    "seriesTitle": "Proportion of population covered by a mobile network, by technology (%)",
                                    "hub": "8943ce6f81b44120b6124fedb3b094d8",
                                    "slice_dimensions": {
                                        "Type of mobile technology": "AL2G"
                                    },
                                    "text_type": "2",
                                    "fact_text": "In <span class='fact-year'>2007</span>, <span class='fact-value'>98.00</span> <span class='fact-unit'>% </span> of the population was in range of at least a second-generation (2G) cellular signal",
                                    "fact_values": [
                                        "98.00"
                                    ],
                                    "fact_units": [
                                        "% "
                                    ],
                                    "fact_years": [
                                        "2007"
                                    ],
                                    "data_years": [
                                        "2006",
                                        "2007"
                                    ],
                                    "data_values": [
                                        "66.00",
                                        "98.00"
                                    ],
                                    "data_is_censored": [
                                        false,
                                        false
                                    ],
                                    "data_numeric_part": [
                                        66.0,
                                        98.0
                                    ],
                                    "preferred_visualization": "singleton"
                                }
                            ]
                        }
                    ]
                }
            ]
        },
        {
            "goalCode": "15",
            "targets": [
                {
                    "targetCode": "15.1",
                    "indicators": [
                        {
                            "indicatorCode": "15.1.1",
                            "facts": [
                                {
                                    "seriesCode": "AG_LND_FRST",
                                    "seriesTitle": "Forest area as a proportion of total land area (%)",
                                    "hub": "e23061ce674142b5b33c46ea5e031658",
                                    "slice_dimensions": {},
                                    "text_type": "1",
                                    "fact_text": "Land area covered by forest was <span class='fact-value'>25</span> <span class='fact-unit'>%</span> in <span class='fact-year'>2015</span>.",
                                    "fact_values": [
                                        "25"
                                    ],
                                    "fact_units": [
                                        "%"
                                    ],
                                    "fact_years": [
                                        "2015"
                                    ],
                                    "data_years": [
                                        "2015",
                                        "2010",
                                        "2005",
                                        "2000"
                                    ],
                                    "data_values": [
                                        "25",
                                        "25",
                                        "25",
                                        "25"
                                    ],
                                    "data_is_censored": [
                                        false,
                                        false,
                                        false,
                                        false
                                    ],
                                    "data_numeric_part": [
                                        25.0,
                                        25.0,
                                        25.0,
                                        25.0
                                    ],
                                    "preferred_visualization": "time_series"
                                }
                            ]
                        },
                        {
                            "indicatorCode": "15.1.2",
                            "facts": [
                                {
                                    "seriesCode": "ER_PTD_TERRS",
                                    "seriesTitle": "Average proportion of Terrestrial Key Biodiversity Areas (KBAs) covered by protected areas (%)",
                                    "hub": "c2c0216c53744dd7b5278e398328bc99",
                                    "slice_dimensions": {
                                        "Bounds": "MP"
                                    },
                                    "text_type": "7",
                                    "fact_text": "The average proportion of terrestrial key biodiversity areas (KBAs) covered by protected areas was <span class='fact-value'> 30.62732</span>  <span class='fact-unit'>%</span>  in <span class='fact-year'> 2018</span> .",
                                    "fact_values": [
                                        "30.62732"
                                    ],
                                    "fact_units": [
                                        "%"
                                    ],
                                    "fact_years": [
                                        "2018"
                                    ],
                                    "data_years": [
                                        "2006",
                                        "2007",
                                        "2008",
                                        "2005",
                                        "2009",
                                        "2010",
                                        "2011",
                                        "2000",
                                        "2001",
                                        "2002",
                                        "2003",
                                        "2004",
                                        "2013",
                                        "2014",
                                        "2015",
                                        "2016",
                                        "2017",
                                        "2018",
                                        "2012"
                                    ],
                                    "data_values": [
                                        "0",
                                        "0",
                                        "0",
                                        "0",
                                        "0",
                                        "0",
                                        "0",
                                        "0",
                                        "0",
                                        "0",
                                        "0",
                                        "0",
                                        "0",
                                        "30.62732",
                                        "30.62732",
                                        "30.62732",
                                        "30.62732",
                                        "30.62732",
                                        "0"
                                    ],
                                    "data_is_censored": [
                                        false,
                                        false,
                                        false,
                                        false,
                                        false,
                                        false,
                                        false,
                                        false,
                                        false,
                                        false,
                                        false,
                                        false,
                                        false,
                                        false,
                                        false,
                                        false,
                                        false,
                                        false,
                                        false
                                    ],
                                    "data_numeric_part": [
                                        0.0,
                                        0.0,
                                        0.0,
                                        0.0,
                                        0.0,
                                        0.0,
                                        0.0,
                                        0.0,
                                        0.0,
                                        0.0,
                                        0.0,
                                        0.0,
                                        0.0,
                                        31.0,
                                        31.0,
                                        31.0,
                                        31.0,
                                        31.0,
                                        0.0
                                    ],
                                    "preferred_visualization": "time_series"
                                }
                            ]
                        }
                    ]
                }
            ]
        },
        {
            "goalCode": "16",
            "targets": [
                {
                    "targetCode": "16.1",
                    "indicators": [
                        {
                            "indicatorCode": "16.1.1",
                            "facts": [
                                {
                                    "seriesCode": "VC_IHR_PSRC",
                                    "seriesTitle": "Number of victims of intentional homicide per 100,000 population, by sex (victims per 100,000 population)",
                                    "hub": "b65e89e905a744e5992889ddc27f8fc7",
                                    "slice_dimensions": {},
                                    "text_type": "11",
                                    "fact_text": "In <span class='fact-year'> 2012</span> , the intentional homicide rate was <span class='fact-value'> 19.88</span>  <span class='fact-unit'> per 100,000 population</span> . ",
                                    "fact_values": [
                                        "19.88"
                                    ],
                                    "fact_units": [
                                        " per 100,000 population"
                                    ],
                                    "fact_years": [
                                        "2012"
                                    ],
                                    "data_years": [
                                        "2012"
                                    ],
                                    "data_values": [
                                        "19.88"
                                    ],
                                    "data_is_censored": [
                                        false
                                    ],
                                    "data_numeric_part": [
                                        20.0
                                    ],
                                    "preferred_visualization": "singleton"
                                }
                            ]
                        }
                    ]
                }
            ]
        },
        {
            "goalCode": "17",
            "targets": [
                {
                    "targetCode": "17.6",
                    "indicators": [
                        {
                            "indicatorCode": "17.6.2",
                            "facts": [
                                {
                                    "seriesCode": "IT_NET_BBP",
                                    "seriesTitle": "Fixed Internet broadband subscriptions per 100\u00a0inhabitants, by speed (per 100 inhabitants)",
                                    "hub": "f59cf3f8a0ec41a2b601a28682e6f2c8",
                                    "slice_dimensions": {
                                        "Type of speed": "ANYS"
                                    },
                                    "text_type": "15",
                                    "fact_text": "In <span class='fact-year'> 2015</span> , fixed-broadband internet penetration reached <span class='fact-value'> 117.10</span>  <span class='fact-unit'>% of the population</span> , up from 0.91% of the population in <span class='fact-year'> 2006</span> .",
                                    "fact_values": [
                                        "0.91",
                                        "117.10"
                                    ],
                                    "fact_units": [
                                        "% of the population",
                                        "% of the population"
                                    ],
                                    "fact_years": [
                                        "2006",
                                        "2015"
                                    ],
                                    "data_years": [
                                        "2015",
                                        "2006",
                                        "2007",
                                        "2012",
                                        "2013",
                                        "2014",
                                        "2011",
                                        "2008",
                                        "2009",
                                        "2010"
                                    ],
                                    "data_values": [
                                        "117.10",
                                        "0.91",
                                        "1.02",
                                        "11.93",
                                        "23.68",
                                        "52.96",
                                        "6.01",
                                        "0.20",
                                        "0.41",
                                        "1.01"
                                    ],
                                    "data_is_censored": [
                                        false,
                                        false,
                                        false,
                                        false,
                                        false,
                                        false,
                                        false,
                                        false,
                                        false,
                                        false
                                    ],
                                    "data_numeric_part": [
                                        117.0,
                                        0.91,
                                        1.0,
                                        12.0,
                                        24.0,
                                        53.0,
                                        6.0,
                                        0.2,
                                        0.41,
                                        1.0
                                    ],
                                    "preferred_visualization": "time_series"
                                }
                            ]
                        }
                    ]
                }
            ]
        }
    ]
}