{
    "release": "2019.Q1.G.02",
    "country_code": "736",
    "country_name": "Sudan",
    "X": "29.95650159",
    "Y": "16.02643066",
    "goals": [
        {
            "goalCode": "5",
            "targets": [
                {
                    "targetCode": "5.5",
                    "indicators": [
                        {
                            "indicatorCode": "5.5.1",
                            "facts": [
                                {
                                    "seriesCode": "SG_GEN_PARL",
                                    "seriesTitle": "Proportion of seats held by women in national parliaments (% of total number of seats)",
                                    "hub": "337524c727bd498c8726f9f6bc6512e1",
                                    "slice_dimensions": {
                                        "Sex": "FEMALE"
                                    },
                                    "text_type": "1",
                                    "fact_text": "The proportion of seats held by women in single or lower houses of parliament increased from <span class='fact-value'>8.75</span> <span class='fact-unit'>%</span> in <span class='fact-year'>2000</span> to <span class='fact-value'>25.5605%</span>  in  <span class='fact-year'>2011</span>.",
                                    "fact_values": [
                                        "8.75",
                                        "25.5605"
                                    ],
                                    "fact_units": [
                                        "%",
                                        "%"
                                    ],
                                    "fact_years": [
                                        "2000",
                                        "2011"
                                    ],
                                    "data_years": [
                                        "2004",
                                        "2003",
                                        "2005",
                                        "2000",
                                        "2002",
                                        "2001",
                                        "2010",
                                        "2009",
                                        "2011",
                                        "2007",
                                        "2006",
                                        "2008"
                                    ],
                                    "data_values": [
                                        "9.7222",
                                        "9.7222",
                                        "9.7222",
                                        "8.75",
                                        "9.7222",
                                        "8.75",
                                        "18.9189",
                                        "18.0587",
                                        "25.5605",
                                        "17.7778",
                                        "14.6667",
                                        "18.0587"
                                    ],
                                    "data_is_censored": [
                                        false,
                                        false,
                                        false,
                                        false,
                                        false,
                                        false,
                                        false,
                                        false,
                                        false,
                                        false,
                                        false,
                                        false
                                    ],
                                    "data_numeric_part": [
                                        9.7,
                                        9.7,
                                        9.7,
                                        8.8,
                                        9.7,
                                        8.8,
                                        19.0,
                                        18.0,
                                        26.0,
                                        18.0,
                                        15.0,
                                        18.0
                                    ],
                                    "preferred_visualization": "time_series"
                                }
                            ]
                        }
                    ]
                }
            ]
        },
        {
            "goalCode": "8",
            "targets": [
                {
                    "targetCode": "8.1",
                    "indicators": [
                        {
                            "indicatorCode": "8.1.1",
                            "facts": [
                                {
                                    "seriesCode": "NY_GDP_PCAP",
                                    "seriesTitle": "Annual growth rate of real GDP per capita (%)",
                                    "hub": "3cb997d2497148e68dca6787fcb84ca5",
                                    "slice_dimensions": {},
                                    "text_type": "1",
                                    "fact_text": "The annual growth rate of real gross domestic product (GDP) per capita declined from <span class='fact-value'>5.39</span> <span class='fact-unit'>%</span> in <span class='fact-year'>2000</span> to <span class='fact-value'>3.03%</span>  in  <span class='fact-year'>2007</span>.",
                                    "fact_values": [
                                        "5.39",
                                        "3.03"
                                    ],
                                    "fact_units": [
                                        "%",
                                        "%"
                                    ],
                                    "fact_years": [
                                        "2000",
                                        "2007"
                                    ],
                                    "data_years": [
                                        "2007",
                                        "2006",
                                        "2005",
                                        "2004",
                                        "2003",
                                        "2002",
                                        "2001",
                                        "2000"
                                    ],
                                    "data_values": [
                                        "3.03",
                                        "3.74",
                                        "6.11",
                                        "2.31",
                                        "4.42",
                                        "3.05",
                                        "7.73",
                                        "5.39"
                                    ],
                                    "data_is_censored": [
                                        false,
                                        false,
                                        false,
                                        false,
                                        false,
                                        false,
                                        false,
                                        false
                                    ],
                                    "data_numeric_part": [
                                        3.0,
                                        3.7,
                                        6.1,
                                        2.3,
                                        4.4,
                                        3.1,
                                        7.7,
                                        5.4
                                    ],
                                    "preferred_visualization": "time_series"
                                }
                            ]
                        }
                    ]
                }
            ]
        }
    ]
}