{
    "release": "2019.Q1.G.02",
    "country_code": "652",
    "country_name": "Saint Barth\u00e9lemy",
    "X": "-62.83173536",
    "Y": "17.89513362",
    "goals": [
        {
            "goalCode": "14",
            "targets": [
                {
                    "targetCode": "14.5",
                    "indicators": [
                        {
                            "indicatorCode": "14.5.1",
                            "facts": [
                                {
                                    "seriesCode": "ER_MRN_MARIN",
                                    "seriesTitle": "Coverage of protected areas in relation to marine areas (Exclusive Economic Zones) (%)",
                                    "hub": "2a0cad7f76284e8c978bfcb0fa15cd76",
                                    "slice_dimensions": {},
                                    "text_type": "8",
                                    "fact_text": "In <span class='fact-year'> 2018</span> , <span class='fact-value'> 0.264</span>  <span class='fact-unit'>% </span> of the marine environment under national jurisdiction (up to 200 nautical miles from shore) was under protection.",
                                    "fact_values": [
                                        "0.264"
                                    ],
                                    "fact_units": [
                                        "% "
                                    ],
                                    "fact_years": [
                                        "2018"
                                    ],
                                    "data_years": [
                                        "2018"
                                    ],
                                    "data_values": [
                                        "0.264"
                                    ],
                                    "data_is_censored": [
                                        false
                                    ],
                                    "data_numeric_part": [
                                        0.26
                                    ],
                                    "preferred_visualization": "singleton"
                                }
                            ]
                        }
                    ]
                }
            ]
        },
        {
            "goalCode": "15",
            "targets": [
                {
                    "targetCode": "15.1",
                    "indicators": [
                        {
                            "indicatorCode": "15.1.1",
                            "facts": [
                                {
                                    "seriesCode": "AG_LND_FRST",
                                    "seriesTitle": "Forest area as a proportion of total land area (%)",
                                    "hub": "e23061ce674142b5b33c46ea5e031658",
                                    "slice_dimensions": {},
                                    "text_type": "1",
                                    "fact_text": "Land area covered by forest <span class='fact-value'>0</span> <span class='fact-unit'>%</span> in <span class='fact-year'>2000</span> to <span class='fact-value'>0%</span>  in  <span class='fact-year'>2015</span>.",
                                    "fact_values": [
                                        "0",
                                        "0"
                                    ],
                                    "fact_units": [
                                        "%",
                                        "%"
                                    ],
                                    "fact_years": [
                                        "2000",
                                        "2015"
                                    ],
                                    "data_years": [
                                        "2010",
                                        "2005",
                                        "2000",
                                        "2015"
                                    ],
                                    "data_values": [
                                        "0",
                                        "0",
                                        "0",
                                        "0"
                                    ],
                                    "data_is_censored": [
                                        false,
                                        false,
                                        false,
                                        false
                                    ],
                                    "data_numeric_part": [
                                        0.0,
                                        0.0,
                                        0.0,
                                        0.0
                                    ],
                                    "preferred_visualization": "time_series"
                                }
                            ]
                        },
                        {
                            "indicatorCode": "15.1.2",
                            "facts": [
                                {
                                    "seriesCode": "ER_PTD_TERRS",
                                    "seriesTitle": "Average proportion of Terrestrial Key Biodiversity Areas (KBAs) covered by protected areas (%)",
                                    "hub": "c2c0216c53744dd7b5278e398328bc99",
                                    "slice_dimensions": {
                                        "Bounds": "MP"
                                    },
                                    "text_type": "7",
                                    "fact_text": "The average proportion of terrestrial key biodiversity areas (KBAs) covered by protected areas was <span class='fact-value'> 62.2902</span>  <span class='fact-unit'>%</span>  in <span class='fact-year'> 2018</span> .",
                                    "fact_values": [
                                        "62.2902"
                                    ],
                                    "fact_units": [
                                        "%"
                                    ],
                                    "fact_years": [
                                        "2018"
                                    ],
                                    "data_years": [
                                        "2016",
                                        "2004",
                                        "2005",
                                        "2012",
                                        "2009",
                                        "2011",
                                        "2010",
                                        "2015",
                                        "2006",
                                        "2014",
                                        "2013",
                                        "2008",
                                        "2007",
                                        "2002",
                                        "2003",
                                        "2000",
                                        "2001",
                                        "2017",
                                        "2018"
                                    ],
                                    "data_values": [
                                        "62.2902",
                                        "23.26431",
                                        "23.26431",
                                        "62.2902",
                                        "23.29325",
                                        "62.2902",
                                        "62.2902",
                                        "62.2902",
                                        "23.26431",
                                        "62.2902",
                                        "62.2902",
                                        "23.29325",
                                        "23.29325",
                                        "23.26431",
                                        "23.26431",
                                        "23.26431",
                                        "23.26431",
                                        "62.2902",
                                        "62.2902"
                                    ],
                                    "data_is_censored": [
                                        false,
                                        false,
                                        false,
                                        false,
                                        false,
                                        false,
                                        false,
                                        false,
                                        false,
                                        false,
                                        false,
                                        false,
                                        false,
                                        false,
                                        false,
                                        false,
                                        false,
                                        false,
                                        false
                                    ],
                                    "data_numeric_part": [
                                        62.0,
                                        23.0,
                                        23.0,
                                        62.0,
                                        23.0,
                                        62.0,
                                        62.0,
                                        62.0,
                                        23.0,
                                        62.0,
                                        62.0,
                                        23.0,
                                        23.0,
                                        23.0,
                                        23.0,
                                        23.0,
                                        23.0,
                                        62.0,
                                        62.0
                                    ],
                                    "preferred_visualization": "time_series"
                                }
                            ]
                        }
                    ]
                }
            ]
        }
    ]
}