{
    "release": "2019.Q1.G.02",
    "country_code": "530",
    "country_name": "Netherlands Antilles",
    "X": "-68.30676179",
    "Y": "12.22720635",
    "goals": [
        {
            "goalCode": "8",
            "targets": [
                {
                    "targetCode": "8.1",
                    "indicators": [
                        {
                            "indicatorCode": "8.1.1",
                            "facts": [
                                {
                                    "seriesCode": "NY_GDP_PCAP",
                                    "seriesTitle": "Annual growth rate of real GDP per capita (%)",
                                    "hub": "3cb997d2497148e68dca6787fcb84ca5",
                                    "slice_dimensions": {},
                                    "text_type": "1",
                                    "fact_text": "The annual growth rate of real gross domestic product (GDP) per capita was <span class='fact-value'>-2.69</span> <span class='fact-unit'>%</span> in <span class='fact-year'>2009</span>.",
                                    "fact_values": [
                                        "-2.69"
                                    ],
                                    "fact_units": [
                                        "%"
                                    ],
                                    "fact_years": [
                                        "2009"
                                    ],
                                    "data_years": [
                                        "2006",
                                        "2007",
                                        "2008",
                                        "2004",
                                        "2005",
                                        "2009",
                                        "2002",
                                        "2003",
                                        "2001",
                                        "2000"
                                    ],
                                    "data_values": [
                                        "0.75",
                                        "1.62",
                                        "-0.51",
                                        "1.04",
                                        "0.29",
                                        "-2.69",
                                        "1.19",
                                        "2.11",
                                        "2.43",
                                        "-0.81"
                                    ],
                                    "data_is_censored": [
                                        false,
                                        false,
                                        false,
                                        false,
                                        false,
                                        false,
                                        false,
                                        false,
                                        false,
                                        false
                                    ],
                                    "data_numeric_part": [
                                        0.75,
                                        1.6,
                                        -0.51,
                                        1.0,
                                        0.29,
                                        -2.69,
                                        1.2,
                                        2.1,
                                        2.4,
                                        -0.81
                                    ],
                                    "preferred_visualization": "time_series"
                                }
                            ]
                        }
                    ]
                }
            ]
        }
    ]
}