{
    "release": "2019.Q1.G.02",
    "country_code": "474",
    "country_name": "Martinique",
    "X": "-60.91544135",
    "Y": "14.56086108",
    "goals": [
        {
            "goalCode": "6",
            "targets": [
                {
                    "targetCode": "6.1",
                    "indicators": [
                        {
                            "indicatorCode": "6.1.1",
                            "facts": [
                                {
                                    "seriesCode": "SH_H2O_SAFE",
                                    "seriesTitle": "Proportion of population using safely managed drinking water services, by urban/rural (%)",
                                    "hub": "9fd0677f368c48dca6f5e11f64badafd",
                                    "slice_dimensions": {
                                        "Location": "ALLAREA"
                                    },
                                    "text_type": "2",
                                    "fact_text": "In <span class='fact-year'>2015</span>, <span class='fact-value'>99.82897</span> <span class='fact-unit'>% </span> of the population used a \"safely managed\" drinking water service - an improved source located on premises, available when needed and free from contamination",
                                    "fact_values": [
                                        "99.82897"
                                    ],
                                    "fact_units": [
                                        "% "
                                    ],
                                    "fact_years": [
                                        "2015"
                                    ],
                                    "data_years": [
                                        "2013",
                                        "2012",
                                        "2007",
                                        "2002",
                                        "2005",
                                        "2000",
                                        "2004",
                                        "2009",
                                        "2015",
                                        "2008",
                                        "2006",
                                        "2003",
                                        "2014",
                                        "2001",
                                        "2011",
                                        "2010"
                                    ],
                                    "data_values": [
                                        "99.78379",
                                        "99.7612",
                                        "96.88045",
                                        "94.78468",
                                        "95.46863",
                                        "94.78468",
                                        "94.78468",
                                        "98.29351",
                                        "99.82897",
                                        "97.58682",
                                        "96.17438",
                                        "94.78468",
                                        "99.80638",
                                        "94.78468",
                                        "99.70781",
                                        "99.0005"
                                    ],
                                    "data_is_censored": [
                                        false,
                                        false,
                                        false,
                                        false,
                                        false,
                                        false,
                                        false,
                                        false,
                                        false,
                                        false,
                                        false,
                                        false,
                                        false,
                                        false,
                                        false,
                                        false
                                    ],
                                    "data_numeric_part": [
                                        100.0,
                                        100.0,
                                        97.0,
                                        95.0,
                                        95.0,
                                        95.0,
                                        95.0,
                                        98.0,
                                        100.0,
                                        98.0,
                                        96.0,
                                        95.0,
                                        100.0,
                                        95.0,
                                        100.0,
                                        99.0
                                    ],
                                    "preferred_visualization": "time_series"
                                }
                            ]
                        }
                    ]
                }
            ]
        },
        {
            "goalCode": "9",
            "targets": [
                {
                    "targetCode": "9.c",
                    "indicators": [
                        {
                            "indicatorCode": "9.c.1",
                            "facts": [
                                {
                                    "seriesCode": "IT_MOB_NTWK",
                                    "seriesTitle": "Proportion of population covered by a mobile network, by technology (%)",
                                    "hub": "8943ce6f81b44120b6124fedb3b094d8",
                                    "slice_dimensions": {
                                        "Type of mobile technology": "AL2G"
                                    },
                                    "text_type": "2",
                                    "fact_text": "In <span class='fact-year'>2006</span>, <span class='fact-value'>99.00</span> <span class='fact-unit'>% </span> of the population was in range of at least a second-generation (2G) cellular signal",
                                    "fact_values": [
                                        "99.00"
                                    ],
                                    "fact_units": [
                                        "% "
                                    ],
                                    "fact_years": [
                                        "2006"
                                    ],
                                    "data_years": [
                                        "2005",
                                        "2004",
                                        "2006"
                                    ],
                                    "data_values": [
                                        "99.00",
                                        "98.00",
                                        "99.00"
                                    ],
                                    "data_is_censored": [
                                        false,
                                        false,
                                        false
                                    ],
                                    "data_numeric_part": [
                                        99.0,
                                        98.0,
                                        99.0
                                    ],
                                    "preferred_visualization": "singleton"
                                }
                            ]
                        }
                    ]
                }
            ]
        },
        {
            "goalCode": "14",
            "targets": [
                {
                    "targetCode": "14.5",
                    "indicators": [
                        {
                            "indicatorCode": "14.5.1",
                            "facts": [
                                {
                                    "seriesCode": "ER_MRN_MARIN",
                                    "seriesTitle": "Coverage of protected areas in relation to marine areas (Exclusive Economic Zones) (%)",
                                    "hub": "2a0cad7f76284e8c978bfcb0fa15cd76",
                                    "slice_dimensions": {},
                                    "text_type": "8",
                                    "fact_text": "In <span class='fact-year'> 2018</span> , <span class='fact-value'> 0.08045</span>  <span class='fact-unit'>% </span> of the marine environment under national jurisdiction (up to 200 nautical miles from shore) was under protection.",
                                    "fact_values": [
                                        "0.08045"
                                    ],
                                    "fact_units": [
                                        "% "
                                    ],
                                    "fact_years": [
                                        "2018"
                                    ],
                                    "data_years": [
                                        "2018"
                                    ],
                                    "data_values": [
                                        "0.08045"
                                    ],
                                    "data_is_censored": [
                                        false
                                    ],
                                    "data_numeric_part": [
                                        0.08
                                    ],
                                    "preferred_visualization": "singleton"
                                }
                            ]
                        }
                    ]
                }
            ]
        },
        {
            "goalCode": "15",
            "targets": [
                {
                    "targetCode": "15.1",
                    "indicators": [
                        {
                            "indicatorCode": "15.1.1",
                            "facts": [
                                {
                                    "seriesCode": "AG_LND_FRST",
                                    "seriesTitle": "Forest area as a proportion of total land area (%)",
                                    "hub": "e23061ce674142b5b33c46ea5e031658",
                                    "slice_dimensions": {},
                                    "text_type": "1",
                                    "fact_text": "Land area covered by forest was <span class='fact-value'>45.75472</span> <span class='fact-unit'>%</span> in <span class='fact-year'>2015</span>.",
                                    "fact_values": [
                                        "45.75472"
                                    ],
                                    "fact_units": [
                                        "%"
                                    ],
                                    "fact_years": [
                                        "2015"
                                    ],
                                    "data_years": [
                                        "2015",
                                        "2010",
                                        "2005",
                                        "2000"
                                    ],
                                    "data_values": [
                                        "45.75472",
                                        "45.75472",
                                        "45.75472",
                                        "45.75472"
                                    ],
                                    "data_is_censored": [
                                        false,
                                        false,
                                        false,
                                        false
                                    ],
                                    "data_numeric_part": [
                                        46.0,
                                        46.0,
                                        46.0,
                                        46.0
                                    ],
                                    "preferred_visualization": "time_series"
                                }
                            ]
                        },
                        {
                            "indicatorCode": "15.1.2",
                            "facts": [
                                {
                                    "seriesCode": "ER_PTD_TERRS",
                                    "seriesTitle": "Average proportion of Terrestrial Key Biodiversity Areas (KBAs) covered by protected areas (%)",
                                    "hub": "c2c0216c53744dd7b5278e398328bc99",
                                    "slice_dimensions": {
                                        "Bounds": "MP"
                                    },
                                    "text_type": "7",
                                    "fact_text": "The average proportion of terrestrial key biodiversity areas (KBAs) covered by protected areas was <span class='fact-value'> 65.45931</span>  <span class='fact-unit'>%</span>  in <span class='fact-year'> 2018</span> .",
                                    "fact_values": [
                                        "65.45931"
                                    ],
                                    "fact_units": [
                                        "%"
                                    ],
                                    "fact_years": [
                                        "2018"
                                    ],
                                    "data_years": [
                                        "2016",
                                        "2017",
                                        "2018",
                                        "2015",
                                        "2000",
                                        "2008",
                                        "2009",
                                        "2010",
                                        "2011",
                                        "2012",
                                        "2013",
                                        "2014",
                                        "2007",
                                        "2001",
                                        "2002",
                                        "2003",
                                        "2004",
                                        "2005",
                                        "2006"
                                    ],
                                    "data_values": [
                                        "65.45931",
                                        "65.45931",
                                        "65.45931",
                                        "65.45931",
                                        "65.42749",
                                        "65.45928",
                                        "65.45928",
                                        "65.45928",
                                        "65.45928",
                                        "65.45928",
                                        "65.45928",
                                        "65.45931",
                                        "65.45928",
                                        "65.42749",
                                        "65.42749",
                                        "65.42749",
                                        "65.45857",
                                        "65.45928",
                                        "65.45928"
                                    ],
                                    "data_is_censored": [
                                        false,
                                        false,
                                        false,
                                        false,
                                        false,
                                        false,
                                        false,
                                        false,
                                        false,
                                        false,
                                        false,
                                        false,
                                        false,
                                        false,
                                        false,
                                        false,
                                        false,
                                        false,
                                        false
                                    ],
                                    "data_numeric_part": [
                                        65.0,
                                        65.0,
                                        65.0,
                                        65.0,
                                        65.0,
                                        65.0,
                                        65.0,
                                        65.0,
                                        65.0,
                                        65.0,
                                        65.0,
                                        65.0,
                                        65.0,
                                        65.0,
                                        65.0,
                                        65.0,
                                        65.0,
                                        65.0,
                                        65.0
                                    ],
                                    "preferred_visualization": "time_series"
                                }
                            ]
                        }
                    ]
                }
            ]
        },
        {
            "goalCode": "17",
            "targets": [
                {
                    "targetCode": "17.6",
                    "indicators": [
                        {
                            "indicatorCode": "17.6.2",
                            "facts": [
                                {
                                    "seriesCode": "IT_NET_BBP",
                                    "seriesTitle": "Fixed Internet broadband subscriptions per 100\u00a0inhabitants, by speed (per 100 inhabitants)",
                                    "hub": "f59cf3f8a0ec41a2b601a28682e6f2c8",
                                    "slice_dimensions": {
                                        "Type of speed": "ANYS"
                                    },
                                    "text_type": "15",
                                    "fact_text": "In <span class='fact-year'> 2010</span> , fixed-broadband internet penetration reached <span class='fact-value'> 1.52</span>  <span class='fact-unit'>% of the population</span> .",
                                    "fact_values": [
                                        "% of the population"
                                    ],
                                    "fact_units": [
                                        "%"
                                    ],
                                    "fact_years": [
                                        "2010"
                                    ],
                                    "data_years": [
                                        "2007",
                                        "2003",
                                        "2009",
                                        "2008",
                                        "2010"
                                    ],
                                    "data_values": [
                                        "1.51",
                                        "1.52",
                                        "1.51",
                                        "1.51",
                                        "1.52"
                                    ],
                                    "data_is_censored": [
                                        false,
                                        false,
                                        false,
                                        false,
                                        false
                                    ],
                                    "data_numeric_part": [
                                        1.5,
                                        1.5,
                                        1.5,
                                        1.5,
                                        1.5
                                    ],
                                    "preferred_visualization": "time_series"
                                }
                            ]
                        }
                    ]
                },
                {
                    "targetCode": "17.18",
                    "indicators": [
                        {
                            "indicatorCode": "17.18.3",
                            "facts": [
                                {
                                    "seriesCode": "SG_STT_NSDSFND",
                                    "seriesTitle": "Countries with national statistical plans that are fully funded (1 = YES; 0 = NO)",
                                    "hub": "bc201a5c69e94e23b45bad86c828f1be",
                                    "slice_dimensions": {},
                                    "text_type": "12",
                                    "fact_text": "As of <span class='fact-year'> 2018</span> , Martinique has developed national statistical plans that are fully funded.",
                                    "fact_values": [
                                        "1"
                                    ],
                                    "fact_units": [
                                        ""
                                    ],
                                    "fact_years": [
                                        "2018"
                                    ],
                                    "data_years": [
                                        "2018"
                                    ],
                                    "data_values": [
                                        "1"
                                    ],
                                    "data_is_censored": [
                                        false
                                    ],
                                    "data_numeric_part": [
                                        1.0
                                    ],
                                    "preferred_visualization": "boolean"
                                }
                            ]
                        }
                    ]
                }
            ]
        }
    ]
}