{
    "release": "2019.Q1.G.02",
    "country_code": "706",
    "country_name": "Somalia",
    "X": "46.20367477",
    "Y": "4.406485729",
    "goals": [
        {
            "goalCode": "2",
            "targets": [
                {
                    "targetCode": "2.2",
                    "indicators": [
                        {
                            "indicatorCode": "2.2.1",
                            "facts": [
                                {
                                    "seriesCode": "SH_STA_STUNT",
                                    "seriesTitle": "Proportion of children moderately or severely stunted (%)",
                                    "hub": "8c0866ad73ae486ba647f5490fed5529",
                                    "slice_dimensions": {
                                        "Age": "<5Y",
                                        "Bounds": "MP"
                                    },
                                    "text_type": "2",
                                    "fact_text": "In <span class='fact-year'>2009</span>, <span class='fact-value'>25.3</span> <span class='fact-unit'>% </span> of children under age 5 had stunted growth",
                                    "fact_values": [
                                        "25.3"
                                    ],
                                    "fact_units": [
                                        "% "
                                    ],
                                    "fact_years": [
                                        "2009"
                                    ],
                                    "data_years": [
                                        "2000",
                                        "2006",
                                        "2009"
                                    ],
                                    "data_values": [
                                        "29.2",
                                        "42.1",
                                        "25.3"
                                    ],
                                    "data_is_censored": [
                                        false,
                                        false,
                                        false
                                    ],
                                    "data_numeric_part": [
                                        29.0,
                                        42.0,
                                        25.0
                                    ],
                                    "preferred_visualization": "singleton"
                                }
                            ]
                        },
                        {
                            "indicatorCode": "2.2.2",
                            "facts": [
                                {
                                    "seriesCode": "SH_STA_OVRWGT",
                                    "seriesTitle": "Proportion of children moderately or severely overweight (%)",
                                    "hub": "a012070afbd3486d9c0596352b9698d6",
                                    "slice_dimensions": {
                                        "Age": "<5Y",
                                        "Bounds": "MP"
                                    },
                                    "text_type": "1",
                                    "fact_text": "The share of overweight children under age 5 decreased from <span class='fact-value'>4.7</span> <span class='fact-unit'>%</span> in <span class='fact-year'>2006</span> to <span class='fact-value'>3.0%</span>  in  <span class='fact-year'>2009</span>.",
                                    "fact_values": [
                                        "4.7",
                                        "3.0"
                                    ],
                                    "fact_units": [
                                        "%",
                                        "%"
                                    ],
                                    "fact_years": [
                                        "2006",
                                        "2009"
                                    ],
                                    "data_years": [
                                        "2006",
                                        "2009"
                                    ],
                                    "data_values": [
                                        "4.7",
                                        "3.0"
                                    ],
                                    "data_is_censored": [
                                        false,
                                        false
                                    ],
                                    "data_numeric_part": [
                                        4.7,
                                        3.0
                                    ],
                                    "preferred_visualization": "singleton"
                                }
                            ]
                        }
                    ]
                }
            ]
        },
        {
            "goalCode": "3",
            "targets": [
                {
                    "targetCode": "3.1",
                    "indicators": [
                        {
                            "indicatorCode": "3.1.1",
                            "facts": [
                                {
                                    "seriesCode": "SH_STA_MMR",
                                    "seriesTitle": "Maternal mortality ratio",
                                    "hub": "0c846dfa5bab411c9a1a21ae40dd0232",
                                    "slice_dimensions": {
                                        "Bounds": "MP"
                                    },
                                    "text_type": "14",
                                    "fact_text": "The maternal mortality ratio decreased from <span class='fact-value'>1210</span>  <span class='fact-unit'> per 100,000 live births</span>  in <span class='fact-year'> 1990</span>  to <span class='fact-value'> 732</span>  <span class='fact-unit'> per 100,000 live births</span>  in <span class='fact-year'> 2015</span> .",
                                    "fact_values": [
                                        "1210",
                                        "732"
                                    ],
                                    "fact_units": [
                                        " per 100,000 live births",
                                        " per 100,000 live births"
                                    ],
                                    "fact_years": [
                                        "1990",
                                        "2015"
                                    ],
                                    "data_years": [
                                        "2000",
                                        "2001",
                                        "2002",
                                        "2003",
                                        "1996",
                                        "1997",
                                        "1998",
                                        "1999",
                                        "2011",
                                        "2012",
                                        "2013",
                                        "2014",
                                        "2015",
                                        "2010",
                                        "2005",
                                        "2006",
                                        "2007",
                                        "2008",
                                        "2009",
                                        "2004",
                                        "1995",
                                        "1991",
                                        "1992",
                                        "1993",
                                        "1994",
                                        "1990"
                                    ],
                                    "data_values": [
                                        "1080",
                                        "1050",
                                        "1020",
                                        "999",
                                        "1190",
                                        "1160",
                                        "1130",
                                        "1110",
                                        "808",
                                        "791",
                                        "775",
                                        "753",
                                        "732",
                                        "820",
                                        "939",
                                        "911",
                                        "885",
                                        "865",
                                        "846",
                                        "971",
                                        "1190",
                                        "1210",
                                        "1210",
                                        "1210",
                                        "1200",
                                        "1210"
                                    ],
                                    "data_is_censored": [
                                        false,
                                        false,
                                        false,
                                        false,
                                        false,
                                        false,
                                        false,
                                        false,
                                        false,
                                        false,
                                        false,
                                        false,
                                        false,
                                        false,
                                        false,
                                        false,
                                        false,
                                        false,
                                        false,
                                        false,
                                        false,
                                        false,
                                        false,
                                        false,
                                        false,
                                        false
                                    ],
                                    "data_numeric_part": [
                                        1080.0,
                                        1050.0,
                                        1020.0,
                                        999.0,
                                        1190.0,
                                        1160.0,
                                        1130.0,
                                        1110.0,
                                        808.0,
                                        791.0,
                                        775.0,
                                        753.0,
                                        732.0,
                                        820.0,
                                        939.0,
                                        911.0,
                                        885.0,
                                        865.0,
                                        846.0,
                                        971.0,
                                        1190.0,
                                        1210.0,
                                        1210.0,
                                        1210.0,
                                        1200.0,
                                        1210.0
                                    ],
                                    "preferred_visualization": "time_series"
                                }
                            ]
                        }
                    ]
                },
                {
                    "targetCode": "3.2",
                    "indicators": [
                        {
                            "indicatorCode": "3.2.1",
                            "facts": [
                                {
                                    "seriesCode": "SH_DYN_MORT",
                                    "seriesTitle": "Under-five mortality rate, by sex (deaths per 1,000 live births)",
                                    "hub": "216c7516b9444f289e8f7910c8726e9f",
                                    "slice_dimensions": {
                                        "Age": "<5Y",
                                        "Sex": "BOTHSEX"
                                    },
                                    "text_type": "1",
                                    "fact_text": "The mortality rate of children under age 5 fell from <span class='fact-value'>173.3</span> <span class='fact-unit'> per 1,000 live births</span> in <span class='fact-year'>2000</span> to <span class='fact-value'>127.2 per 1,000 live births</span>  in  <span class='fact-year'>2017</span>.",
                                    "fact_values": [
                                        "173.3",
                                        "127.2"
                                    ],
                                    "fact_units": [
                                        " per 1,000 live births",
                                        " per 1,000 live births"
                                    ],
                                    "fact_years": [
                                        "2000",
                                        "2017"
                                    ],
                                    "data_years": [
                                        "2005",
                                        "2006",
                                        "2007",
                                        "2001",
                                        "2000",
                                        "2004",
                                        "2002",
                                        "2003",
                                        "2015",
                                        "2016",
                                        "2014",
                                        "2017",
                                        "2010",
                                        "2008",
                                        "2009",
                                        "2012",
                                        "2013",
                                        "2011"
                                    ],
                                    "data_values": [
                                        "173.2",
                                        "172.6",
                                        "170.5",
                                        "173.3",
                                        "173.3",
                                        "173.3",
                                        "173.3",
                                        "173.3",
                                        "135.6",
                                        "131.5",
                                        "139.8",
                                        "127.2",
                                        "158.6",
                                        "167",
                                        "163.1",
                                        "148.9",
                                        "144.1",
                                        "153.5"
                                    ],
                                    "data_is_censored": [
                                        false,
                                        false,
                                        false,
                                        false,
                                        false,
                                        false,
                                        false,
                                        false,
                                        false,
                                        false,
                                        false,
                                        false,
                                        false,
                                        false,
                                        false,
                                        false,
                                        false,
                                        false
                                    ],
                                    "data_numeric_part": [
                                        173.0,
                                        173.0,
                                        171.0,
                                        173.0,
                                        173.0,
                                        173.0,
                                        173.0,
                                        173.0,
                                        136.0,
                                        132.0,
                                        140.0,
                                        127.0,
                                        159.0,
                                        167.0,
                                        163.0,
                                        149.0,
                                        144.0,
                                        154.0
                                    ],
                                    "preferred_visualization": "time_series"
                                }
                            ]
                        }
                    ]
                },
                {
                    "targetCode": "3.3",
                    "indicators": [
                        {
                            "indicatorCode": "3.3.1",
                            "facts": [
                                {
                                    "seriesCode": "SH_HIV_INCD",
                                    "seriesTitle": "Number of new HIV infections per 1,000 uninfected population, by sex and age (per 1,000 uninfected population)",
                                    "hub": "954b5087e440421ba26a3213c99d9a9f",
                                    "slice_dimensions": {
                                        "Age": "ALLAGE",
                                        "Sex": "BOTHSEX"
                                    },
                                    "text_type": "13",
                                    "fact_text": "In <span class='fact-year'> 2017</span> , there were about <span class='fact-value'> 0.03</span>  <span class='fact-unit'> people</span>  in every 100,000 uninfected population that became newly infected with HIV.",
                                    "fact_values": [
                                        "0.03"
                                    ],
                                    "fact_units": [
                                        " people"
                                    ],
                                    "fact_years": [
                                        "2017"
                                    ],
                                    "data_years": [
                                        "2006",
                                        "2005",
                                        "2004",
                                        "2003",
                                        "2007",
                                        "2012",
                                        "2011",
                                        "2009",
                                        "2008",
                                        "2010",
                                        "2002",
                                        "2001",
                                        "2000",
                                        "2013",
                                        "2017",
                                        "2016",
                                        "2015",
                                        "2014"
                                    ],
                                    "data_values": [
                                        "0.12",
                                        "0.15",
                                        "0.18",
                                        "0.20",
                                        "0.10",
                                        "0.04",
                                        "0.04",
                                        "0.06",
                                        "0.08",
                                        "0.05",
                                        "0.23",
                                        "0.26",
                                        "0.28",
                                        "0.04",
                                        "0.03",
                                        "0.03",
                                        "0.03",
                                        "0.04"
                                    ],
                                    "data_is_censored": [
                                        false,
                                        false,
                                        false,
                                        false,
                                        false,
                                        false,
                                        false,
                                        false,
                                        false,
                                        false,
                                        false,
                                        false,
                                        false,
                                        false,
                                        false,
                                        false,
                                        false,
                                        false
                                    ],
                                    "data_numeric_part": [
                                        0.12,
                                        0.15,
                                        0.18,
                                        0.2,
                                        0.1,
                                        0.04,
                                        0.04,
                                        0.06,
                                        0.08,
                                        0.05,
                                        0.23,
                                        0.26,
                                        0.28,
                                        0.04,
                                        0.03,
                                        0.03,
                                        0.03,
                                        0.04
                                    ],
                                    "preferred_visualization": "time_series"
                                }
                            ]
                        }
                    ]
                },
                {
                    "targetCode": "3.4",
                    "indicators": [
                        {
                            "indicatorCode": "3.4.1",
                            "facts": [
                                {
                                    "seriesCode": "SH_DTH_NCOM",
                                    "seriesTitle": "Mortality rate attributed to cardiovascular disease, cancer, diabetes or chronic respiratory disease (probability)",
                                    "hub": "512b7b1d05a14b90853ea5ca1d003b1b",
                                    "slice_dimensions": {
                                        "Age": "30-70",
                                        "Sex": "BOTHSEX"
                                    },
                                    "text_type": "1",
                                    "fact_text": "The risk of dying between the ages of 30 and 70 from one of four main non-communicable diseases (NCDs) - cardiovascular disease, cancer, diabetes or chronic respiratory disease - fell from <span class='fact-value'>24.1</span> <span class='fact-unit'>%</span> in <span class='fact-year'>2000</span> to <span class='fact-value'>21.8%</span>  in  <span class='fact-year'>2016</span>.",
                                    "fact_values": [
                                        "24.1",
                                        "21.8"
                                    ],
                                    "fact_units": [
                                        "%",
                                        "%"
                                    ],
                                    "fact_years": [
                                        "2000",
                                        "2016"
                                    ],
                                    "data_years": [
                                        "2005",
                                        "2010",
                                        "2015",
                                        "2016",
                                        "2000"
                                    ],
                                    "data_values": [
                                        "23.9",
                                        "21.6",
                                        "21.9",
                                        "21.8",
                                        "24.1"
                                    ],
                                    "data_is_censored": [
                                        false,
                                        false,
                                        false,
                                        false,
                                        false
                                    ],
                                    "data_numeric_part": [
                                        24.0,
                                        22.0,
                                        22.0,
                                        22.0,
                                        24.0
                                    ],
                                    "preferred_visualization": "time_series"
                                }
                            ]
                        }
                    ]
                }
            ]
        },
        {
            "goalCode": "5",
            "targets": [
                {
                    "targetCode": "5.3",
                    "indicators": [
                        {
                            "indicatorCode": "5.3.1",
                            "facts": [
                                {
                                    "seriesCode": "SP_DYN_MRBF18",
                                    "seriesTitle": "Proportion of women aged 20-24 years who were married or in a union before age 18 (%)",
                                    "hub": "2186448878244705a5295710c140b8c3",
                                    "slice_dimensions": {
                                        "Age": "20-24",
                                        "Sex": "FEMALE"
                                    },
                                    "text_type": "2",
                                    "fact_text": "In <span class='fact-year'>2006</span>, <span class='fact-value'>45.3</span> <span class='fact-unit'>% </span> of women aged 20 to 24 reported that they were married before their eighteenth birthday",
                                    "fact_values": [
                                        "45.3"
                                    ],
                                    "fact_units": [
                                        "% "
                                    ],
                                    "fact_years": [
                                        "2006"
                                    ],
                                    "data_years": [
                                        "2006"
                                    ],
                                    "data_values": [
                                        "45.3"
                                    ],
                                    "data_is_censored": [
                                        false
                                    ],
                                    "data_numeric_part": [
                                        45.0
                                    ],
                                    "preferred_visualization": "singleton"
                                }
                            ]
                        }
                    ]
                },
                {
                    "targetCode": "5.5",
                    "indicators": [
                        {
                            "indicatorCode": "5.5.1",
                            "facts": [
                                {
                                    "seriesCode": "SG_GEN_PARL",
                                    "seriesTitle": "Proportion of seats held by women in national parliaments (% of total number of seats)",
                                    "hub": "337524c727bd498c8726f9f6bc6512e1",
                                    "slice_dimensions": {
                                        "Sex": "FEMALE"
                                    },
                                    "text_type": "1",
                                    "fact_text": "The proportion of seats held by women in single or lower houses of parliament increased from <span class='fact-value'>8</span> <span class='fact-unit'>%</span> in <span class='fact-year'>2006</span> to <span class='fact-value'>24.3636%</span>  in  <span class='fact-year'>2018</span>.",
                                    "fact_values": [
                                        "8",
                                        "24.3636"
                                    ],
                                    "fact_units": [
                                        "%",
                                        "%"
                                    ],
                                    "fact_years": [
                                        "2006",
                                        "2018"
                                    ],
                                    "data_years": [
                                        "2012",
                                        "2018",
                                        "2014",
                                        "2016",
                                        "2015",
                                        "2013",
                                        "2017",
                                        "2010",
                                        "2011",
                                        "2007",
                                        "2006",
                                        "2008"
                                    ],
                                    "data_values": [
                                        "6.7766",
                                        "24.3636",
                                        "13.8182",
                                        "13.8182",
                                        "13.8182",
                                        "13.8182",
                                        "24.2424",
                                        "6.8646",
                                        "6.7766",
                                        "7.8067",
                                        "8",
                                        "8.2031"
                                    ],
                                    "data_is_censored": [
                                        false,
                                        false,
                                        false,
                                        false,
                                        false,
                                        false,
                                        false,
                                        false,
                                        false,
                                        false,
                                        false,
                                        false
                                    ],
                                    "data_numeric_part": [
                                        6.8,
                                        24.0,
                                        14.0,
                                        14.0,
                                        14.0,
                                        14.0,
                                        24.0,
                                        6.9,
                                        6.8,
                                        7.8,
                                        8.0,
                                        8.2
                                    ],
                                    "preferred_visualization": "time_series"
                                }
                            ]
                        }
                    ]
                }
            ]
        },
        {
            "goalCode": "6",
            "targets": [
                {
                    "targetCode": "6.2",
                    "indicators": [
                        {
                            "indicatorCode": "6.2.1",
                            "facts": [
                                {
                                    "seriesCode": "SH_SAN_SAFE",
                                    "seriesTitle": "Proportion of population using safely managed sanitation services, by urban/rural (%)",
                                    "hub": "28a9a3072fd940aa9fb0f983d25ef65f",
                                    "slice_dimensions": {
                                        "Location": "ALLAREA"
                                    },
                                    "text_type": "2",
                                    "fact_text": "In <span class='fact-year'>2015</span>, <span class='fact-value'>14.08523</span> <span class='fact-unit'>% </span> of the population used a \"safely managed\" sanitation service - a basic facility that safely disposes of human waste",
                                    "fact_values": [
                                        "14.08523"
                                    ],
                                    "fact_units": [
                                        "% "
                                    ],
                                    "fact_years": [
                                        "2015"
                                    ],
                                    "data_years": [
                                        "2006",
                                        "2010",
                                        "2012",
                                        "2009",
                                        "2015",
                                        "2008",
                                        "2003",
                                        "2002",
                                        "2013",
                                        "2001",
                                        "2005",
                                        "2000",
                                        "2007",
                                        "2004",
                                        "2011",
                                        "2014"
                                    ],
                                    "data_values": [
                                        "17.5738",
                                        "16.11346",
                                        "15.33082",
                                        "16.49119",
                                        "14.08523",
                                        "16.86013",
                                        "18.5874",
                                        "18.91118",
                                        "14.92557",
                                        "19.22846",
                                        "17.91884",
                                        "19.53772",
                                        "17.22108",
                                        "18.25682",
                                        "15.72669",
                                        "14.51046"
                                    ],
                                    "data_is_censored": [
                                        false,
                                        false,
                                        false,
                                        false,
                                        false,
                                        false,
                                        false,
                                        false,
                                        false,
                                        false,
                                        false,
                                        false,
                                        false,
                                        false,
                                        false,
                                        false
                                    ],
                                    "data_numeric_part": [
                                        18.0,
                                        16.0,
                                        15.0,
                                        16.0,
                                        14.0,
                                        17.0,
                                        19.0,
                                        19.0,
                                        15.0,
                                        19.0,
                                        18.0,
                                        20.0,
                                        17.0,
                                        18.0,
                                        16.0,
                                        15.0
                                    ],
                                    "preferred_visualization": "time_series"
                                }
                            ]
                        }
                    ]
                }
            ]
        },
        {
            "goalCode": "7",
            "targets": [
                {
                    "targetCode": "7.1",
                    "indicators": [
                        {
                            "indicatorCode": "7.1.1",
                            "facts": [
                                {
                                    "seriesCode": "EG_ELC_ACCS",
                                    "seriesTitle": "Proportion of population with access to electricity, by urban/rural (%)",
                                    "hub": "81cf3e70351c4895828a2486efa2142c",
                                    "slice_dimensions": {
                                        "Location": "ALLAREA"
                                    },
                                    "text_type": "1",
                                    "fact_text": "The proportion of the population with access to electricity increased from <span class='fact-value'>5.50</span> <span class='fact-unit'>%</span> in <span class='fact-year'>2000</span> to <span class='fact-value'>29.89%</span>  in  <span class='fact-year'>2016</span>.",
                                    "fact_values": [
                                        "5.50",
                                        "29.89"
                                    ],
                                    "fact_units": [
                                        "%",
                                        "%"
                                    ],
                                    "fact_years": [
                                        "2000",
                                        "2016"
                                    ],
                                    "data_years": [
                                        "2004",
                                        "2006",
                                        "2005",
                                        "2001",
                                        "2000",
                                        "2003",
                                        "2002",
                                        "2014",
                                        "2015",
                                        "2012",
                                        "2013",
                                        "2016",
                                        "2008",
                                        "2007",
                                        "2010",
                                        "2011",
                                        "2009"
                                    ],
                                    "data_values": [
                                        "11.34",
                                        "15.23",
                                        "12.80",
                                        "6.97",
                                        "5.50",
                                        "9.89",
                                        "7.40",
                                        "26.69",
                                        "28.29",
                                        "23.51",
                                        "25.10",
                                        "29.89",
                                        "17.28",
                                        "15.77",
                                        "20.37",
                                        "21.93",
                                        "18.81"
                                    ],
                                    "data_is_censored": [
                                        false,
                                        false,
                                        false,
                                        false,
                                        false,
                                        false,
                                        false,
                                        false,
                                        false,
                                        false,
                                        false,
                                        false,
                                        false,
                                        false,
                                        false,
                                        false,
                                        false
                                    ],
                                    "data_numeric_part": [
                                        11.0,
                                        15.0,
                                        13.0,
                                        7.0,
                                        5.5,
                                        9.9,
                                        7.4,
                                        27.0,
                                        28.0,
                                        24.0,
                                        25.0,
                                        30.0,
                                        17.0,
                                        16.0,
                                        20.0,
                                        22.0,
                                        19.0
                                    ],
                                    "preferred_visualization": "time_series"
                                }
                            ]
                        },
                        {
                            "indicatorCode": "7.1.2",
                            "facts": [
                                {
                                    "seriesCode": "EG_EGY_CLEAN",
                                    "seriesTitle": "Proportion of population with primary reliance on clean fuels and technology (%)",
                                    "hub": "b087399f0b874ab9948714edcd49cbdd",
                                    "slice_dimensions": {},
                                    "text_type": "8",
                                    "fact_text": "In <span class='fact-year'> 2017</span> , <span class='fact-value'> less than 5</span>  <span class='fact-unit'>% </span> of the population relied primarily on clean fuels and technology.",
                                    "fact_values": [
                                        "less than 5"
                                    ],
                                    "fact_units": [
                                        "% "
                                    ],
                                    "fact_years": [
                                        "2017"
                                    ],
                                    "data_years": [
                                        "2017",
                                        "2016",
                                        "2015",
                                        "2010",
                                        "2005",
                                        "2000"
                                    ],
                                    "data_values": [
                                        "less than 5",
                                        "less than 5",
                                        "less than 5",
                                        "less than 5",
                                        "less than 5",
                                        "less than 5"
                                    ],
                                    "data_is_censored": [
                                        true,
                                        true,
                                        true,
                                        true,
                                        true,
                                        true
                                    ],
                                    "data_numeric_part": [
                                        5.0,
                                        5.0,
                                        5.0,
                                        5.0,
                                        5.0,
                                        5.0
                                    ],
                                    "preferred_visualization": "time_series"
                                }
                            ]
                        }
                    ]
                }
            ]
        },
        {
            "goalCode": "8",
            "targets": [
                {
                    "targetCode": "8.4",
                    "indicators": [
                        {
                            "indicatorCode": "8.4.2",
                            "facts": [
                                {
                                    "seriesCode": "EN_MAT_DOMCMPC",
                                    "seriesTitle": "Domestic material consumption per capita, by type of raw material (tonnes)",
                                    "hub": "995242b2ec9f4a21975ef7d47b5657bb",
                                    "slice_dimensions": {
                                        "Type of product": "RAW"
                                    },
                                    "text_type": "1",
                                    "fact_text": "Domestic material consumption decreased from <span class='fact-value'>3.45303</span> <span class='fact-unit'> metric tons per capita</span> in <span class='fact-year'>2000</span> to <span class='fact-value'>2.65833 metric tons per capita</span>  in  <span class='fact-year'>2017</span>.",
                                    "fact_values": [
                                        "3.45303",
                                        "2.65833"
                                    ],
                                    "fact_units": [
                                        " metric tons per capita",
                                        " metric tons per capita"
                                    ],
                                    "fact_years": [
                                        "2000",
                                        "2017"
                                    ],
                                    "data_years": [
                                        "2002",
                                        "2001",
                                        "2005",
                                        "2000",
                                        "2004",
                                        "2003",
                                        "2006",
                                        "2014",
                                        "2013",
                                        "2015",
                                        "2017",
                                        "2012",
                                        "2016",
                                        "2008",
                                        "2007",
                                        "2009",
                                        "2011",
                                        "2010"
                                    ],
                                    "data_values": [
                                        "3.42372",
                                        "3.33291",
                                        "3.50977",
                                        "3.45303",
                                        "3.45698",
                                        "3.49283",
                                        "3.54287",
                                        "2.81299",
                                        "2.92242",
                                        "2.75079",
                                        "2.65833",
                                        "2.99372",
                                        "2.7046",
                                        "3.04908",
                                        "3.18936",
                                        "3.07385",
                                        "3.0975",
                                        "3.04232"
                                    ],
                                    "data_is_censored": [
                                        false,
                                        false,
                                        false,
                                        false,
                                        false,
                                        false,
                                        false,
                                        false,
                                        false,
                                        false,
                                        false,
                                        false,
                                        false,
                                        false,
                                        false,
                                        false,
                                        false,
                                        false
                                    ],
                                    "data_numeric_part": [
                                        3.4,
                                        3.3,
                                        3.5,
                                        3.5,
                                        3.5,
                                        3.5,
                                        3.5,
                                        2.8,
                                        2.9,
                                        2.8,
                                        2.7,
                                        3.0,
                                        2.7,
                                        3.0,
                                        3.2,
                                        3.1,
                                        3.1,
                                        3.0
                                    ],
                                    "preferred_visualization": "time_series"
                                }
                            ]
                        }
                    ]
                },
                {
                    "targetCode": "8.1",
                    "indicators": [
                        {
                            "indicatorCode": "8.1.1",
                            "facts": [
                                {
                                    "seriesCode": "NY_GDP_PCAP",
                                    "seriesTitle": "Annual growth rate of real GDP per capita (%)",
                                    "hub": "3cb997d2497148e68dca6787fcb84ca5",
                                    "slice_dimensions": {},
                                    "text_type": "1",
                                    "fact_text": "The annual growth rate of real gross domestic product (GDP) per capita was <span class='fact-value'>-1.08</span> <span class='fact-unit'>%</span> in <span class='fact-year'>2017</span>.",
                                    "fact_values": [
                                        "-1.08"
                                    ],
                                    "fact_units": [
                                        "%"
                                    ],
                                    "fact_years": [
                                        "2017"
                                    ],
                                    "data_years": [
                                        "2017",
                                        "2016",
                                        "2015",
                                        "2014",
                                        "2002",
                                        "2001",
                                        "2000",
                                        "2003",
                                        "2013",
                                        "2012",
                                        "2011",
                                        "2010",
                                        "2004",
                                        "2009",
                                        "2008",
                                        "2007",
                                        "2006",
                                        "2005"
                                    ],
                                    "data_values": [
                                        "-1.08",
                                        "-0.51",
                                        "-0.22",
                                        "0.78",
                                        "0.54",
                                        "-0.10",
                                        "-0.33",
                                        "0.64",
                                        "-0.28",
                                        "-0.29",
                                        "-0.31",
                                        "-0.34",
                                        "0.15",
                                        "-0.37",
                                        "-0.38",
                                        "-0.38",
                                        "-0.55",
                                        "0.09"
                                    ],
                                    "data_is_censored": [
                                        false,
                                        false,
                                        false,
                                        false,
                                        false,
                                        false,
                                        false,
                                        false,
                                        false,
                                        false,
                                        false,
                                        false,
                                        false,
                                        false,
                                        false,
                                        false,
                                        false,
                                        false
                                    ],
                                    "data_numeric_part": [
                                        -1.08,
                                        -0.51,
                                        -0.22,
                                        0.78,
                                        0.54,
                                        -0.1,
                                        -0.33,
                                        0.64,
                                        -0.28,
                                        -0.29,
                                        -0.31,
                                        -0.34,
                                        0.15,
                                        -0.37,
                                        -0.38,
                                        -0.38,
                                        -0.55,
                                        0.09
                                    ],
                                    "preferred_visualization": "time_series"
                                }
                            ]
                        }
                    ]
                }
            ]
        },
        {
            "goalCode": "9",
            "targets": [
                {
                    "targetCode": "9.c",
                    "indicators": [
                        {
                            "indicatorCode": "9.c.1",
                            "facts": [
                                {
                                    "seriesCode": "IT_MOB_NTWK",
                                    "seriesTitle": "Proportion of population covered by a mobile network, by technology (%)",
                                    "hub": "8943ce6f81b44120b6124fedb3b094d8",
                                    "slice_dimensions": {
                                        "Type of mobile technology": "AL2G"
                                    },
                                    "text_type": "2",
                                    "fact_text": "In <span class='fact-year'>2017</span>, <span class='fact-value'>65.52</span> <span class='fact-unit'>% </span> of the population was in range of at least a second-generation (2G) cellular signal",
                                    "fact_values": [
                                        "65.52"
                                    ],
                                    "fact_units": [
                                        "% "
                                    ],
                                    "fact_years": [
                                        "2017"
                                    ],
                                    "data_years": [
                                        "2017",
                                        "2016",
                                        "2015",
                                        "2014",
                                        "2012",
                                        "2011",
                                        "2010"
                                    ],
                                    "data_values": [
                                        "65.52",
                                        "38.70",
                                        "38.70",
                                        "85.00",
                                        "80.00",
                                        "70.00",
                                        "60.00"
                                    ],
                                    "data_is_censored": [
                                        false,
                                        false,
                                        false,
                                        false,
                                        false,
                                        false,
                                        false
                                    ],
                                    "data_numeric_part": [
                                        66.0,
                                        39.0,
                                        39.0,
                                        85.0,
                                        80.0,
                                        70.0,
                                        60.0
                                    ],
                                    "preferred_visualization": "time_series"
                                }
                            ]
                        }
                    ]
                }
            ]
        },
        {
            "goalCode": "11",
            "targets": [
                {
                    "targetCode": "11.1",
                    "indicators": [
                        {
                            "indicatorCode": "11.1.1",
                            "facts": [
                                {
                                    "seriesCode": "EN_LND_SLUM",
                                    "seriesTitle": "Proportion of urban population living in slums (%)",
                                    "hub": "f158f819bd284fd5b35e456a152a069c",
                                    "slice_dimensions": {},
                                    "text_type": "1",
                                    "fact_text": "The proportion of the urban population living in slums was <span class='fact-value'>73.6</span> <span class='fact-unit'>%</span> in <span class='fact-year'>2014</span>.",
                                    "fact_values": [
                                        "73.6"
                                    ],
                                    "fact_units": [
                                        "%"
                                    ],
                                    "fact_years": [
                                        "2014"
                                    ],
                                    "data_years": [
                                        "2010",
                                        "2014",
                                        "2005"
                                    ],
                                    "data_values": [
                                        "73.6",
                                        "73.6",
                                        "73.5"
                                    ],
                                    "data_is_censored": [
                                        false,
                                        false,
                                        false
                                    ],
                                    "data_numeric_part": [
                                        74.0,
                                        74.0,
                                        74.0
                                    ],
                                    "preferred_visualization": "singleton"
                                }
                            ]
                        }
                    ]
                },
                {
                    "targetCode": "11.6",
                    "indicators": [
                        {
                            "indicatorCode": "11.6.2",
                            "facts": [
                                {
                                    "seriesCode": "EN_ATM_PM25",
                                    "seriesTitle": "Annual mean levels of fine particulate matter in cities, urban population (micrograms per cubic meter)",
                                    "hub": "5b43bb59961a46daa3b8af9384f60103",
                                    "slice_dimensions": {
                                        "Location": "ALLAREA"
                                    },
                                    "text_type": "10",
                                    "fact_text": "In <span class='fact-year'> 2016</span> , the annual population-weighted average mean concentration of fine suspended particles of less than 2.5 microns in diameters (PM2.5) was about <span class='fact-value'> 29.5138683319092</span>  <span class='fact-unit'> micrograms per cubic metre</span> .  This is above the maximum level for safety set by WHO of 10 micrograms per cubic metre.",
                                    "fact_values": [
                                        "29.5138683319092"
                                    ],
                                    "fact_units": [
                                        " micrograms per cubic metre"
                                    ],
                                    "fact_years": [
                                        "2016"
                                    ],
                                    "data_years": [
                                        "2016"
                                    ],
                                    "data_values": [
                                        "29.5138683319092"
                                    ],
                                    "data_is_censored": [
                                        false
                                    ],
                                    "data_numeric_part": [
                                        30.0
                                    ],
                                    "preferred_visualization": "threshold"
                                }
                            ]
                        }
                    ]
                }
            ]
        },
        {
            "goalCode": "12",
            "targets": [
                {
                    "targetCode": "12.2",
                    "indicators": [
                        {
                            "indicatorCode": "12.2.2",
                            "facts": [
                                {
                                    "seriesCode": "EN_MAT_DOMCMPC",
                                    "seriesTitle": "Domestic material consumption per capita, by type of raw material (tonnes)",
                                    "hub": "995242b2ec9f4a21975ef7d47b5657bb",
                                    "slice_dimensions": {
                                        "Type of product": "RAW"
                                    },
                                    "text_type": "1",
                                    "fact_text": "Domestic material consumption decreased from <span class='fact-value'>3.45303</span> <span class='fact-unit'> metric tons per capita</span> in <span class='fact-year'>2000</span> to <span class='fact-value'>2.65833 metric tons per capita</span>  in  <span class='fact-year'>2017</span>.",
                                    "fact_values": [
                                        "3.45303",
                                        "2.65833"
                                    ],
                                    "fact_units": [
                                        " metric tons per capita",
                                        " metric tons per capita"
                                    ],
                                    "fact_years": [
                                        "2000",
                                        "2017"
                                    ],
                                    "data_years": [
                                        "2002",
                                        "2001",
                                        "2005",
                                        "2000",
                                        "2004",
                                        "2003",
                                        "2006",
                                        "2014",
                                        "2013",
                                        "2015",
                                        "2017",
                                        "2012",
                                        "2016",
                                        "2008",
                                        "2007",
                                        "2009",
                                        "2011",
                                        "2010"
                                    ],
                                    "data_values": [
                                        "3.42372",
                                        "3.33291",
                                        "3.50977",
                                        "3.45303",
                                        "3.45698",
                                        "3.49283",
                                        "3.54287",
                                        "2.81299",
                                        "2.92242",
                                        "2.75079",
                                        "2.65833",
                                        "2.99372",
                                        "2.7046",
                                        "3.04908",
                                        "3.18936",
                                        "3.07385",
                                        "3.0975",
                                        "3.04232"
                                    ],
                                    "data_is_censored": [
                                        false,
                                        false,
                                        false,
                                        false,
                                        false,
                                        false,
                                        false,
                                        false,
                                        false,
                                        false,
                                        false,
                                        false,
                                        false,
                                        false,
                                        false,
                                        false,
                                        false,
                                        false
                                    ],
                                    "data_numeric_part": [
                                        3.4,
                                        3.3,
                                        3.5,
                                        3.5,
                                        3.5,
                                        3.5,
                                        3.5,
                                        2.8,
                                        2.9,
                                        2.8,
                                        2.7,
                                        3.0,
                                        2.7,
                                        3.0,
                                        3.2,
                                        3.1,
                                        3.1,
                                        3.0
                                    ],
                                    "preferred_visualization": "time_series"
                                }
                            ]
                        }
                    ]
                }
            ]
        },
        {
            "goalCode": "15",
            "targets": [
                {
                    "targetCode": "15.1",
                    "indicators": [
                        {
                            "indicatorCode": "15.1.1",
                            "facts": [
                                {
                                    "seriesCode": "AG_LND_FRST",
                                    "seriesTitle": "Forest area as a proportion of total land area (%)",
                                    "hub": "e23061ce674142b5b33c46ea5e031658",
                                    "slice_dimensions": {},
                                    "text_type": "1",
                                    "fact_text": "Land area covered by forest declined from <span class='fact-value'>11.97915</span> <span class='fact-unit'>%</span> in <span class='fact-year'>2000</span> to <span class='fact-value'>10.14283%</span>  in  <span class='fact-year'>2015</span>.",
                                    "fact_values": [
                                        "11.97915",
                                        "10.14283"
                                    ],
                                    "fact_units": [
                                        "%",
                                        "%"
                                    ],
                                    "fact_years": [
                                        "2000",
                                        "2015"
                                    ],
                                    "data_years": [
                                        "2010",
                                        "2005",
                                        "2000",
                                        "2015"
                                    ],
                                    "data_values": [
                                        "10.75493",
                                        "11.36704",
                                        "11.97915",
                                        "10.14283"
                                    ],
                                    "data_is_censored": [
                                        false,
                                        false,
                                        false,
                                        false
                                    ],
                                    "data_numeric_part": [
                                        11.0,
                                        11.0,
                                        12.0,
                                        10.0
                                    ],
                                    "preferred_visualization": "time_series"
                                }
                            ]
                        },
                        {
                            "indicatorCode": "15.1.2",
                            "facts": [
                                {
                                    "seriesCode": "ER_PTD_FRWRT",
                                    "seriesTitle": "Average proportion of Freshwater Key Biodiversity Areas (KBAs) covered by protected areas (%)",
                                    "hub": "5c12290ecd1c4a49bc3734721d941d10",
                                    "slice_dimensions": {
                                        "Bounds": "MP"
                                    },
                                    "text_type": "7",
                                    "fact_text": "The average proportion of freshwater key biodiversity areas (KBAs) covered by protected areas was <span class='fact-value'> 0</span>  <span class='fact-unit'>%</span>  in <span class='fact-year'> 2018</span> .",
                                    "fact_values": [
                                        "0"
                                    ],
                                    "fact_units": [
                                        "%"
                                    ],
                                    "fact_years": [
                                        "2018"
                                    ],
                                    "data_years": [
                                        "2000",
                                        "2018",
                                        "2017",
                                        "2005",
                                        "2006",
                                        "2007",
                                        "2008",
                                        "2001",
                                        "2004",
                                        "2003",
                                        "2002",
                                        "2014",
                                        "2015",
                                        "2016",
                                        "2013",
                                        "2009",
                                        "2010",
                                        "2011",
                                        "2012"
                                    ],
                                    "data_values": [
                                        "0",
                                        "0",
                                        "0",
                                        "0",
                                        "0",
                                        "0",
                                        "0",
                                        "0",
                                        "0",
                                        "0",
                                        "0",
                                        "0",
                                        "0",
                                        "0",
                                        "0",
                                        "0",
                                        "0",
                                        "0",
                                        "0"
                                    ],
                                    "data_is_censored": [
                                        false,
                                        false,
                                        false,
                                        false,
                                        false,
                                        false,
                                        false,
                                        false,
                                        false,
                                        false,
                                        false,
                                        false,
                                        false,
                                        false,
                                        false,
                                        false,
                                        false,
                                        false,
                                        false
                                    ],
                                    "data_numeric_part": [
                                        0.0,
                                        0.0,
                                        0.0,
                                        0.0,
                                        0.0,
                                        0.0,
                                        0.0,
                                        0.0,
                                        0.0,
                                        0.0,
                                        0.0,
                                        0.0,
                                        0.0,
                                        0.0,
                                        0.0,
                                        0.0,
                                        0.0,
                                        0.0,
                                        0.0
                                    ],
                                    "preferred_visualization": "time_series"
                                },
                                {
                                    "seriesCode": "ER_PTD_TERRS",
                                    "seriesTitle": "Average proportion of Terrestrial Key Biodiversity Areas (KBAs) covered by protected areas (%)",
                                    "hub": "c2c0216c53744dd7b5278e398328bc99",
                                    "slice_dimensions": {
                                        "Bounds": "MP"
                                    },
                                    "text_type": "7",
                                    "fact_text": "The average proportion of terrestrial key biodiversity areas (KBAs) covered by protected areas was <span class='fact-value'> 0</span>  <span class='fact-unit'>%</span>  in <span class='fact-year'> 2018</span> .",
                                    "fact_values": [
                                        "0"
                                    ],
                                    "fact_units": [
                                        "%"
                                    ],
                                    "fact_years": [
                                        "2018"
                                    ],
                                    "data_years": [
                                        "2010",
                                        "2011",
                                        "2012",
                                        "2013",
                                        "2006",
                                        "2007",
                                        "2008",
                                        "2009",
                                        "2018",
                                        "2014",
                                        "2015",
                                        "2016",
                                        "2017",
                                        "2005",
                                        "2002",
                                        "2003",
                                        "2004",
                                        "2001",
                                        "2000"
                                    ],
                                    "data_values": [
                                        "0",
                                        "0",
                                        "0",
                                        "0",
                                        "0",
                                        "0",
                                        "0",
                                        "0",
                                        "0",
                                        "0",
                                        "0",
                                        "0",
                                        "0",
                                        "0",
                                        "0",
                                        "0",
                                        "0",
                                        "0",
                                        "0"
                                    ],
                                    "data_is_censored": [
                                        false,
                                        false,
                                        false,
                                        false,
                                        false,
                                        false,
                                        false,
                                        false,
                                        false,
                                        false,
                                        false,
                                        false,
                                        false,
                                        false,
                                        false,
                                        false,
                                        false,
                                        false,
                                        false
                                    ],
                                    "data_numeric_part": [
                                        0.0,
                                        0.0,
                                        0.0,
                                        0.0,
                                        0.0,
                                        0.0,
                                        0.0,
                                        0.0,
                                        0.0,
                                        0.0,
                                        0.0,
                                        0.0,
                                        0.0,
                                        0.0,
                                        0.0,
                                        0.0,
                                        0.0,
                                        0.0,
                                        0.0
                                    ],
                                    "preferred_visualization": "time_series"
                                }
                            ]
                        }
                    ]
                }
            ]
        },
        {
            "goalCode": "16",
            "targets": [
                {
                    "targetCode": "16.1",
                    "indicators": [
                        {
                            "indicatorCode": "16.1.1",
                            "facts": [
                                {
                                    "seriesCode": "VC_IHR_PSRC",
                                    "seriesTitle": "Number of victims of intentional homicide per 100,000 population, by sex (victims per 100,000 population)",
                                    "hub": "b65e89e905a744e5992889ddc27f8fc7",
                                    "slice_dimensions": {},
                                    "text_type": "11",
                                    "fact_text": "In <span class='fact-year'> 2015</span> , the intentional homicide rate was <span class='fact-value'> 4.31</span>  <span class='fact-unit'> per 100,000 population</span> . ",
                                    "fact_values": [
                                        "4.31"
                                    ],
                                    "fact_units": [
                                        " per 100,000 population"
                                    ],
                                    "fact_years": [
                                        "2015"
                                    ],
                                    "data_years": [
                                        "2010",
                                        "2015"
                                    ],
                                    "data_values": [
                                        "5.28",
                                        "4.31"
                                    ],
                                    "data_is_censored": [
                                        false,
                                        false
                                    ],
                                    "data_numeric_part": [
                                        5.3,
                                        4.3
                                    ],
                                    "preferred_visualization": "singleton"
                                }
                            ]
                        }
                    ]
                },
                {
                    "targetCode": "16.9",
                    "indicators": [
                        {
                            "indicatorCode": "16.9.1",
                            "facts": [
                                {
                                    "seriesCode": "SG_REG_BRTH",
                                    "seriesTitle": "Proportion of children under 5 years of age whose births have been registered with a civil authority (% of children under 5 years of age)",
                                    "hub": "",
                                    "slice_dimensions": {
                                        "Age": "<5Y"
                                    },
                                    "text_type": "3",
                                    "fact_text": "In <span class='fact-year'> 2006</span> , there were about <span class='fact-value'> 3</span> <span class='fact-unit'>%</span>  of children under age 5 whose births were registered with a civil authority",
                                    "fact_values": [
                                        "3"
                                    ],
                                    "fact_units": [
                                        "%"
                                    ],
                                    "fact_years": [
                                        "2006"
                                    ],
                                    "data_years": [
                                        "2006"
                                    ],
                                    "data_values": [
                                        "3"
                                    ],
                                    "data_is_censored": [
                                        false
                                    ],
                                    "data_numeric_part": [
                                        3.0
                                    ],
                                    "preferred_visualization": "singleton"
                                }
                            ]
                        }
                    ]
                }
            ]
        },
        {
            "goalCode": "17",
            "targets": [
                {
                    "targetCode": "17.6",
                    "indicators": [
                        {
                            "indicatorCode": "17.6.2",
                            "facts": [
                                {
                                    "seriesCode": "IT_NET_BBP",
                                    "seriesTitle": "Fixed Internet broadband subscriptions per 100\u00a0inhabitants, by speed (per 100 inhabitants)",
                                    "hub": "f59cf3f8a0ec41a2b601a28682e6f2c8",
                                    "slice_dimensions": {
                                        "Type of speed": "ANYS"
                                    },
                                    "text_type": "15",
                                    "fact_text": "In <span class='fact-year'> 2017</span> , fixed-broadband internet penetration reached <span class='fact-value'> 0.66</span>  <span class='fact-unit'>% of the population</span> .",
                                    "fact_values": [
                                        "% of the population"
                                    ],
                                    "fact_units": [
                                        "%"
                                    ],
                                    "fact_years": [
                                        "2017"
                                    ],
                                    "data_years": [
                                        "2015",
                                        "2016",
                                        "2017",
                                        "2012",
                                        "2013",
                                        "2014"
                                    ],
                                    "data_values": [
                                        "0.59",
                                        "0.64",
                                        "0.66",
                                        "0.31",
                                        "0.46",
                                        "0.52"
                                    ],
                                    "data_is_censored": [
                                        false,
                                        false,
                                        false,
                                        false,
                                        false,
                                        false
                                    ],
                                    "data_numeric_part": [
                                        0.59,
                                        0.64,
                                        0.66,
                                        0.31,
                                        0.46,
                                        0.52
                                    ],
                                    "preferred_visualization": "time_series"
                                }
                            ]
                        }
                    ]
                }
            ]
        }
    ]
}