{
    "release": "2019.Q1.G.02",
    "country_code": "234",
    "country_name": "Faroe Islands",
    "X": "-7.122044325",
    "Y": "62.21228119",
    "goals": [
        {
            "goalCode": "7",
            "targets": [
                {
                    "targetCode": "7.1",
                    "indicators": [
                        {
                            "indicatorCode": "7.1.1",
                            "facts": [
                                {
                                    "seriesCode": "EG_ELC_ACCS",
                                    "seriesTitle": "Proportion of population with access to electricity, by urban/rural (%)",
                                    "hub": "81cf3e70351c4895828a2486efa2142c",
                                    "slice_dimensions": {
                                        "Location": "ALLAREA"
                                    },
                                    "text_type": "1",
                                    "fact_text": "The proportion of the population with access to electricity was <span class='fact-value'>100.00</span> <span class='fact-unit'>%</span> in <span class='fact-year'>2016</span>.",
                                    "fact_values": [
                                        "100.00"
                                    ],
                                    "fact_units": [
                                        "%"
                                    ],
                                    "fact_years": [
                                        "2016"
                                    ],
                                    "data_years": [
                                        "2004",
                                        "2006",
                                        "2005",
                                        "2000",
                                        "2002",
                                        "2001",
                                        "2003",
                                        "2012",
                                        "2015",
                                        "2014",
                                        "2013",
                                        "2016",
                                        "2008",
                                        "2009",
                                        "2007",
                                        "2011",
                                        "2010"
                                    ],
                                    "data_values": [
                                        "100.00",
                                        "100.00",
                                        "100.00",
                                        "100.00",
                                        "100.00",
                                        "100.00",
                                        "100.00",
                                        "100.00",
                                        "100.00",
                                        "100.00",
                                        "100.00",
                                        "100.00",
                                        "100.00",
                                        "100.00",
                                        "100.00",
                                        "100.00",
                                        "100.00"
                                    ],
                                    "data_is_censored": [
                                        false,
                                        false,
                                        false,
                                        false,
                                        false,
                                        false,
                                        false,
                                        false,
                                        false,
                                        false,
                                        false,
                                        false,
                                        false,
                                        false,
                                        false,
                                        false,
                                        false
                                    ],
                                    "data_numeric_part": [
                                        100.0,
                                        100.0,
                                        100.0,
                                        100.0,
                                        100.0,
                                        100.0,
                                        100.0,
                                        100.0,
                                        100.0,
                                        100.0,
                                        100.0,
                                        100.0,
                                        100.0,
                                        100.0,
                                        100.0,
                                        100.0,
                                        100.0
                                    ],
                                    "preferred_visualization": "time_series"
                                }
                            ]
                        }
                    ]
                }
            ]
        },
        {
            "goalCode": "9",
            "targets": [
                {
                    "targetCode": "9.5",
                    "indicators": [
                        {
                            "indicatorCode": "9.5.1",
                            "facts": [
                                {
                                    "seriesCode": "GB_XPD_RSDV",
                                    "seriesTitle": "Research and development expenditure as a proportion of GDP (%)",
                                    "hub": "a4e6d6a6cc804c3598cc9b96cd96ce67",
                                    "slice_dimensions": {},
                                    "text_type": "9",
                                    "fact_text": "In <span class='fact-year'> 2003</span> , investment in research and development (R&D) stood at <span class='fact-value'> 0.86</span>  <span class='fact-unit'>% of GDP</span> .",
                                    "fact_values": [
                                        "0.86"
                                    ],
                                    "fact_units": [
                                        "% of GDP"
                                    ],
                                    "fact_years": [
                                        "2003"
                                    ],
                                    "data_years": [
                                        "2003"
                                    ],
                                    "data_values": [
                                        "0.86"
                                    ],
                                    "data_is_censored": [
                                        false
                                    ],
                                    "data_numeric_part": [
                                        0.86
                                    ],
                                    "preferred_visualization": "singleton"
                                }
                            ]
                        }
                    ]
                },
                {
                    "targetCode": "9.c",
                    "indicators": [
                        {
                            "indicatorCode": "9.c.1",
                            "facts": [
                                {
                                    "seriesCode": "IT_MOB_NTWK",
                                    "seriesTitle": "Proportion of population covered by a mobile network, by technology (%)",
                                    "hub": "8943ce6f81b44120b6124fedb3b094d8",
                                    "slice_dimensions": {
                                        "Type of mobile technology": "AL2G"
                                    },
                                    "text_type": "2",
                                    "fact_text": "In <span class='fact-year'>2017</span>, <span class='fact-value'>100.00</span> <span class='fact-unit'>% </span> of the population was in range of at least a second-generation (2G) cellular signal",
                                    "fact_values": [
                                        "100.00"
                                    ],
                                    "fact_units": [
                                        "% "
                                    ],
                                    "fact_years": [
                                        "2017"
                                    ],
                                    "data_years": [
                                        "2016",
                                        "2015",
                                        "2012",
                                        "2011",
                                        "2010",
                                        "2009",
                                        "2008",
                                        "2007",
                                        "2006",
                                        "2005",
                                        "2004",
                                        "2003",
                                        "2017",
                                        "2002"
                                    ],
                                    "data_values": [
                                        "99.90",
                                        "96.00",
                                        "100.00",
                                        "100.00",
                                        "100.00",
                                        "100.00",
                                        "100.00",
                                        "100.00",
                                        "100.00",
                                        "100.00",
                                        "100.00",
                                        "99.00",
                                        "100.00",
                                        "98.00"
                                    ],
                                    "data_is_censored": [
                                        false,
                                        false,
                                        false,
                                        false,
                                        false,
                                        false,
                                        false,
                                        false,
                                        false,
                                        false,
                                        false,
                                        false,
                                        false,
                                        false
                                    ],
                                    "data_numeric_part": [
                                        100.0,
                                        96.0,
                                        100.0,
                                        100.0,
                                        100.0,
                                        100.0,
                                        100.0,
                                        100.0,
                                        100.0,
                                        100.0,
                                        100.0,
                                        99.0,
                                        100.0,
                                        98.0
                                    ],
                                    "preferred_visualization": "time_series"
                                }
                            ]
                        }
                    ]
                }
            ]
        },
        {
            "goalCode": "14",
            "targets": [
                {
                    "targetCode": "14.5",
                    "indicators": [
                        {
                            "indicatorCode": "14.5.1",
                            "facts": [
                                {
                                    "seriesCode": "ER_MRN_MARIN",
                                    "seriesTitle": "Coverage of protected areas in relation to marine areas (Exclusive Economic Zones) (%)",
                                    "hub": "2a0cad7f76284e8c978bfcb0fa15cd76",
                                    "slice_dimensions": {},
                                    "text_type": "8",
                                    "fact_text": "In <span class='fact-year'> 2018</span> , <span class='fact-value'> 0.02456</span>  <span class='fact-unit'>% </span> of the marine environment under national jurisdiction (up to 200 nautical miles from shore) was under protection.",
                                    "fact_values": [
                                        "0.02456"
                                    ],
                                    "fact_units": [
                                        "% "
                                    ],
                                    "fact_years": [
                                        "2018"
                                    ],
                                    "data_years": [
                                        "2018"
                                    ],
                                    "data_values": [
                                        "0.02456"
                                    ],
                                    "data_is_censored": [
                                        false
                                    ],
                                    "data_numeric_part": [
                                        0.02
                                    ],
                                    "preferred_visualization": "singleton"
                                }
                            ]
                        }
                    ]
                }
            ]
        },
        {
            "goalCode": "15",
            "targets": [
                {
                    "targetCode": "15.1",
                    "indicators": [
                        {
                            "indicatorCode": "15.1.1",
                            "facts": [
                                {
                                    "seriesCode": "AG_LND_FRST",
                                    "seriesTitle": "Forest area as a proportion of total land area (%)",
                                    "hub": "e23061ce674142b5b33c46ea5e031658",
                                    "slice_dimensions": {},
                                    "text_type": "1",
                                    "fact_text": "Land area covered by forest was <span class='fact-value'>5.95E-02</span> <span class='fact-unit'>%</span> in <span class='fact-year'>2015</span>.",
                                    "fact_values": [
                                        "5.95E-02"
                                    ],
                                    "fact_units": [
                                        "%"
                                    ],
                                    "fact_years": [
                                        "2015"
                                    ],
                                    "data_years": [
                                        "2010",
                                        "2005",
                                        "2015",
                                        "2000"
                                    ],
                                    "data_values": [
                                        "5.95E-02",
                                        "5.95E-02",
                                        "5.95E-02",
                                        "5.95E-02"
                                    ],
                                    "data_is_censored": [
                                        true,
                                        true,
                                        true,
                                        true
                                    ],
                                    "data_numeric_part": [
                                        6.0,
                                        6.0,
                                        6.0,
                                        6.0
                                    ],
                                    "preferred_visualization": "time_series"
                                }
                            ]
                        },
                        {
                            "indicatorCode": "15.1.2",
                            "facts": [
                                {
                                    "seriesCode": "ER_PTD_TERRS",
                                    "seriesTitle": "Average proportion of Terrestrial Key Biodiversity Areas (KBAs) covered by protected areas (%)",
                                    "hub": "c2c0216c53744dd7b5278e398328bc99",
                                    "slice_dimensions": {
                                        "Bounds": "MP"
                                    },
                                    "text_type": "7",
                                    "fact_text": "The average proportion of terrestrial key biodiversity areas (KBAs) covered by protected areas was <span class='fact-value'> 0</span>  <span class='fact-unit'>%</span>  in <span class='fact-year'> 2018</span> .",
                                    "fact_values": [
                                        "0"
                                    ],
                                    "fact_units": [
                                        "%"
                                    ],
                                    "fact_years": [
                                        "2018"
                                    ],
                                    "data_years": [
                                        "2018",
                                        "2017",
                                        "2016",
                                        "2015",
                                        "2000",
                                        "2011",
                                        "2010",
                                        "2009",
                                        "2014",
                                        "2013",
                                        "2012",
                                        "2008",
                                        "2003",
                                        "2002",
                                        "2001",
                                        "2004",
                                        "2007",
                                        "2006",
                                        "2005"
                                    ],
                                    "data_values": [
                                        "0",
                                        "0",
                                        "0",
                                        "0",
                                        "0",
                                        "0",
                                        "0",
                                        "0",
                                        "0",
                                        "0",
                                        "0",
                                        "0",
                                        "0",
                                        "0",
                                        "0",
                                        "0",
                                        "0",
                                        "0",
                                        "0"
                                    ],
                                    "data_is_censored": [
                                        false,
                                        false,
                                        false,
                                        false,
                                        false,
                                        false,
                                        false,
                                        false,
                                        false,
                                        false,
                                        false,
                                        false,
                                        false,
                                        false,
                                        false,
                                        false,
                                        false,
                                        false,
                                        false
                                    ],
                                    "data_numeric_part": [
                                        0.0,
                                        0.0,
                                        0.0,
                                        0.0,
                                        0.0,
                                        0.0,
                                        0.0,
                                        0.0,
                                        0.0,
                                        0.0,
                                        0.0,
                                        0.0,
                                        0.0,
                                        0.0,
                                        0.0,
                                        0.0,
                                        0.0,
                                        0.0,
                                        0.0
                                    ],
                                    "preferred_visualization": "time_series"
                                }
                            ]
                        }
                    ]
                }
            ]
        },
        {
            "goalCode": "17",
            "targets": [
                {
                    "targetCode": "17.3",
                    "indicators": [
                        {
                            "indicatorCode": "17.3.2",
                            "facts": [
                                {
                                    "seriesCode": "BX_TRF_PWKR",
                                    "seriesTitle": "Volume of remittances (in United States dollars) as a proportion of total GDP (%)",
                                    "hub": "68e9ec78abe543889762bbdd36cd3d31",
                                    "slice_dimensions": {},
                                    "text_type": "9",
                                    "fact_text": "In <span class='fact-year'> 2015</span> , the inflow of personal remittances was <span class='fact-value'> 6.40</span>  <span class='fact-unit'>% of GDP</span> , up from <span class='fact-value'> 4.38</span>  <span class='fact-unit'>%</span>  in <span class='fact-year'> 1998</span> ",
                                    "fact_values": [
                                        "4.38% of GDP",
                                        "6.40% of GDP"
                                    ],
                                    "fact_units": [
                                        "%"
                                    ],
                                    "fact_years": [
                                        "1998",
                                        "2015"
                                    ],
                                    "data_years": [
                                        "2008",
                                        "2007",
                                        "2013",
                                        "2012",
                                        "2011",
                                        "2014",
                                        "2010",
                                        "2009",
                                        "2015",
                                        "2003",
                                        "2004",
                                        "2002",
                                        "2006",
                                        "2005",
                                        "1998",
                                        "2001",
                                        "1999",
                                        "2000"
                                    ],
                                    "data_values": [
                                        "5.66",
                                        "4.79",
                                        "6.06",
                                        "6.72",
                                        "6.42",
                                        "5.64",
                                        "6.36",
                                        "6.15",
                                        "6.40",
                                        "2.98",
                                        "2.92",
                                        "3.13",
                                        "4.52",
                                        "4.64",
                                        "4.38",
                                        "3.38",
                                        "4.45",
                                        "4.04"
                                    ],
                                    "data_is_censored": [
                                        false,
                                        false,
                                        false,
                                        false,
                                        false,
                                        false,
                                        false,
                                        false,
                                        false,
                                        false,
                                        false,
                                        false,
                                        false,
                                        false,
                                        false,
                                        false,
                                        false,
                                        false
                                    ],
                                    "data_numeric_part": [
                                        5.7,
                                        4.8,
                                        6.1,
                                        6.7,
                                        6.4,
                                        5.6,
                                        6.4,
                                        6.2,
                                        6.4,
                                        3.0,
                                        2.9,
                                        3.1,
                                        4.5,
                                        4.6,
                                        4.4,
                                        3.4,
                                        4.5,
                                        4.0
                                    ],
                                    "preferred_visualization": "time_series"
                                }
                            ]
                        }
                    ]
                },
                {
                    "targetCode": "17.6",
                    "indicators": [
                        {
                            "indicatorCode": "17.6.2",
                            "facts": [
                                {
                                    "seriesCode": "IT_NET_BBP",
                                    "seriesTitle": "Fixed Internet broadband subscriptions per 100\u00a0inhabitants, by speed (per 100 inhabitants)",
                                    "hub": "f59cf3f8a0ec41a2b601a28682e6f2c8",
                                    "slice_dimensions": {
                                        "Type of speed": "ANYS"
                                    },
                                    "text_type": "15",
                                    "fact_text": "In <span class='fact-year'> 2017</span> , fixed-broadband internet penetration reached <span class='fact-value'> 36.60</span>  <span class='fact-unit'>% of the population</span> , up from 0.11% of the population in <span class='fact-year'> 2001</span> .",
                                    "fact_values": [
                                        "0.11",
                                        "36.60"
                                    ],
                                    "fact_units": [
                                        "% of the population",
                                        "% of the population"
                                    ],
                                    "fact_years": [
                                        "2001",
                                        "2017"
                                    ],
                                    "data_years": [
                                        "2001",
                                        "2003",
                                        "2004",
                                        "2002",
                                        "2005",
                                        "2013",
                                        "2014",
                                        "2015",
                                        "2017",
                                        "2016",
                                        "2012",
                                        "2006",
                                        "2007",
                                        "2008",
                                        "2010",
                                        "2011",
                                        "2009"
                                    ],
                                    "data_values": [
                                        "0.11",
                                        "0.82",
                                        "6.51",
                                        "0.24",
                                        "12.15",
                                        "34.26",
                                        "35.55",
                                        "36.34",
                                        "36.60",
                                        "36.59",
                                        "33.54",
                                        "27.13",
                                        "29.85",
                                        "30.69",
                                        "33.32",
                                        "33.03",
                                        "32.73"
                                    ],
                                    "data_is_censored": [
                                        false,
                                        false,
                                        false,
                                        false,
                                        false,
                                        false,
                                        false,
                                        false,
                                        false,
                                        false,
                                        false,
                                        false,
                                        false,
                                        false,
                                        false,
                                        false,
                                        false
                                    ],
                                    "data_numeric_part": [
                                        0.11,
                                        0.82,
                                        6.5,
                                        0.24,
                                        12.0,
                                        34.0,
                                        36.0,
                                        36.0,
                                        37.0,
                                        37.0,
                                        34.0,
                                        27.0,
                                        30.0,
                                        31.0,
                                        33.0,
                                        33.0,
                                        33.0
                                    ],
                                    "preferred_visualization": "time_series"
                                }
                            ]
                        }
                    ]
                },
                {
                    "targetCode": "17.18",
                    "indicators": [
                        {
                            "indicatorCode": "17.18.3",
                            "facts": [
                                {
                                    "seriesCode": "SG_STT_NSDSFND",
                                    "seriesTitle": "Countries with national statistical plans that are fully funded (1 = YES; 0 = NO)",
                                    "hub": "bc201a5c69e94e23b45bad86c828f1be",
                                    "slice_dimensions": {},
                                    "text_type": "12",
                                    "fact_text": "As of <span class='fact-year'> 2018</span> , Faroe Islands has developed national statistical plans that are fully funded.",
                                    "fact_values": [
                                        "1"
                                    ],
                                    "fact_units": [
                                        ""
                                    ],
                                    "fact_years": [
                                        "2018"
                                    ],
                                    "data_years": [
                                        "2018"
                                    ],
                                    "data_values": [
                                        "1"
                                    ],
                                    "data_is_censored": [
                                        false
                                    ],
                                    "data_numeric_part": [
                                        1.0
                                    ],
                                    "preferred_visualization": "boolean"
                                }
                            ]
                        }
                    ]
                }
            ]
        }
    ]
}