{
    "release": "2019.Q1.G.02",
    "country_code": "584",
    "country_name": "Marshall Islands",
    "X": "171.0839119",
    "Y": "7.110213497",
    "goals": [
        {
            "goalCode": "3",
            "targets": [
                {
                    "targetCode": "3.2",
                    "indicators": [
                        {
                            "indicatorCode": "3.2.1",
                            "facts": [
                                {
                                    "seriesCode": "SH_DYN_MORT",
                                    "seriesTitle": "Under-five mortality rate, by sex (deaths per 1,000 live births)",
                                    "hub": "216c7516b9444f289e8f7910c8726e9f",
                                    "slice_dimensions": {
                                        "Age": "<5Y",
                                        "Sex": "BOTHSEX"
                                    },
                                    "text_type": "1",
                                    "fact_text": "The mortality rate of children under age 5 fell from <span class='fact-value'>40.7</span> <span class='fact-unit'> per 1,000 live births</span> in <span class='fact-year'>2000</span> to <span class='fact-value'>34 per 1,000 live births</span>  in  <span class='fact-year'>2017</span>.",
                                    "fact_values": [
                                        "40.7",
                                        "34"
                                    ],
                                    "fact_units": [
                                        " per 1,000 live births",
                                        " per 1,000 live births"
                                    ],
                                    "fact_years": [
                                        "2000",
                                        "2017"
                                    ],
                                    "data_years": [
                                        "2005",
                                        "2007",
                                        "2006",
                                        "2001",
                                        "2002",
                                        "2000",
                                        "2004",
                                        "2003",
                                        "2016",
                                        "2014",
                                        "2015",
                                        "2017",
                                        "2010",
                                        "2008",
                                        "2009",
                                        "2013",
                                        "2011",
                                        "2012"
                                    ],
                                    "data_values": [
                                        "39.9",
                                        "39.4",
                                        "39.6",
                                        "40.7",
                                        "40.6",
                                        "40.7",
                                        "40.1",
                                        "40.3",
                                        "34.9",
                                        "36.7",
                                        "35.8",
                                        "34",
                                        "38.8",
                                        "39.2",
                                        "39",
                                        "37.5",
                                        "38.5",
                                        "38.1"
                                    ],
                                    "data_is_censored": [
                                        false,
                                        false,
                                        false,
                                        false,
                                        false,
                                        false,
                                        false,
                                        false,
                                        false,
                                        false,
                                        false,
                                        false,
                                        false,
                                        false,
                                        false,
                                        false,
                                        false,
                                        false
                                    ],
                                    "data_numeric_part": [
                                        40.0,
                                        39.0,
                                        40.0,
                                        41.0,
                                        41.0,
                                        41.0,
                                        40.0,
                                        40.0,
                                        35.0,
                                        37.0,
                                        36.0,
                                        34.0,
                                        39.0,
                                        39.0,
                                        39.0,
                                        38.0,
                                        39.0,
                                        38.0
                                    ],
                                    "preferred_visualization": "time_series"
                                }
                            ]
                        }
                    ]
                }
            ]
        },
        {
            "goalCode": "4",
            "targets": [
                {
                    "targetCode": "4.2",
                    "indicators": [
                        {
                            "indicatorCode": "4.2.2",
                            "facts": [
                                {
                                    "seriesCode": "SE_PRE_PARTN",
                                    "seriesTitle": "Participation rate in organized learning (one year before the official primary entry age), by sex (%)",
                                    "hub": "3459681b792a4979a9d9731c75f7f80d",
                                    "slice_dimensions": {
                                        "Sex": "BOTHSEX"
                                    },
                                    "text_type": "2",
                                    "fact_text": "In <span class='fact-year'>2016</span>, <span class='fact-value'>65.58485</span> <span class='fact-unit'>% </span> of children participated in pre-primary or primary education in the year prior to the official entrance age for primary school",
                                    "fact_values": [
                                        "65.58485"
                                    ],
                                    "fact_units": [
                                        "% "
                                    ],
                                    "fact_years": [
                                        "2016"
                                    ],
                                    "data_years": [
                                        "2016",
                                        "2015"
                                    ],
                                    "data_values": [
                                        "65.58485",
                                        "64.93333"
                                    ],
                                    "data_is_censored": [
                                        false,
                                        false
                                    ],
                                    "data_numeric_part": [
                                        66.0,
                                        65.0
                                    ],
                                    "preferred_visualization": "singleton"
                                }
                            ]
                        }
                    ]
                }
            ]
        },
        {
            "goalCode": "5",
            "targets": [
                {
                    "targetCode": "5.3",
                    "indicators": [
                        {
                            "indicatorCode": "5.3.1",
                            "facts": [
                                {
                                    "seriesCode": "SP_DYN_MRBF18",
                                    "seriesTitle": "Proportion of women aged 20-24 years who were married or in a union before age 18 (%)",
                                    "hub": "2186448878244705a5295710c140b8c3",
                                    "slice_dimensions": {
                                        "Age": "20-24",
                                        "Sex": "FEMALE"
                                    },
                                    "text_type": "2",
                                    "fact_text": "In <span class='fact-year'>2007</span>, <span class='fact-value'>26.3</span> <span class='fact-unit'>% </span> of women aged 20 to 24 reported that they were married before their eighteenth birthday",
                                    "fact_values": [
                                        "26.3"
                                    ],
                                    "fact_units": [
                                        "% "
                                    ],
                                    "fact_years": [
                                        "2007"
                                    ],
                                    "data_years": [
                                        "2007"
                                    ],
                                    "data_values": [
                                        "26.3"
                                    ],
                                    "data_is_censored": [
                                        false
                                    ],
                                    "data_numeric_part": [
                                        26.0
                                    ],
                                    "preferred_visualization": "singleton"
                                }
                            ]
                        }
                    ]
                },
                {
                    "targetCode": "5.5",
                    "indicators": [
                        {
                            "indicatorCode": "5.5.1",
                            "facts": [
                                {
                                    "seriesCode": "SG_GEN_PARL",
                                    "seriesTitle": "Proportion of seats held by women in national parliaments (% of total number of seats)",
                                    "hub": "337524c727bd498c8726f9f6bc6512e1",
                                    "slice_dimensions": {
                                        "Sex": "FEMALE"
                                    },
                                    "text_type": "1",
                                    "fact_text": "The proportion of seats held by women in single or lower houses of parliament increased from <span class='fact-value'>3.0303</span> <span class='fact-unit'>%</span> in <span class='fact-year'>2000</span> to <span class='fact-value'>9.0909%</span>  in  <span class='fact-year'>2018</span>.",
                                    "fact_values": [
                                        "3.0303",
                                        "9.0909"
                                    ],
                                    "fact_units": [
                                        "%",
                                        "%"
                                    ],
                                    "fact_years": [
                                        "2000",
                                        "2018"
                                    ],
                                    "data_years": [
                                        "2013",
                                        "2018",
                                        "2016",
                                        "2017",
                                        "2014",
                                        "2015",
                                        "2004",
                                        "2003",
                                        "2005",
                                        "2000",
                                        "2001",
                                        "2002",
                                        "2010",
                                        "2012",
                                        "2011",
                                        "2007",
                                        "2006",
                                        "2009",
                                        "2008"
                                    ],
                                    "data_values": [
                                        "3.0303",
                                        "9.0909",
                                        "9.0909",
                                        "9.0909",
                                        "3.0303",
                                        "3.0303",
                                        "3.0303",
                                        "3.0303",
                                        "3.0303",
                                        "3.0303",
                                        "3.0303",
                                        "3.0303",
                                        "3.0303",
                                        "3.0303",
                                        "3.0303",
                                        "3.0303",
                                        "3.0303",
                                        "3.0303",
                                        "3.0303"
                                    ],
                                    "data_is_censored": [
                                        false,
                                        false,
                                        false,
                                        false,
                                        false,
                                        false,
                                        false,
                                        false,
                                        false,
                                        false,
                                        false,
                                        false,
                                        false,
                                        false,
                                        false,
                                        false,
                                        false,
                                        false,
                                        false
                                    ],
                                    "data_numeric_part": [
                                        3.0,
                                        9.1,
                                        9.1,
                                        9.1,
                                        3.0,
                                        3.0,
                                        3.0,
                                        3.0,
                                        3.0,
                                        3.0,
                                        3.0,
                                        3.0,
                                        3.0,
                                        3.0,
                                        3.0,
                                        3.0,
                                        3.0,
                                        3.0,
                                        3.0
                                    ],
                                    "preferred_visualization": "time_series"
                                }
                            ]
                        }
                    ]
                }
            ]
        },
        {
            "goalCode": "7",
            "targets": [
                {
                    "targetCode": "7.1",
                    "indicators": [
                        {
                            "indicatorCode": "7.1.1",
                            "facts": [
                                {
                                    "seriesCode": "EG_ELC_ACCS",
                                    "seriesTitle": "Proportion of population with access to electricity, by urban/rural (%)",
                                    "hub": "81cf3e70351c4895828a2486efa2142c",
                                    "slice_dimensions": {
                                        "Location": "ALLAREA"
                                    },
                                    "text_type": "1",
                                    "fact_text": "The proportion of the population with access to electricity increased from <span class='fact-value'>68.34</span> <span class='fact-unit'>%</span> in <span class='fact-year'>2000</span> to <span class='fact-value'>93.14%</span>  in  <span class='fact-year'>2016</span>.",
                                    "fact_values": [
                                        "68.34",
                                        "93.14"
                                    ],
                                    "fact_units": [
                                        "%",
                                        "%"
                                    ],
                                    "fact_years": [
                                        "2000",
                                        "2016"
                                    ],
                                    "data_years": [
                                        "2004",
                                        "2006",
                                        "2005",
                                        "2000",
                                        "2001",
                                        "2003",
                                        "2002",
                                        "2014",
                                        "2015",
                                        "2012",
                                        "2013",
                                        "2016",
                                        "2008",
                                        "2007",
                                        "2011",
                                        "2009",
                                        "2010"
                                    ],
                                    "data_values": [
                                        "74.29",
                                        "77.27",
                                        "75.77",
                                        "68.34",
                                        "69.84",
                                        "72.81",
                                        "71.32",
                                        "89.89",
                                        "91.51",
                                        "86.66",
                                        "88.27",
                                        "93.14",
                                        "80.32",
                                        "72.30",
                                        "89.92",
                                        "81.88",
                                        "83.46"
                                    ],
                                    "data_is_censored": [
                                        false,
                                        false,
                                        false,
                                        false,
                                        false,
                                        false,
                                        false,
                                        false,
                                        false,
                                        false,
                                        false,
                                        false,
                                        false,
                                        false,
                                        false,
                                        false,
                                        false
                                    ],
                                    "data_numeric_part": [
                                        74.0,
                                        77.0,
                                        76.0,
                                        68.0,
                                        70.0,
                                        73.0,
                                        71.0,
                                        90.0,
                                        92.0,
                                        87.0,
                                        88.0,
                                        93.0,
                                        80.0,
                                        72.0,
                                        90.0,
                                        82.0,
                                        83.0
                                    ],
                                    "preferred_visualization": "time_series"
                                }
                            ]
                        },
                        {
                            "indicatorCode": "7.1.2",
                            "facts": [
                                {
                                    "seriesCode": "EG_EGY_CLEAN",
                                    "seriesTitle": "Proportion of population with primary reliance on clean fuels and technology (%)",
                                    "hub": "b087399f0b874ab9948714edcd49cbdd",
                                    "slice_dimensions": {},
                                    "text_type": "8",
                                    "fact_text": "In <span class='fact-year'> 2017</span> , <span class='fact-value'> 66</span>  <span class='fact-unit'>% </span> of the population relied primarily on clean fuels and technology.",
                                    "fact_values": [
                                        "66"
                                    ],
                                    "fact_units": [
                                        "% "
                                    ],
                                    "fact_years": [
                                        "2017"
                                    ],
                                    "data_years": [
                                        "2017",
                                        "2016",
                                        "2015",
                                        "2010",
                                        "2005",
                                        "2000"
                                    ],
                                    "data_values": [
                                        "66",
                                        "65",
                                        "65",
                                        "57",
                                        "28",
                                        "7"
                                    ],
                                    "data_is_censored": [
                                        false,
                                        false,
                                        false,
                                        false,
                                        false,
                                        false
                                    ],
                                    "data_numeric_part": [
                                        66.0,
                                        65.0,
                                        65.0,
                                        57.0,
                                        28.0,
                                        7.0
                                    ],
                                    "preferred_visualization": "time_series"
                                }
                            ]
                        }
                    ]
                }
            ]
        },
        {
            "goalCode": "8",
            "targets": [
                {
                    "targetCode": "8.4",
                    "indicators": [
                        {
                            "indicatorCode": "8.4.2",
                            "facts": [
                                {
                                    "seriesCode": "EN_MAT_DOMCMPC",
                                    "seriesTitle": "Domestic material consumption per capita, by type of raw material (tonnes)",
                                    "hub": "995242b2ec9f4a21975ef7d47b5657bb",
                                    "slice_dimensions": {
                                        "Type of product": "RAW"
                                    },
                                    "text_type": "1",
                                    "fact_text": "Domestic material consumption increased from <span class='fact-value'>0.42842</span> <span class='fact-unit'> metric tons per capita</span> in <span class='fact-year'>2000</span> to <span class='fact-value'>1.99164 metric tons per capita</span>  in  <span class='fact-year'>2017</span>.",
                                    "fact_values": [
                                        "0.42842",
                                        "1.99164"
                                    ],
                                    "fact_units": [
                                        " metric tons per capita",
                                        " metric tons per capita"
                                    ],
                                    "fact_years": [
                                        "2000",
                                        "2017"
                                    ],
                                    "data_years": [
                                        "2001",
                                        "2000",
                                        "2002",
                                        "2004",
                                        "2003",
                                        "2005",
                                        "2014",
                                        "2012",
                                        "2013",
                                        "2015",
                                        "2017",
                                        "2016",
                                        "2007",
                                        "2008",
                                        "2006",
                                        "2011",
                                        "2010",
                                        "2009"
                                    ],
                                    "data_values": [
                                        "0.80423",
                                        "0.42842",
                                        "1.30229",
                                        "1.68789",
                                        "2.30252",
                                        "1.96179",
                                        "1.75736",
                                        "1.78308",
                                        "1.85888",
                                        "1.83499",
                                        "1.99164",
                                        "1.91322",
                                        "2.89162",
                                        "2.87585",
                                        "2.18749",
                                        "2.11106",
                                        "2.72303",
                                        "2.65467"
                                    ],
                                    "data_is_censored": [
                                        false,
                                        false,
                                        false,
                                        false,
                                        false,
                                        false,
                                        false,
                                        false,
                                        false,
                                        false,
                                        false,
                                        false,
                                        false,
                                        false,
                                        false,
                                        false,
                                        false,
                                        false
                                    ],
                                    "data_numeric_part": [
                                        0.8,
                                        0.43,
                                        1.3,
                                        1.7,
                                        2.3,
                                        2.0,
                                        1.8,
                                        1.8,
                                        1.9,
                                        1.8,
                                        2.0,
                                        1.9,
                                        2.9,
                                        2.9,
                                        2.2,
                                        2.1,
                                        2.7,
                                        2.7
                                    ],
                                    "preferred_visualization": "time_series"
                                }
                            ]
                        }
                    ]
                },
                {
                    "targetCode": "8.5",
                    "indicators": [
                        {
                            "indicatorCode": "8.5.2",
                            "facts": [
                                {
                                    "seriesCode": "SL_TLF_UEM",
                                    "seriesTitle": "Unemployment rate, by sex and age (%)",
                                    "hub": "72c32323563d4a0b9432c9edcb85267a",
                                    "slice_dimensions": {
                                        "Age": "15+",
                                        "Sex": "BOTHSEX"
                                    },
                                    "text_type": "1",
                                    "fact_text": "The total unemployment rate was <span class='fact-value'>25.4</span> <span class='fact-unit'>%</span> in <span class='fact-year'>2005</span>.",
                                    "fact_values": [
                                        "25.4"
                                    ],
                                    "fact_units": [
                                        "%"
                                    ],
                                    "fact_years": [
                                        "2005"
                                    ],
                                    "data_years": [
                                        "2005"
                                    ],
                                    "data_values": [
                                        "25.4"
                                    ],
                                    "data_is_censored": [
                                        false
                                    ],
                                    "data_numeric_part": [
                                        25.0
                                    ],
                                    "preferred_visualization": "singleton"
                                }
                            ]
                        }
                    ]
                },
                {
                    "targetCode": "8.1",
                    "indicators": [
                        {
                            "indicatorCode": "8.1.1",
                            "facts": [
                                {
                                    "seriesCode": "NY_GDP_PCAP",
                                    "seriesTitle": "Annual growth rate of real GDP per capita (%)",
                                    "hub": "3cb997d2497148e68dca6787fcb84ca5",
                                    "slice_dimensions": {},
                                    "text_type": "1",
                                    "fact_text": "The annual growth rate of real gross domestic product (GDP) per capita declined from <span class='fact-value'>5.79</span> <span class='fact-unit'>%</span> in <span class='fact-year'>2000</span> to <span class='fact-value'>2.38%</span>  in  <span class='fact-year'>2017</span>.",
                                    "fact_values": [
                                        "5.79",
                                        "2.38"
                                    ],
                                    "fact_units": [
                                        "%",
                                        "%"
                                    ],
                                    "fact_years": [
                                        "2000",
                                        "2017"
                                    ],
                                    "data_years": [
                                        "2017",
                                        "2006",
                                        "2005",
                                        "2004",
                                        "2007",
                                        "2003",
                                        "2002",
                                        "2001",
                                        "2000",
                                        "2016",
                                        "2015",
                                        "2014",
                                        "2008",
                                        "2013",
                                        "2011",
                                        "2010",
                                        "2009",
                                        "2012"
                                    ],
                                    "data_values": [
                                        "2.38",
                                        "1.39",
                                        "2.98",
                                        "-0.03",
                                        "3.54",
                                        "0.38",
                                        "2.74",
                                        "5.30",
                                        "5.79",
                                        "0.78",
                                        "0.45",
                                        "-1.15",
                                        "-1.79",
                                        "2.11",
                                        "1.45",
                                        "6.22",
                                        "-1.90",
                                        "3.46"
                                    ],
                                    "data_is_censored": [
                                        false,
                                        false,
                                        false,
                                        false,
                                        false,
                                        false,
                                        false,
                                        false,
                                        false,
                                        false,
                                        false,
                                        false,
                                        false,
                                        false,
                                        false,
                                        false,
                                        false,
                                        false
                                    ],
                                    "data_numeric_part": [
                                        2.4,
                                        1.4,
                                        3.0,
                                        -0.03,
                                        3.5,
                                        0.38,
                                        2.7,
                                        5.3,
                                        5.8,
                                        0.78,
                                        0.45,
                                        -1.15,
                                        -1.79,
                                        2.1,
                                        1.5,
                                        6.2,
                                        -1.9,
                                        3.5
                                    ],
                                    "preferred_visualization": "time_series"
                                }
                            ]
                        }
                    ]
                }
            ]
        },
        {
            "goalCode": "9",
            "targets": [
                {
                    "targetCode": "9.c",
                    "indicators": [
                        {
                            "indicatorCode": "9.c.1",
                            "facts": [
                                {
                                    "seriesCode": "IT_MOB_NTWK",
                                    "seriesTitle": "Proportion of population covered by a mobile network, by technology (%)",
                                    "hub": "8943ce6f81b44120b6124fedb3b094d8",
                                    "slice_dimensions": {
                                        "Type of mobile technology": "AL2G"
                                    },
                                    "text_type": "2",
                                    "fact_text": "In <span class='fact-year'>2017</span>, <span class='fact-value'>65.00</span> <span class='fact-unit'>% </span> of the population was in range of at least a second-generation (2G) cellular signal",
                                    "fact_values": [
                                        "65.00"
                                    ],
                                    "fact_units": [
                                        "% "
                                    ],
                                    "fact_years": [
                                        "2017"
                                    ],
                                    "data_years": [
                                        "2017",
                                        "2016",
                                        "2015"
                                    ],
                                    "data_values": [
                                        "65.00",
                                        "65.00",
                                        "65.00"
                                    ],
                                    "data_is_censored": [
                                        false,
                                        false,
                                        false
                                    ],
                                    "data_numeric_part": [
                                        65.0,
                                        65.0,
                                        65.0
                                    ],
                                    "preferred_visualization": "singleton"
                                }
                            ]
                        }
                    ]
                }
            ]
        },
        {
            "goalCode": "11",
            "targets": [
                {
                    "targetCode": "11.6",
                    "indicators": [
                        {
                            "indicatorCode": "11.6.2",
                            "facts": [
                                {
                                    "seriesCode": "EN_ATM_PM25",
                                    "seriesTitle": "Annual mean levels of fine particulate matter in cities, urban population (micrograms per cubic meter)",
                                    "hub": "5b43bb59961a46daa3b8af9384f60103",
                                    "slice_dimensions": {
                                        "Location": "ALLAREA"
                                    },
                                    "text_type": "10",
                                    "fact_text": "In <span class='fact-year'> 2016</span> , the annual population-weighted average mean concentration of fine suspended particles of less than 2.5 microns in diameters (PM2.5) was about <span class='fact-value'> 9.4278001785278</span>  <span class='fact-unit'> micrograms per cubic metre</span> .  This is below the maximum level for safety set by WHO of 10 micrograms per cubic metre.",
                                    "fact_values": [
                                        "9.4278001785278"
                                    ],
                                    "fact_units": [
                                        " micrograms per cubic metre"
                                    ],
                                    "fact_years": [
                                        "2016"
                                    ],
                                    "data_years": [
                                        "2016"
                                    ],
                                    "data_values": [
                                        "9.4278001785278"
                                    ],
                                    "data_is_censored": [
                                        false
                                    ],
                                    "data_numeric_part": [
                                        9.4
                                    ],
                                    "preferred_visualization": "threshold"
                                }
                            ]
                        }
                    ]
                }
            ]
        },
        {
            "goalCode": "12",
            "targets": [
                {
                    "targetCode": "12.2",
                    "indicators": [
                        {
                            "indicatorCode": "12.2.2",
                            "facts": [
                                {
                                    "seriesCode": "EN_MAT_DOMCMPC",
                                    "seriesTitle": "Domestic material consumption per capita, by type of raw material (tonnes)",
                                    "hub": "995242b2ec9f4a21975ef7d47b5657bb",
                                    "slice_dimensions": {
                                        "Type of product": "RAW"
                                    },
                                    "text_type": "1",
                                    "fact_text": "Domestic material consumption increased from <span class='fact-value'>0.42842</span> <span class='fact-unit'> metric tons per capita</span> in <span class='fact-year'>2000</span> to <span class='fact-value'>1.99164 metric tons per capita</span>  in  <span class='fact-year'>2017</span>.",
                                    "fact_values": [
                                        "0.42842",
                                        "1.99164"
                                    ],
                                    "fact_units": [
                                        " metric tons per capita",
                                        " metric tons per capita"
                                    ],
                                    "fact_years": [
                                        "2000",
                                        "2017"
                                    ],
                                    "data_years": [
                                        "2001",
                                        "2000",
                                        "2002",
                                        "2004",
                                        "2003",
                                        "2005",
                                        "2014",
                                        "2012",
                                        "2013",
                                        "2015",
                                        "2017",
                                        "2016",
                                        "2007",
                                        "2008",
                                        "2006",
                                        "2011",
                                        "2010",
                                        "2009"
                                    ],
                                    "data_values": [
                                        "0.80423",
                                        "0.42842",
                                        "1.30229",
                                        "1.68789",
                                        "2.30252",
                                        "1.96179",
                                        "1.75736",
                                        "1.78308",
                                        "1.85888",
                                        "1.83499",
                                        "1.99164",
                                        "1.91322",
                                        "2.89162",
                                        "2.87585",
                                        "2.18749",
                                        "2.11106",
                                        "2.72303",
                                        "2.65467"
                                    ],
                                    "data_is_censored": [
                                        false,
                                        false,
                                        false,
                                        false,
                                        false,
                                        false,
                                        false,
                                        false,
                                        false,
                                        false,
                                        false,
                                        false,
                                        false,
                                        false,
                                        false,
                                        false,
                                        false,
                                        false
                                    ],
                                    "data_numeric_part": [
                                        0.8,
                                        0.43,
                                        1.3,
                                        1.7,
                                        2.3,
                                        2.0,
                                        1.8,
                                        1.8,
                                        1.9,
                                        1.8,
                                        2.0,
                                        1.9,
                                        2.9,
                                        2.9,
                                        2.2,
                                        2.1,
                                        2.7,
                                        2.7
                                    ],
                                    "preferred_visualization": "time_series"
                                }
                            ]
                        }
                    ]
                }
            ]
        },
        {
            "goalCode": "14",
            "targets": [
                {
                    "targetCode": "14.5",
                    "indicators": [
                        {
                            "indicatorCode": "14.5.1",
                            "facts": [
                                {
                                    "seriesCode": "ER_MRN_MARIN",
                                    "seriesTitle": "Coverage of protected areas in relation to marine areas (Exclusive Economic Zones) (%)",
                                    "hub": "2a0cad7f76284e8c978bfcb0fa15cd76",
                                    "slice_dimensions": {},
                                    "text_type": "8",
                                    "fact_text": "In <span class='fact-year'> 2018</span> , <span class='fact-value'> 0.2688</span>  <span class='fact-unit'>% </span> of the marine environment under national jurisdiction (up to 200 nautical miles from shore) was under protection.",
                                    "fact_values": [
                                        "0.2688"
                                    ],
                                    "fact_units": [
                                        "% "
                                    ],
                                    "fact_years": [
                                        "2018"
                                    ],
                                    "data_years": [
                                        "2018"
                                    ],
                                    "data_values": [
                                        "0.2688"
                                    ],
                                    "data_is_censored": [
                                        false
                                    ],
                                    "data_numeric_part": [
                                        0.27
                                    ],
                                    "preferred_visualization": "singleton"
                                }
                            ]
                        }
                    ]
                }
            ]
        },
        {
            "goalCode": "15",
            "targets": [
                {
                    "targetCode": "15.1",
                    "indicators": [
                        {
                            "indicatorCode": "15.1.1",
                            "facts": [
                                {
                                    "seriesCode": "AG_LND_FRST",
                                    "seriesTitle": "Forest area as a proportion of total land area (%)",
                                    "hub": "e23061ce674142b5b33c46ea5e031658",
                                    "slice_dimensions": {},
                                    "text_type": "1",
                                    "fact_text": "Land area covered by forest was <span class='fact-value'>70.2</span> <span class='fact-unit'>%</span> in <span class='fact-year'>2015</span>.",
                                    "fact_values": [
                                        "70.2"
                                    ],
                                    "fact_units": [
                                        "%"
                                    ],
                                    "fact_years": [
                                        "2015"
                                    ],
                                    "data_years": [
                                        "2000",
                                        "2005",
                                        "2015",
                                        "2010"
                                    ],
                                    "data_values": [
                                        "70.2",
                                        "70.2",
                                        "70.2",
                                        "70.2"
                                    ],
                                    "data_is_censored": [
                                        false,
                                        false,
                                        false,
                                        false
                                    ],
                                    "data_numeric_part": [
                                        70.0,
                                        70.0,
                                        70.0,
                                        70.0
                                    ],
                                    "preferred_visualization": "time_series"
                                }
                            ]
                        },
                        {
                            "indicatorCode": "15.1.2",
                            "facts": [
                                {
                                    "seriesCode": "ER_PTD_TERRS",
                                    "seriesTitle": "Average proportion of Terrestrial Key Biodiversity Areas (KBAs) covered by protected areas (%)",
                                    "hub": "c2c0216c53744dd7b5278e398328bc99",
                                    "slice_dimensions": {
                                        "Bounds": "MP"
                                    },
                                    "text_type": "7",
                                    "fact_text": "The average proportion of terrestrial key biodiversity areas (KBAs) covered by protected areas was <span class='fact-value'> 15.04333</span>  <span class='fact-unit'>%</span>  in <span class='fact-year'> 2018</span> .",
                                    "fact_values": [
                                        "15.04333"
                                    ],
                                    "fact_units": [
                                        "%"
                                    ],
                                    "fact_years": [
                                        "2018"
                                    ],
                                    "data_years": [
                                        "2014",
                                        "2015",
                                        "2016",
                                        "2018",
                                        "2017",
                                        "2013",
                                        "2007",
                                        "2008",
                                        "2009",
                                        "2010",
                                        "2011",
                                        "2012",
                                        "2006",
                                        "2000",
                                        "2001",
                                        "2002",
                                        "2003",
                                        "2004",
                                        "2005"
                                    ],
                                    "data_values": [
                                        "15.04333",
                                        "15.04333",
                                        "15.04333",
                                        "15.04333",
                                        "15.04333",
                                        "15.04333",
                                        "9.57808",
                                        "9.57808",
                                        "9.57808",
                                        "12.77741",
                                        "12.77741",
                                        "14.67042",
                                        "9.57808",
                                        "0",
                                        "0",
                                        "6.12413",
                                        "6.12413",
                                        "7.91131",
                                        "7.91131"
                                    ],
                                    "data_is_censored": [
                                        false,
                                        false,
                                        false,
                                        false,
                                        false,
                                        false,
                                        false,
                                        false,
                                        false,
                                        false,
                                        false,
                                        false,
                                        false,
                                        false,
                                        false,
                                        false,
                                        false,
                                        false,
                                        false
                                    ],
                                    "data_numeric_part": [
                                        15.0,
                                        15.0,
                                        15.0,
                                        15.0,
                                        15.0,
                                        15.0,
                                        9.6,
                                        9.6,
                                        9.6,
                                        13.0,
                                        13.0,
                                        15.0,
                                        9.6,
                                        0.0,
                                        0.0,
                                        6.1,
                                        6.1,
                                        7.9,
                                        7.9
                                    ],
                                    "preferred_visualization": "time_series"
                                }
                            ]
                        }
                    ]
                }
            ]
        },
        {
            "goalCode": "16",
            "targets": [
                {
                    "targetCode": "16.9",
                    "indicators": [
                        {
                            "indicatorCode": "16.9.1",
                            "facts": [
                                {
                                    "seriesCode": "SG_REG_BRTH",
                                    "seriesTitle": "Proportion of children under 5 years of age whose births have been registered with a civil authority (% of children under 5 years of age)",
                                    "hub": "",
                                    "slice_dimensions": {
                                        "Age": "<5Y"
                                    },
                                    "text_type": "3",
                                    "fact_text": "In <span class='fact-year'> 2017</span> , there were about <span class='fact-value'> 83.8</span> <span class='fact-unit'>%</span>  of children under age 5 whose births were registered with a civil authority",
                                    "fact_values": [
                                        "83.8"
                                    ],
                                    "fact_units": [
                                        "%"
                                    ],
                                    "fact_years": [
                                        "2017"
                                    ],
                                    "data_years": [
                                        "2017"
                                    ],
                                    "data_values": [
                                        "83.8"
                                    ],
                                    "data_is_censored": [
                                        false
                                    ],
                                    "data_numeric_part": [
                                        84.0
                                    ],
                                    "preferred_visualization": "singleton"
                                }
                            ]
                        }
                    ]
                }
            ]
        },
        {
            "goalCode": "17",
            "targets": [
                {
                    "targetCode": "17.3",
                    "indicators": [
                        {
                            "indicatorCode": "17.3.2",
                            "facts": [
                                {
                                    "seriesCode": "BX_TRF_PWKR",
                                    "seriesTitle": "Volume of remittances (in United States dollars) as a proportion of total GDP (%)",
                                    "hub": "68e9ec78abe543889762bbdd36cd3d31",
                                    "slice_dimensions": {},
                                    "text_type": "9",
                                    "fact_text": "In <span class='fact-year'> 2016</span> , the inflow of personal remittances was <span class='fact-value'> 13.41</span>  <span class='fact-unit'>% of GDP</span> , down from <span class='fact-value'> 17.21</span>  <span class='fact-unit'>%</span>  in <span class='fact-year'> 2005</span> ",
                                    "fact_values": [
                                        "17.21% of GDP",
                                        "13.41% of GDP"
                                    ],
                                    "fact_units": [
                                        "%"
                                    ],
                                    "fact_years": [
                                        "2005",
                                        "2016"
                                    ],
                                    "data_years": [
                                        "2008",
                                        "2007",
                                        "2016",
                                        "2012",
                                        "2010",
                                        "2014",
                                        "2015",
                                        "2013",
                                        "2009",
                                        "2011",
                                        "2006",
                                        "2005"
                                    ],
                                    "data_values": [
                                        "15.10",
                                        "16.67",
                                        "13.41",
                                        "12.55",
                                        "13.47",
                                        "14.24",
                                        "14.51",
                                        "12.87",
                                        "15.45",
                                        "12.78",
                                        "18.06",
                                        "17.21"
                                    ],
                                    "data_is_censored": [
                                        false,
                                        false,
                                        false,
                                        false,
                                        false,
                                        false,
                                        false,
                                        false,
                                        false,
                                        false,
                                        false,
                                        false
                                    ],
                                    "data_numeric_part": [
                                        15.0,
                                        17.0,
                                        13.0,
                                        13.0,
                                        13.0,
                                        14.0,
                                        15.0,
                                        13.0,
                                        15.0,
                                        13.0,
                                        18.0,
                                        17.0
                                    ],
                                    "preferred_visualization": "time_series"
                                }
                            ]
                        }
                    ]
                },
                {
                    "targetCode": "17.6",
                    "indicators": [
                        {
                            "indicatorCode": "17.6.2",
                            "facts": [
                                {
                                    "seriesCode": "IT_NET_BBP",
                                    "seriesTitle": "Fixed Internet broadband subscriptions per 100\u00a0inhabitants, by speed (per 100 inhabitants)",
                                    "hub": "f59cf3f8a0ec41a2b601a28682e6f2c8",
                                    "slice_dimensions": {
                                        "Type of speed": "ANYS"
                                    },
                                    "text_type": "15",
                                    "fact_text": "In <span class='fact-year'> 2017</span> , fixed-broadband internet penetration reached <span class='fact-value'> 1.88</span>  <span class='fact-unit'>% of the population</span> .",
                                    "fact_values": [
                                        "% of the population"
                                    ],
                                    "fact_units": [
                                        "%"
                                    ],
                                    "fact_years": [
                                        "2017"
                                    ],
                                    "data_years": [
                                        "2017",
                                        "2016",
                                        "2014",
                                        "2013",
                                        "2015"
                                    ],
                                    "data_values": [
                                        "1.88",
                                        "1.88",
                                        "2.59",
                                        "2.43",
                                        "1.89"
                                    ],
                                    "data_is_censored": [
                                        false,
                                        false,
                                        false,
                                        false,
                                        false
                                    ],
                                    "data_numeric_part": [
                                        1.9,
                                        1.9,
                                        2.6,
                                        2.4,
                                        1.9
                                    ],
                                    "preferred_visualization": "time_series"
                                }
                            ]
                        }
                    ]
                }
            ]
        }
    ]
}