{
    "release": "2019.Q1.G.02",
    "country_code": "630",
    "country_name": "Puerto Rico",
    "X": "-66.47591017",
    "Y": "18.22753799",
    "goals": [
        {
            "goalCode": "3",
            "targets": [
                {
                    "targetCode": "3.1",
                    "indicators": [
                        {
                            "indicatorCode": "3.1.1",
                            "facts": [
                                {
                                    "seriesCode": "SH_STA_MMR",
                                    "seriesTitle": "Maternal mortality ratio",
                                    "hub": "0c846dfa5bab411c9a1a21ae40dd0232",
                                    "slice_dimensions": {
                                        "Bounds": "MP"
                                    },
                                    "text_type": "14",
                                    "fact_text": "The maternal mortality ratio decreased from <span class='fact-value'>26</span>  <span class='fact-unit'> per 100,000 live births</span>  in <span class='fact-year'> 1990</span>  to <span class='fact-value'> 14</span>  <span class='fact-unit'> per 100,000 live births</span>  in <span class='fact-year'> 2015</span> .",
                                    "fact_values": [
                                        "26",
                                        "14"
                                    ],
                                    "fact_units": [
                                        " per 100,000 live births",
                                        " per 100,000 live births"
                                    ],
                                    "fact_years": [
                                        "1990",
                                        "2015"
                                    ],
                                    "data_years": [
                                        "2006",
                                        "2005",
                                        "2008",
                                        "2007",
                                        "2001",
                                        "2000",
                                        "2004",
                                        "2003",
                                        "2002",
                                        "2014",
                                        "2013",
                                        "2015",
                                        "2010",
                                        "2009",
                                        "2012",
                                        "2011",
                                        "1990",
                                        "1996",
                                        "1995",
                                        "1997",
                                        "1999",
                                        "1998",
                                        "1992",
                                        "1991",
                                        "1994",
                                        "1993"
                                    ],
                                    "data_values": [
                                        "18",
                                        "19",
                                        "17",
                                        "18",
                                        "21",
                                        "22",
                                        "19",
                                        "20",
                                        "20",
                                        "15",
                                        "15",
                                        "14",
                                        "16",
                                        "17",
                                        "15",
                                        "16",
                                        "26",
                                        "24",
                                        "25",
                                        "24",
                                        "23",
                                        "23",
                                        "26",
                                        "26",
                                        "25",
                                        "25"
                                    ],
                                    "data_is_censored": [
                                        false,
                                        false,
                                        false,
                                        false,
                                        false,
                                        false,
                                        false,
                                        false,
                                        false,
                                        false,
                                        false,
                                        false,
                                        false,
                                        false,
                                        false,
                                        false,
                                        false,
                                        false,
                                        false,
                                        false,
                                        false,
                                        false,
                                        false,
                                        false,
                                        false,
                                        false
                                    ],
                                    "data_numeric_part": [
                                        18.0,
                                        19.0,
                                        17.0,
                                        18.0,
                                        21.0,
                                        22.0,
                                        19.0,
                                        20.0,
                                        20.0,
                                        15.0,
                                        15.0,
                                        14.0,
                                        16.0,
                                        17.0,
                                        15.0,
                                        16.0,
                                        26.0,
                                        24.0,
                                        25.0,
                                        24.0,
                                        23.0,
                                        23.0,
                                        26.0,
                                        26.0,
                                        25.0,
                                        25.0
                                    ],
                                    "preferred_visualization": "time_series"
                                }
                            ]
                        }
                    ]
                }
            ]
        },
        {
            "goalCode": "4",
            "targets": [
                {
                    "targetCode": "4.2",
                    "indicators": [
                        {
                            "indicatorCode": "4.2.2",
                            "facts": [
                                {
                                    "seriesCode": "SE_PRE_PARTN",
                                    "seriesTitle": "Participation rate in organized learning (one year before the official primary entry age), by sex (%)",
                                    "hub": "3459681b792a4979a9d9731c75f7f80d",
                                    "slice_dimensions": {
                                        "Sex": "BOTHSEX"
                                    },
                                    "text_type": "2",
                                    "fact_text": "In <span class='fact-year'>2016</span>, <span class='fact-value'>50.85842</span> <span class='fact-unit'>% </span> of children participated in pre-primary or primary education in the year prior to the official entrance age for primary school",
                                    "fact_values": [
                                        "50.85842"
                                    ],
                                    "fact_units": [
                                        "% "
                                    ],
                                    "fact_years": [
                                        "2016"
                                    ],
                                    "data_years": [
                                        "2011",
                                        "2016",
                                        "2010",
                                        "2015",
                                        "2012",
                                        "2013",
                                        "2014"
                                    ],
                                    "data_values": [
                                        "97.27419",
                                        "50.85842",
                                        "68.09021",
                                        "54.03787",
                                        "82.78538",
                                        "82.74681",
                                        "51.83437"
                                    ],
                                    "data_is_censored": [
                                        false,
                                        false,
                                        false,
                                        false,
                                        false,
                                        false,
                                        false
                                    ],
                                    "data_numeric_part": [
                                        97.0,
                                        51.0,
                                        68.0,
                                        54.0,
                                        83.0,
                                        83.0,
                                        52.0
                                    ],
                                    "preferred_visualization": "time_series"
                                }
                            ]
                        }
                    ]
                }
            ]
        },
        {
            "goalCode": "6",
            "targets": [
                {
                    "targetCode": "6.2",
                    "indicators": [
                        {
                            "indicatorCode": "6.2.1",
                            "facts": [
                                {
                                    "seriesCode": "SH_SAN_SAFE",
                                    "seriesTitle": "Proportion of population using safely managed sanitation services, by urban/rural (%)",
                                    "hub": "28a9a3072fd940aa9fb0f983d25ef65f",
                                    "slice_dimensions": {
                                        "Location": "ALLAREA"
                                    },
                                    "text_type": "2",
                                    "fact_text": "In <span class='fact-year'>2015</span>, <span class='fact-value'>32.11976</span> <span class='fact-unit'>% </span> of the population used a \"safely managed\" sanitation service - a basic facility that safely disposes of human waste",
                                    "fact_values": [
                                        "32.11976"
                                    ],
                                    "fact_units": [
                                        "% "
                                    ],
                                    "fact_years": [
                                        "2015"
                                    ],
                                    "data_years": [
                                        "2013",
                                        "2006",
                                        "2012",
                                        "2007",
                                        "2001",
                                        "2004",
                                        "2002",
                                        "2014",
                                        "2008",
                                        "2000",
                                        "2003",
                                        "2010",
                                        "2011",
                                        "2005",
                                        "2015",
                                        "2009"
                                    ],
                                    "data_values": [
                                        "32.11312",
                                        "32.08987",
                                        "32.1098",
                                        "32.09319",
                                        "32.07327",
                                        "32.08323",
                                        "32.07659",
                                        "32.11644",
                                        "32.09651",
                                        "32.06995",
                                        "32.07991",
                                        "32.10315",
                                        "32.10647",
                                        "32.08655",
                                        "32.11976",
                                        "32.09983"
                                    ],
                                    "data_is_censored": [
                                        false,
                                        false,
                                        false,
                                        false,
                                        false,
                                        false,
                                        false,
                                        false,
                                        false,
                                        false,
                                        false,
                                        false,
                                        false,
                                        false,
                                        false,
                                        false
                                    ],
                                    "data_numeric_part": [
                                        32.0,
                                        32.0,
                                        32.0,
                                        32.0,
                                        32.0,
                                        32.0,
                                        32.0,
                                        32.0,
                                        32.0,
                                        32.0,
                                        32.0,
                                        32.0,
                                        32.0,
                                        32.0,
                                        32.0,
                                        32.0
                                    ],
                                    "preferred_visualization": "time_series"
                                }
                            ]
                        }
                    ]
                }
            ]
        },
        {
            "goalCode": "7",
            "targets": [
                {
                    "targetCode": "7.1",
                    "indicators": [
                        {
                            "indicatorCode": "7.1.1",
                            "facts": [
                                {
                                    "seriesCode": "EG_ELC_ACCS",
                                    "seriesTitle": "Proportion of population with access to electricity, by urban/rural (%)",
                                    "hub": "81cf3e70351c4895828a2486efa2142c",
                                    "slice_dimensions": {
                                        "Location": "ALLAREA"
                                    },
                                    "text_type": "1",
                                    "fact_text": "The proportion of the population with access to electricity was <span class='fact-value'>100.00</span> <span class='fact-unit'>%</span> in <span class='fact-year'>2016</span>.",
                                    "fact_values": [
                                        "100.00"
                                    ],
                                    "fact_units": [
                                        "%"
                                    ],
                                    "fact_years": [
                                        "2016"
                                    ],
                                    "data_years": [
                                        "2004",
                                        "2006",
                                        "2005",
                                        "2003",
                                        "2002",
                                        "2014",
                                        "2015",
                                        "2012",
                                        "2013",
                                        "2016",
                                        "2008",
                                        "2007",
                                        "2010",
                                        "2011",
                                        "2009"
                                    ],
                                    "data_values": [
                                        "100.00",
                                        "100.00",
                                        "100.00",
                                        "100.00",
                                        "100.00",
                                        "100.00",
                                        "100.00",
                                        "100.00",
                                        "100.00",
                                        "100.00",
                                        "100.00",
                                        "100.00",
                                        "100.00",
                                        "100.00",
                                        "100.00"
                                    ],
                                    "data_is_censored": [
                                        false,
                                        false,
                                        false,
                                        false,
                                        false,
                                        false,
                                        false,
                                        false,
                                        false,
                                        false,
                                        false,
                                        false,
                                        false,
                                        false,
                                        false
                                    ],
                                    "data_numeric_part": [
                                        100.0,
                                        100.0,
                                        100.0,
                                        100.0,
                                        100.0,
                                        100.0,
                                        100.0,
                                        100.0,
                                        100.0,
                                        100.0,
                                        100.0,
                                        100.0,
                                        100.0,
                                        100.0,
                                        100.0
                                    ],
                                    "preferred_visualization": "time_series"
                                }
                            ]
                        }
                    ]
                }
            ]
        },
        {
            "goalCode": "8",
            "targets": [
                {
                    "targetCode": "8.1",
                    "indicators": [
                        {
                            "indicatorCode": "8.1.1",
                            "facts": [
                                {
                                    "seriesCode": "NY_GDP_PCAP",
                                    "seriesTitle": "Annual growth rate of real GDP per capita (%)",
                                    "hub": "3cb997d2497148e68dca6787fcb84ca5",
                                    "slice_dimensions": {},
                                    "text_type": "1",
                                    "fact_text": "The annual growth rate of real gross domestic product (GDP) per capita was <span class='fact-value'>-2.25</span> <span class='fact-unit'>%</span> in <span class='fact-year'>2017</span>.",
                                    "fact_values": [
                                        "-2.25"
                                    ],
                                    "fact_units": [
                                        "%"
                                    ],
                                    "fact_years": [
                                        "2017"
                                    ],
                                    "data_years": [
                                        "2007",
                                        "2006",
                                        "2005",
                                        "2008",
                                        "2004",
                                        "2003",
                                        "2002",
                                        "2001",
                                        "2000",
                                        "2017",
                                        "2016",
                                        "2015",
                                        "2009",
                                        "2014",
                                        "2012",
                                        "2011",
                                        "2010",
                                        "2013"
                                    ],
                                    "data_values": [
                                        "-0.90",
                                        "-1.14",
                                        "-1.70",
                                        "-1.60",
                                        "3.33",
                                        "0.28",
                                        "1.02",
                                        "6.23",
                                        "2.99",
                                        "-2.25",
                                        "-1.17",
                                        "-0.86",
                                        "-1.70",
                                        "-0.98",
                                        "0.28",
                                        "-0.10",
                                        "-0.16",
                                        "-0.07"
                                    ],
                                    "data_is_censored": [
                                        false,
                                        false,
                                        false,
                                        false,
                                        false,
                                        false,
                                        false,
                                        false,
                                        false,
                                        false,
                                        false,
                                        false,
                                        false,
                                        false,
                                        false,
                                        false,
                                        false,
                                        false
                                    ],
                                    "data_numeric_part": [
                                        -0.9,
                                        -1.14,
                                        -1.7,
                                        -1.6,
                                        3.3,
                                        0.28,
                                        1.0,
                                        6.2,
                                        3.0,
                                        -2.25,
                                        -1.17,
                                        -0.86,
                                        -1.7,
                                        -0.98,
                                        0.28,
                                        -0.1,
                                        -0.16,
                                        -0.07
                                    ],
                                    "preferred_visualization": "time_series"
                                }
                            ]
                        }
                    ]
                }
            ]
        },
        {
            "goalCode": "9",
            "targets": [
                {
                    "targetCode": "9.5",
                    "indicators": [
                        {
                            "indicatorCode": "9.5.1",
                            "facts": [
                                {
                                    "seriesCode": "GB_XPD_RSDV",
                                    "seriesTitle": "Research and development expenditure as a proportion of GDP (%)",
                                    "hub": "a4e6d6a6cc804c3598cc9b96cd96ce67",
                                    "slice_dimensions": {},
                                    "text_type": "9",
                                    "fact_text": "In <span class='fact-year'> 2015</span> , investment in research and development (R&D) stood at <span class='fact-value'> 0.43</span>  <span class='fact-unit'>% of GDP</span> .",
                                    "fact_values": [
                                        "0.43"
                                    ],
                                    "fact_units": [
                                        "% of GDP"
                                    ],
                                    "fact_years": [
                                        "2015"
                                    ],
                                    "data_years": [
                                        "2015",
                                        "2013",
                                        "2009"
                                    ],
                                    "data_values": [
                                        "0.43",
                                        "0.44",
                                        "0.45"
                                    ],
                                    "data_is_censored": [
                                        false,
                                        false,
                                        false
                                    ],
                                    "data_numeric_part": [
                                        0.43,
                                        0.44,
                                        0.45
                                    ],
                                    "preferred_visualization": "singleton"
                                }
                            ]
                        }
                    ]
                },
                {
                    "targetCode": "9.c",
                    "indicators": [
                        {
                            "indicatorCode": "9.c.1",
                            "facts": [
                                {
                                    "seriesCode": "IT_MOB_NTWK",
                                    "seriesTitle": "Proportion of population covered by a mobile network, by technology (%)",
                                    "hub": "8943ce6f81b44120b6124fedb3b094d8",
                                    "slice_dimensions": {
                                        "Type of mobile technology": "AL2G"
                                    },
                                    "text_type": "2",
                                    "fact_text": "In <span class='fact-year'>2017</span>, <span class='fact-value'>100.00</span> <span class='fact-unit'>% </span> of the population was in range of at least a second-generation (2G) cellular signal",
                                    "fact_values": [
                                        "100.00"
                                    ],
                                    "fact_units": [
                                        "% "
                                    ],
                                    "fact_years": [
                                        "2017"
                                    ],
                                    "data_years": [
                                        "2007",
                                        "2008",
                                        "2009",
                                        "2015",
                                        "2014",
                                        "2016",
                                        "2017"
                                    ],
                                    "data_values": [
                                        "61.70",
                                        "64.30",
                                        "68.40",
                                        "99.00",
                                        "99.00",
                                        "95.00",
                                        "100.00"
                                    ],
                                    "data_is_censored": [
                                        false,
                                        false,
                                        false,
                                        false,
                                        false,
                                        false,
                                        false
                                    ],
                                    "data_numeric_part": [
                                        62.0,
                                        64.0,
                                        68.0,
                                        99.0,
                                        99.0,
                                        95.0,
                                        100.0
                                    ],
                                    "preferred_visualization": "time_series"
                                }
                            ]
                        }
                    ]
                }
            ]
        },
        {
            "goalCode": "14",
            "targets": [
                {
                    "targetCode": "14.5",
                    "indicators": [
                        {
                            "indicatorCode": "14.5.1",
                            "facts": [
                                {
                                    "seriesCode": "ER_MRN_MARIN",
                                    "seriesTitle": "Coverage of protected areas in relation to marine areas (Exclusive Economic Zones) (%)",
                                    "hub": "2a0cad7f76284e8c978bfcb0fa15cd76",
                                    "slice_dimensions": {},
                                    "text_type": "8",
                                    "fact_text": "In <span class='fact-year'> 2018</span> , <span class='fact-value'> 1.7472</span>  <span class='fact-unit'>% </span> of the marine environment under national jurisdiction (up to 200 nautical miles from shore) was under protection.",
                                    "fact_values": [
                                        "1.7472"
                                    ],
                                    "fact_units": [
                                        "% "
                                    ],
                                    "fact_years": [
                                        "2018"
                                    ],
                                    "data_years": [
                                        "2018"
                                    ],
                                    "data_values": [
                                        "1.7472"
                                    ],
                                    "data_is_censored": [
                                        false
                                    ],
                                    "data_numeric_part": [
                                        1.7
                                    ],
                                    "preferred_visualization": "singleton"
                                }
                            ]
                        }
                    ]
                }
            ]
        },
        {
            "goalCode": "15",
            "targets": [
                {
                    "targetCode": "15.1",
                    "indicators": [
                        {
                            "indicatorCode": "15.1.1",
                            "facts": [
                                {
                                    "seriesCode": "AG_LND_FRST",
                                    "seriesTitle": "Forest area as a proportion of total land area (%)",
                                    "hub": "e23061ce674142b5b33c46ea5e031658",
                                    "slice_dimensions": {},
                                    "text_type": "1",
                                    "fact_text": "Land area covered by forest increased from <span class='fact-value'>50.74295</span> <span class='fact-unit'>%</span> in <span class='fact-year'>2000</span> to <span class='fact-value'>55.91319%</span>  in  <span class='fact-year'>2015</span>.",
                                    "fact_values": [
                                        "50.74295",
                                        "55.91319"
                                    ],
                                    "fact_units": [
                                        "%",
                                        "%"
                                    ],
                                    "fact_years": [
                                        "2000",
                                        "2015"
                                    ],
                                    "data_years": [
                                        "2015",
                                        "2010",
                                        "2005",
                                        "2000"
                                    ],
                                    "data_values": [
                                        "55.91319",
                                        "54.04848",
                                        "52.18377",
                                        "50.74295"
                                    ],
                                    "data_is_censored": [
                                        false,
                                        false,
                                        false,
                                        false
                                    ],
                                    "data_numeric_part": [
                                        56.0,
                                        54.0,
                                        52.0,
                                        51.0
                                    ],
                                    "preferred_visualization": "time_series"
                                }
                            ]
                        },
                        {
                            "indicatorCode": "15.1.2",
                            "facts": [
                                {
                                    "seriesCode": "ER_PTD_TERRS",
                                    "seriesTitle": "Average proportion of Terrestrial Key Biodiversity Areas (KBAs) covered by protected areas (%)",
                                    "hub": "c2c0216c53744dd7b5278e398328bc99",
                                    "slice_dimensions": {
                                        "Bounds": "MP"
                                    },
                                    "text_type": "7",
                                    "fact_text": "The average proportion of terrestrial key biodiversity areas (KBAs) covered by protected areas was <span class='fact-value'> 33.98375</span>  <span class='fact-unit'>%</span>  in <span class='fact-year'> 2018</span> .",
                                    "fact_values": [
                                        "33.98375"
                                    ],
                                    "fact_units": [
                                        "%"
                                    ],
                                    "fact_years": [
                                        "2018"
                                    ],
                                    "data_years": [
                                        "2010",
                                        "2011",
                                        "2012",
                                        "2013",
                                        "2006",
                                        "2007",
                                        "2008",
                                        "2009",
                                        "2014",
                                        "2018",
                                        "2015",
                                        "2016",
                                        "2017",
                                        "2002",
                                        "2003",
                                        "2004",
                                        "2005",
                                        "2000",
                                        "2001"
                                    ],
                                    "data_values": [
                                        "33.98375",
                                        "33.98375",
                                        "33.98375",
                                        "33.98375",
                                        "33.98375",
                                        "33.98375",
                                        "33.98375",
                                        "33.98375",
                                        "33.98375",
                                        "33.98375",
                                        "33.98375",
                                        "33.98375",
                                        "33.98375",
                                        "33.98375",
                                        "33.98375",
                                        "33.98375",
                                        "33.98375",
                                        "32.68987",
                                        "33.98375"
                                    ],
                                    "data_is_censored": [
                                        false,
                                        false,
                                        false,
                                        false,
                                        false,
                                        false,
                                        false,
                                        false,
                                        false,
                                        false,
                                        false,
                                        false,
                                        false,
                                        false,
                                        false,
                                        false,
                                        false,
                                        false,
                                        false
                                    ],
                                    "data_numeric_part": [
                                        34.0,
                                        34.0,
                                        34.0,
                                        34.0,
                                        34.0,
                                        34.0,
                                        34.0,
                                        34.0,
                                        34.0,
                                        34.0,
                                        34.0,
                                        34.0,
                                        34.0,
                                        34.0,
                                        34.0,
                                        34.0,
                                        34.0,
                                        33.0,
                                        34.0
                                    ],
                                    "preferred_visualization": "time_series"
                                }
                            ]
                        }
                    ]
                }
            ]
        },
        {
            "goalCode": "16",
            "targets": [
                {
                    "targetCode": "16.1",
                    "indicators": [
                        {
                            "indicatorCode": "16.1.1",
                            "facts": [
                                {
                                    "seriesCode": "VC_IHR_PSRC",
                                    "seriesTitle": "Number of victims of intentional homicide per 100,000 population, by sex (victims per 100,000 population)",
                                    "hub": "b65e89e905a744e5992889ddc27f8fc7",
                                    "slice_dimensions": {},
                                    "text_type": "11",
                                    "fact_text": "In <span class='fact-year'> 2016</span> , the intentional homicide rate was <span class='fact-value'> 18.51</span>  <span class='fact-unit'> per 100,000 population</span> . ",
                                    "fact_values": [
                                        "18.51"
                                    ],
                                    "fact_units": [
                                        " per 100,000 population"
                                    ],
                                    "fact_years": [
                                        "2016"
                                    ],
                                    "data_years": [
                                        "2010",
                                        "2011",
                                        "2012",
                                        "2013",
                                        "2014",
                                        "2015",
                                        "2016"
                                    ],
                                    "data_values": [
                                        "27.36",
                                        "31.40",
                                        "27.15",
                                        "24.45",
                                        "19.02",
                                        "16.85",
                                        "18.51"
                                    ],
                                    "data_is_censored": [
                                        false,
                                        false,
                                        false,
                                        false,
                                        false,
                                        false,
                                        false
                                    ],
                                    "data_numeric_part": [
                                        27.0,
                                        31.0,
                                        27.0,
                                        24.0,
                                        19.0,
                                        17.0,
                                        19.0
                                    ],
                                    "preferred_visualization": "time_series"
                                }
                            ]
                        }
                    ]
                }
            ]
        },
        {
            "goalCode": "17",
            "targets": [
                {
                    "targetCode": "17.6",
                    "indicators": [
                        {
                            "indicatorCode": "17.6.2",
                            "facts": [
                                {
                                    "seriesCode": "IT_NET_BBP",
                                    "seriesTitle": "Fixed Internet broadband subscriptions per 100\u00a0inhabitants, by speed (per 100 inhabitants)",
                                    "hub": "f59cf3f8a0ec41a2b601a28682e6f2c8",
                                    "slice_dimensions": {
                                        "Type of speed": "ANYS"
                                    },
                                    "text_type": "15",
                                    "fact_text": "In <span class='fact-year'> 2017</span> , fixed-broadband internet penetration reached <span class='fact-value'> 19.28</span>  <span class='fact-unit'>% of the population</span> , up from 0.06% of the population in <span class='fact-year'> 2001</span> .",
                                    "fact_values": [
                                        "0.06",
                                        "19.28"
                                    ],
                                    "fact_units": [
                                        "% of the population",
                                        "% of the population"
                                    ],
                                    "fact_years": [
                                        "2001",
                                        "2017"
                                    ],
                                    "data_years": [
                                        "2012",
                                        "2013",
                                        "2014",
                                        "2015",
                                        "2009",
                                        "2011",
                                        "2010",
                                        "2016",
                                        "2017",
                                        "2008",
                                        "2001",
                                        "2006",
                                        "2005",
                                        "2007",
                                        "2002",
                                        "2003",
                                        "2004"
                                    ],
                                    "data_values": [
                                        "15.50",
                                        "16.31",
                                        "16.58",
                                        "19.17",
                                        "12.89",
                                        "15.06",
                                        "14.84",
                                        "20.02",
                                        "19.28",
                                        "11.41",
                                        "0.06",
                                        "4.00",
                                        "3.14",
                                        "4.86",
                                        "0.60",
                                        "1.43",
                                        "2.29"
                                    ],
                                    "data_is_censored": [
                                        false,
                                        false,
                                        false,
                                        false,
                                        false,
                                        false,
                                        false,
                                        false,
                                        false,
                                        false,
                                        false,
                                        false,
                                        false,
                                        false,
                                        false,
                                        false,
                                        false
                                    ],
                                    "data_numeric_part": [
                                        16.0,
                                        16.0,
                                        17.0,
                                        19.0,
                                        13.0,
                                        15.0,
                                        15.0,
                                        20.0,
                                        19.0,
                                        11.0,
                                        0.06,
                                        4.0,
                                        3.1,
                                        4.9,
                                        0.6,
                                        1.4,
                                        2.3
                                    ],
                                    "preferred_visualization": "time_series"
                                }
                            ]
                        }
                    ]
                },
                {
                    "targetCode": "17.18",
                    "indicators": [
                        {
                            "indicatorCode": "17.18.3",
                            "facts": [
                                {
                                    "seriesCode": "SG_STT_NSDSFND",
                                    "seriesTitle": "Countries with national statistical plans that are fully funded (1 = YES; 0 = NO)",
                                    "hub": "bc201a5c69e94e23b45bad86c828f1be",
                                    "slice_dimensions": {},
                                    "text_type": "12",
                                    "fact_text": "As of <span class='fact-year'> 2018</span> , Puerto Rico has developed national statistical plans that are fully funded.",
                                    "fact_values": [
                                        "1"
                                    ],
                                    "fact_units": [
                                        ""
                                    ],
                                    "fact_years": [
                                        "2018"
                                    ],
                                    "data_years": [
                                        "2018"
                                    ],
                                    "data_values": [
                                        "1"
                                    ],
                                    "data_is_censored": [
                                        false
                                    ],
                                    "data_numeric_part": [
                                        1.0
                                    ],
                                    "preferred_visualization": "boolean"
                                }
                            ]
                        }
                    ]
                }
            ]
        }
    ]
}