{
    "release": "2019.Q1.G.02",
    "country_code": "583",
    "country_name": "Micronesia, Federated States of",
    "X": "158.225216",
    "Y": "6.880670092",
    "goals": [
        {
            "goalCode": "1",
            "targets": [
                {
                    "targetCode": "1.1",
                    "indicators": [
                        {
                            "indicatorCode": "1.1.1",
                            "facts": [
                                {
                                    "seriesCode": "SI_POV_DAY1",
                                    "seriesTitle": "Proportion of population below international poverty line (%)",
                                    "hub": "ed6ee35ad584405b8f3ef2abc22f6948",
                                    "slice_dimensions": {},
                                    "text_type": "1",
                                    "fact_text": "The proportion of the population living below the extreme poverty line increased from <span class='fact-value'>8.5</span> <span class='fact-unit'>%</span> in <span class='fact-year'>2005</span> to <span class='fact-value'>16%</span>  in  <span class='fact-year'>2013</span>.",
                                    "fact_values": [
                                        "8.5",
                                        "16"
                                    ],
                                    "fact_units": [
                                        "%",
                                        "%"
                                    ],
                                    "fact_years": [
                                        "2005",
                                        "2013"
                                    ],
                                    "data_years": [
                                        "2013",
                                        "2005"
                                    ],
                                    "data_values": [
                                        "16",
                                        "8.5"
                                    ],
                                    "data_is_censored": [
                                        false,
                                        false
                                    ],
                                    "data_numeric_part": [
                                        16.0,
                                        8.5
                                    ],
                                    "preferred_visualization": "singleton"
                                }
                            ]
                        }
                    ]
                },
                {
                    "targetCode": "1.2",
                    "indicators": [
                        {
                            "indicatorCode": "1.2.1",
                            "facts": [
                                {
                                    "seriesCode": "SI_POV_NAHC",
                                    "seriesTitle": "Proportion of population living below the national poverty line (%)",
                                    "hub": "f4cb37d065aa4b6981d93e8266f63fd0",
                                    "slice_dimensions": {
                                        "Location": "ALLAREA"
                                    },
                                    "text_type": "1",
                                    "fact_text": "The proportion of population living below the national poverty line increased from <span class='fact-value'>29.9</span> <span class='fact-unit'>%</span> in <span class='fact-year'>2005</span> to <span class='fact-value'>41.2%</span>  in  <span class='fact-year'>2013</span>.",
                                    "fact_values": [
                                        "29.9",
                                        "41.2"
                                    ],
                                    "fact_units": [
                                        "%",
                                        "%"
                                    ],
                                    "fact_years": [
                                        "2005",
                                        "2013"
                                    ],
                                    "data_years": [
                                        "2005",
                                        "2013"
                                    ],
                                    "data_values": [
                                        "29.9",
                                        "41.2"
                                    ],
                                    "data_is_censored": [
                                        false,
                                        false
                                    ],
                                    "data_numeric_part": [
                                        30.0,
                                        41.0
                                    ],
                                    "preferred_visualization": "singleton"
                                }
                            ]
                        }
                    ]
                }
            ]
        },
        {
            "goalCode": "3",
            "targets": [
                {
                    "targetCode": "3.1",
                    "indicators": [
                        {
                            "indicatorCode": "3.1.1",
                            "facts": [
                                {
                                    "seriesCode": "SH_STA_MMR",
                                    "seriesTitle": "Maternal mortality ratio",
                                    "hub": "0c846dfa5bab411c9a1a21ae40dd0232",
                                    "slice_dimensions": {
                                        "Bounds": "MP"
                                    },
                                    "text_type": "14",
                                    "fact_text": "The maternal mortality ratio decreased from <span class='fact-value'>183</span>  <span class='fact-unit'> per 100,000 live births</span>  in <span class='fact-year'> 1990</span>  to <span class='fact-value'> 100</span>  <span class='fact-unit'> per 100,000 live births</span>  in <span class='fact-year'> 2015</span> .",
                                    "fact_values": [
                                        "183",
                                        "100"
                                    ],
                                    "fact_units": [
                                        " per 100,000 live births",
                                        " per 100,000 live births"
                                    ],
                                    "fact_years": [
                                        "1990",
                                        "2015"
                                    ],
                                    "data_years": [
                                        "2012",
                                        "2011",
                                        "2010",
                                        "2009",
                                        "2013",
                                        "2015",
                                        "2014",
                                        "2008",
                                        "1990",
                                        "2003",
                                        "2002",
                                        "2001",
                                        "2000",
                                        "2004",
                                        "2007",
                                        "2006",
                                        "2005",
                                        "1999",
                                        "1994",
                                        "1993",
                                        "1992",
                                        "1991",
                                        "1995",
                                        "1998",
                                        "1997",
                                        "1996"
                                    ],
                                    "data_values": [
                                        "107",
                                        "110",
                                        "115",
                                        "118",
                                        "104",
                                        "100",
                                        "102",
                                        "122",
                                        "183",
                                        "143",
                                        "148",
                                        "150",
                                        "153",
                                        "139",
                                        "126",
                                        "130",
                                        "134",
                                        "156",
                                        "169",
                                        "173",
                                        "175",
                                        "179",
                                        "166",
                                        "159",
                                        "161",
                                        "164"
                                    ],
                                    "data_is_censored": [
                                        false,
                                        false,
                                        false,
                                        false,
                                        false,
                                        false,
                                        false,
                                        false,
                                        false,
                                        false,
                                        false,
                                        false,
                                        false,
                                        false,
                                        false,
                                        false,
                                        false,
                                        false,
                                        false,
                                        false,
                                        false,
                                        false,
                                        false,
                                        false,
                                        false,
                                        false
                                    ],
                                    "data_numeric_part": [
                                        107.0,
                                        110.0,
                                        115.0,
                                        118.0,
                                        104.0,
                                        100.0,
                                        102.0,
                                        122.0,
                                        183.0,
                                        143.0,
                                        148.0,
                                        150.0,
                                        153.0,
                                        139.0,
                                        126.0,
                                        130.0,
                                        134.0,
                                        156.0,
                                        169.0,
                                        173.0,
                                        175.0,
                                        179.0,
                                        166.0,
                                        159.0,
                                        161.0,
                                        164.0
                                    ],
                                    "preferred_visualization": "time_series"
                                }
                            ]
                        }
                    ]
                },
                {
                    "targetCode": "3.2",
                    "indicators": [
                        {
                            "indicatorCode": "3.2.1",
                            "facts": [
                                {
                                    "seriesCode": "SH_DYN_MORT",
                                    "seriesTitle": "Under-five mortality rate, by sex (deaths per 1,000 live births)",
                                    "hub": "216c7516b9444f289e8f7910c8726e9f",
                                    "slice_dimensions": {
                                        "Age": "<5Y",
                                        "Sex": "BOTHSEX"
                                    },
                                    "text_type": "1",
                                    "fact_text": "The mortality rate of children under age 5 fell from <span class='fact-value'>53.5</span> <span class='fact-unit'> per 1,000 live births</span> in <span class='fact-year'>2000</span> to <span class='fact-value'>32.2 per 1,000 live births</span>  in  <span class='fact-year'>2017</span>.",
                                    "fact_values": [
                                        "53.5",
                                        "32.2"
                                    ],
                                    "fact_units": [
                                        " per 1,000 live births",
                                        " per 1,000 live births"
                                    ],
                                    "fact_years": [
                                        "2000",
                                        "2017"
                                    ],
                                    "data_years": [
                                        "2005",
                                        "2007",
                                        "2006",
                                        "2001",
                                        "2002",
                                        "2000",
                                        "2004",
                                        "2003",
                                        "2016",
                                        "2014",
                                        "2015",
                                        "2017",
                                        "2010",
                                        "2008",
                                        "2009",
                                        "2013",
                                        "2011",
                                        "2012"
                                    ],
                                    "data_values": [
                                        "47",
                                        "44.2",
                                        "45.6",
                                        "52.4",
                                        "51.1",
                                        "53.5",
                                        "48.4",
                                        "49.8",
                                        "33.1",
                                        "35.3",
                                        "34.2",
                                        "32.2",
                                        "40.2",
                                        "42.7",
                                        "41.4",
                                        "36.5",
                                        "38.9",
                                        "37.7"
                                    ],
                                    "data_is_censored": [
                                        false,
                                        false,
                                        false,
                                        false,
                                        false,
                                        false,
                                        false,
                                        false,
                                        false,
                                        false,
                                        false,
                                        false,
                                        false,
                                        false,
                                        false,
                                        false,
                                        false,
                                        false
                                    ],
                                    "data_numeric_part": [
                                        47.0,
                                        44.0,
                                        46.0,
                                        52.0,
                                        51.0,
                                        54.0,
                                        48.0,
                                        50.0,
                                        33.0,
                                        35.0,
                                        34.0,
                                        32.0,
                                        40.0,
                                        43.0,
                                        41.0,
                                        37.0,
                                        39.0,
                                        38.0
                                    ],
                                    "preferred_visualization": "time_series"
                                }
                            ]
                        }
                    ]
                },
                {
                    "targetCode": "3.4",
                    "indicators": [
                        {
                            "indicatorCode": "3.4.1",
                            "facts": [
                                {
                                    "seriesCode": "SH_DTH_NCOM",
                                    "seriesTitle": "Mortality rate attributed to cardiovascular disease, cancer, diabetes or chronic respiratory disease (probability)",
                                    "hub": "512b7b1d05a14b90853ea5ca1d003b1b",
                                    "slice_dimensions": {
                                        "Age": "30-70",
                                        "Sex": "BOTHSEX"
                                    },
                                    "text_type": "1",
                                    "fact_text": "The risk of dying between the ages of 30 and 70 from one of four main non-communicable diseases (NCDs) - cardiovascular disease, cancer, diabetes or chronic respiratory disease - was <span class='fact-value'>26.1</span> <span class='fact-unit'>%</span> in <span class='fact-year'>2016</span>.",
                                    "fact_values": [
                                        "26.1"
                                    ],
                                    "fact_units": [
                                        "%"
                                    ],
                                    "fact_years": [
                                        "2016"
                                    ],
                                    "data_years": [
                                        "2016",
                                        "2000",
                                        "2005",
                                        "2010",
                                        "2015"
                                    ],
                                    "data_values": [
                                        "26.1",
                                        "27.4",
                                        "27.2",
                                        "26.4",
                                        "26.5"
                                    ],
                                    "data_is_censored": [
                                        false,
                                        false,
                                        false,
                                        false,
                                        false
                                    ],
                                    "data_numeric_part": [
                                        26.0,
                                        27.0,
                                        27.0,
                                        26.0,
                                        27.0
                                    ],
                                    "preferred_visualization": "time_series"
                                }
                            ]
                        }
                    ]
                }
            ]
        },
        {
            "goalCode": "4",
            "targets": [
                {
                    "targetCode": "4.2",
                    "indicators": [
                        {
                            "indicatorCode": "4.2.2",
                            "facts": [
                                {
                                    "seriesCode": "SE_PRE_PARTN",
                                    "seriesTitle": "Participation rate in organized learning (one year before the official primary entry age), by sex (%)",
                                    "hub": "3459681b792a4979a9d9731c75f7f80d",
                                    "slice_dimensions": {
                                        "Sex": "BOTHSEX"
                                    },
                                    "text_type": "2",
                                    "fact_text": "In <span class='fact-year'>2015</span>, <span class='fact-value'>76.41674</span> <span class='fact-unit'>% </span> of children participated in pre-primary or primary education in the year prior to the official entrance age for primary school",
                                    "fact_values": [
                                        "76.41674"
                                    ],
                                    "fact_units": [
                                        "% "
                                    ],
                                    "fact_years": [
                                        "2015"
                                    ],
                                    "data_years": [
                                        "2015"
                                    ],
                                    "data_values": [
                                        "76.41674"
                                    ],
                                    "data_is_censored": [
                                        false
                                    ],
                                    "data_numeric_part": [
                                        76.0
                                    ],
                                    "preferred_visualization": "singleton"
                                }
                            ]
                        }
                    ]
                }
            ]
        },
        {
            "goalCode": "5",
            "targets": [
                {
                    "targetCode": "5.5",
                    "indicators": [
                        {
                            "indicatorCode": "5.5.1",
                            "facts": [
                                {
                                    "seriesCode": "SG_GEN_PARL",
                                    "seriesTitle": "Proportion of seats held by women in national parliaments (% of total number of seats)",
                                    "hub": "337524c727bd498c8726f9f6bc6512e1",
                                    "slice_dimensions": {
                                        "Sex": "FEMALE"
                                    },
                                    "text_type": "1",
                                    "fact_text": "The proportion of seats held by women in single or lower houses of parliament<span class='fact-value'>0</span> <span class='fact-unit'>%</span> in <span class='fact-year'>2000</span> to <span class='fact-value'>0%</span>  in  <span class='fact-year'>2018</span>.",
                                    "fact_values": [
                                        "0",
                                        "0"
                                    ],
                                    "fact_units": [
                                        "%",
                                        "%"
                                    ],
                                    "fact_years": [
                                        "2000",
                                        "2018"
                                    ],
                                    "data_years": [
                                        "2013",
                                        "2018",
                                        "2016",
                                        "2017",
                                        "2014",
                                        "2015",
                                        "2004",
                                        "2003",
                                        "2005",
                                        "2000",
                                        "2002",
                                        "2001",
                                        "2010",
                                        "2012",
                                        "2011",
                                        "2007",
                                        "2006",
                                        "2009",
                                        "2008"
                                    ],
                                    "data_values": [
                                        "0",
                                        "0",
                                        "0",
                                        "0",
                                        "0",
                                        "0",
                                        "0",
                                        "0",
                                        "0",
                                        "0",
                                        "0",
                                        "0",
                                        "0",
                                        "0",
                                        "0",
                                        "0",
                                        "0",
                                        "0",
                                        "0"
                                    ],
                                    "data_is_censored": [
                                        false,
                                        false,
                                        false,
                                        false,
                                        false,
                                        false,
                                        false,
                                        false,
                                        false,
                                        false,
                                        false,
                                        false,
                                        false,
                                        false,
                                        false,
                                        false,
                                        false,
                                        false,
                                        false
                                    ],
                                    "data_numeric_part": [
                                        0.0,
                                        0.0,
                                        0.0,
                                        0.0,
                                        0.0,
                                        0.0,
                                        0.0,
                                        0.0,
                                        0.0,
                                        0.0,
                                        0.0,
                                        0.0,
                                        0.0,
                                        0.0,
                                        0.0,
                                        0.0,
                                        0.0,
                                        0.0,
                                        0.0
                                    ],
                                    "preferred_visualization": "time_series"
                                }
                            ]
                        }
                    ]
                }
            ]
        },
        {
            "goalCode": "7",
            "targets": [
                {
                    "targetCode": "7.1",
                    "indicators": [
                        {
                            "indicatorCode": "7.1.1",
                            "facts": [
                                {
                                    "seriesCode": "EG_ELC_ACCS",
                                    "seriesTitle": "Proportion of population with access to electricity, by urban/rural (%)",
                                    "hub": "81cf3e70351c4895828a2486efa2142c",
                                    "slice_dimensions": {
                                        "Location": "ALLAREA"
                                    },
                                    "text_type": "1",
                                    "fact_text": "The proportion of the population with access to electricity increased from <span class='fact-value'>46.00</span> <span class='fact-unit'>%</span> in <span class='fact-year'>2000</span> to <span class='fact-value'>75.44%</span>  in  <span class='fact-year'>2016</span>.",
                                    "fact_values": [
                                        "46.00",
                                        "75.44"
                                    ],
                                    "fact_units": [
                                        "%",
                                        "%"
                                    ],
                                    "fact_years": [
                                        "2000",
                                        "2016"
                                    ],
                                    "data_years": [
                                        "2004",
                                        "2006",
                                        "2005",
                                        "2000",
                                        "2001",
                                        "2003",
                                        "2002",
                                        "2014",
                                        "2015",
                                        "2012",
                                        "2013",
                                        "2016",
                                        "2008",
                                        "2007",
                                        "2011",
                                        "2009",
                                        "2010"
                                    ],
                                    "data_values": [
                                        "53.49",
                                        "56.99",
                                        "55.23",
                                        "46.00",
                                        "48.27",
                                        "51.75",
                                        "50.01",
                                        "71.67",
                                        "73.55",
                                        "67.92",
                                        "69.80",
                                        "75.44",
                                        "60.56",
                                        "58.76",
                                        "66.06",
                                        "62.38",
                                        "64.53"
                                    ],
                                    "data_is_censored": [
                                        false,
                                        false,
                                        false,
                                        false,
                                        false,
                                        false,
                                        false,
                                        false,
                                        false,
                                        false,
                                        false,
                                        false,
                                        false,
                                        false,
                                        false,
                                        false,
                                        false
                                    ],
                                    "data_numeric_part": [
                                        53.0,
                                        57.0,
                                        55.0,
                                        46.0,
                                        48.0,
                                        52.0,
                                        50.0,
                                        72.0,
                                        74.0,
                                        68.0,
                                        70.0,
                                        75.0,
                                        61.0,
                                        59.0,
                                        66.0,
                                        62.0,
                                        65.0
                                    ],
                                    "preferred_visualization": "time_series"
                                }
                            ]
                        },
                        {
                            "indicatorCode": "7.1.2",
                            "facts": [
                                {
                                    "seriesCode": "EG_EGY_CLEAN",
                                    "seriesTitle": "Proportion of population with primary reliance on clean fuels and technology (%)",
                                    "hub": "b087399f0b874ab9948714edcd49cbdd",
                                    "slice_dimensions": {},
                                    "text_type": "8",
                                    "fact_text": "In <span class='fact-year'> 2017</span> , <span class='fact-value'> 12</span>  <span class='fact-unit'>% </span> of the population relied primarily on clean fuels and technology.",
                                    "fact_values": [
                                        "12"
                                    ],
                                    "fact_units": [
                                        "% "
                                    ],
                                    "fact_years": [
                                        "2017"
                                    ],
                                    "data_years": [
                                        "2017",
                                        "2016",
                                        "2015",
                                        "2010",
                                        "2005",
                                        "2000"
                                    ],
                                    "data_values": [
                                        "12",
                                        "12",
                                        "12",
                                        "12",
                                        "11",
                                        "11"
                                    ],
                                    "data_is_censored": [
                                        false,
                                        false,
                                        false,
                                        false,
                                        false,
                                        false
                                    ],
                                    "data_numeric_part": [
                                        12.0,
                                        12.0,
                                        12.0,
                                        12.0,
                                        11.0,
                                        11.0
                                    ],
                                    "preferred_visualization": "time_series"
                                }
                            ]
                        }
                    ]
                }
            ]
        },
        {
            "goalCode": "8",
            "targets": [
                {
                    "targetCode": "8.4",
                    "indicators": [
                        {
                            "indicatorCode": "8.4.2",
                            "facts": [
                                {
                                    "seriesCode": "EN_MAT_DOMCMPC",
                                    "seriesTitle": "Domestic material consumption per capita, by type of raw material (tonnes)",
                                    "hub": "995242b2ec9f4a21975ef7d47b5657bb",
                                    "slice_dimensions": {
                                        "Type of product": "RAW"
                                    },
                                    "text_type": "1",
                                    "fact_text": "Domestic material consumption increased from <span class='fact-value'>1.3969</span> <span class='fact-unit'> metric tons per capita</span> in <span class='fact-year'>2000</span> to <span class='fact-value'>2.30558 metric tons per capita</span>  in  <span class='fact-year'>2017</span>.",
                                    "fact_values": [
                                        "1.3969",
                                        "2.30558"
                                    ],
                                    "fact_units": [
                                        " metric tons per capita",
                                        " metric tons per capita"
                                    ],
                                    "fact_years": [
                                        "2000",
                                        "2017"
                                    ],
                                    "data_years": [
                                        "2005",
                                        "2004",
                                        "2003",
                                        "2008",
                                        "2006",
                                        "2007",
                                        "2002",
                                        "2000",
                                        "2001",
                                        "2017",
                                        "2016",
                                        "2015",
                                        "2011",
                                        "2010",
                                        "2009",
                                        "2012",
                                        "2014",
                                        "2013"
                                    ],
                                    "data_values": [
                                        "2.86682",
                                        "2.94682",
                                        "2.46308",
                                        "1.81269",
                                        "3.02035",
                                        "1.81133",
                                        "1.42844",
                                        "1.3969",
                                        "1.4113",
                                        "2.30558",
                                        "2.28711",
                                        "2.26618",
                                        "1.90916",
                                        "1.75875",
                                        "1.7232",
                                        "2.07928",
                                        "2.24172",
                                        "2.07794"
                                    ],
                                    "data_is_censored": [
                                        false,
                                        false,
                                        false,
                                        false,
                                        false,
                                        false,
                                        false,
                                        false,
                                        false,
                                        false,
                                        false,
                                        false,
                                        false,
                                        false,
                                        false,
                                        false,
                                        false,
                                        false
                                    ],
                                    "data_numeric_part": [
                                        2.9,
                                        2.9,
                                        2.5,
                                        1.8,
                                        3.0,
                                        1.8,
                                        1.4,
                                        1.4,
                                        1.4,
                                        2.3,
                                        2.3,
                                        2.3,
                                        1.9,
                                        1.8,
                                        1.7,
                                        2.1,
                                        2.2,
                                        2.1
                                    ],
                                    "preferred_visualization": "time_series"
                                }
                            ]
                        }
                    ]
                },
                {
                    "targetCode": "8.1",
                    "indicators": [
                        {
                            "indicatorCode": "8.1.1",
                            "facts": [
                                {
                                    "seriesCode": "NY_GDP_PCAP",
                                    "seriesTitle": "Annual growth rate of real GDP per capita (%)",
                                    "hub": "3cb997d2497148e68dca6787fcb84ca5",
                                    "slice_dimensions": {},
                                    "text_type": "1",
                                    "fact_text": "The annual growth rate of real gross domestic product (GDP) per capita declined from <span class='fact-value'>5.00</span> <span class='fact-unit'>%</span> in <span class='fact-year'>2000</span> to <span class='fact-value'>1.41%</span>  in  <span class='fact-year'>2017</span>.",
                                    "fact_values": [
                                        "5.00",
                                        "1.41"
                                    ],
                                    "fact_units": [
                                        "%",
                                        "%"
                                    ],
                                    "fact_years": [
                                        "2000",
                                        "2017"
                                    ],
                                    "data_years": [
                                        "2011",
                                        "2010",
                                        "2009",
                                        "2008",
                                        "2007",
                                        "2006",
                                        "2005",
                                        "2004",
                                        "2012",
                                        "2013",
                                        "2016",
                                        "2015",
                                        "2014",
                                        "2017",
                                        "2003",
                                        "2002",
                                        "2001",
                                        "2000"
                                    ],
                                    "data_values": [
                                        "3.50",
                                        "2.38",
                                        "1.68",
                                        "-1.66",
                                        "-1.40",
                                        "0.15",
                                        "2.43",
                                        "-2.59",
                                        "-2.02",
                                        "-4.04",
                                        "-0.54",
                                        "4.51",
                                        "-2.45",
                                        "1.41",
                                        "2.00",
                                        "0.80",
                                        "1.92",
                                        "5.00"
                                    ],
                                    "data_is_censored": [
                                        false,
                                        false,
                                        false,
                                        false,
                                        false,
                                        false,
                                        false,
                                        false,
                                        false,
                                        false,
                                        false,
                                        false,
                                        false,
                                        false,
                                        false,
                                        false,
                                        false,
                                        false
                                    ],
                                    "data_numeric_part": [
                                        3.5,
                                        2.4,
                                        1.7,
                                        -1.66,
                                        -1.4,
                                        0.15,
                                        2.4,
                                        -2.59,
                                        -2.02,
                                        -4.04,
                                        -0.54,
                                        4.5,
                                        -2.45,
                                        1.4,
                                        2.0,
                                        0.8,
                                        1.9,
                                        5.0
                                    ],
                                    "preferred_visualization": "time_series"
                                }
                            ]
                        }
                    ]
                }
            ]
        },
        {
            "goalCode": "11",
            "targets": [
                {
                    "targetCode": "11.6",
                    "indicators": [
                        {
                            "indicatorCode": "11.6.2",
                            "facts": [
                                {
                                    "seriesCode": "EN_ATM_PM25",
                                    "seriesTitle": "Annual mean levels of fine particulate matter in cities, urban population (micrograms per cubic meter)",
                                    "hub": "5b43bb59961a46daa3b8af9384f60103",
                                    "slice_dimensions": {
                                        "Location": "ALLAREA"
                                    },
                                    "text_type": "10",
                                    "fact_text": "In <span class='fact-year'> 2016</span> , the annual population-weighted average mean concentration of fine suspended particles of less than 2.5 microns in diameters (PM2.5) was about <span class='fact-value'> 10.2341623306274</span>  <span class='fact-unit'> micrograms per cubic metre</span> .  This is above the maximum level for safety set by WHO of 10 micrograms per cubic metre.",
                                    "fact_values": [
                                        "10.2341623306274"
                                    ],
                                    "fact_units": [
                                        " micrograms per cubic metre"
                                    ],
                                    "fact_years": [
                                        "2016"
                                    ],
                                    "data_years": [
                                        "2016"
                                    ],
                                    "data_values": [
                                        "10.2341623306274"
                                    ],
                                    "data_is_censored": [
                                        false
                                    ],
                                    "data_numeric_part": [
                                        10.0
                                    ],
                                    "preferred_visualization": "threshold"
                                }
                            ]
                        }
                    ]
                }
            ]
        },
        {
            "goalCode": "12",
            "targets": [
                {
                    "targetCode": "12.2",
                    "indicators": [
                        {
                            "indicatorCode": "12.2.2",
                            "facts": [
                                {
                                    "seriesCode": "EN_MAT_DOMCMPC",
                                    "seriesTitle": "Domestic material consumption per capita, by type of raw material (tonnes)",
                                    "hub": "995242b2ec9f4a21975ef7d47b5657bb",
                                    "slice_dimensions": {
                                        "Type of product": "RAW"
                                    },
                                    "text_type": "1",
                                    "fact_text": "Domestic material consumption increased from <span class='fact-value'>1.3969</span> <span class='fact-unit'> metric tons per capita</span> in <span class='fact-year'>2000</span> to <span class='fact-value'>2.30558 metric tons per capita</span>  in  <span class='fact-year'>2017</span>.",
                                    "fact_values": [
                                        "1.3969",
                                        "2.30558"
                                    ],
                                    "fact_units": [
                                        " metric tons per capita",
                                        " metric tons per capita"
                                    ],
                                    "fact_years": [
                                        "2000",
                                        "2017"
                                    ],
                                    "data_years": [
                                        "2005",
                                        "2004",
                                        "2003",
                                        "2008",
                                        "2006",
                                        "2007",
                                        "2002",
                                        "2000",
                                        "2001",
                                        "2017",
                                        "2016",
                                        "2015",
                                        "2011",
                                        "2010",
                                        "2009",
                                        "2012",
                                        "2014",
                                        "2013"
                                    ],
                                    "data_values": [
                                        "2.86682",
                                        "2.94682",
                                        "2.46308",
                                        "1.81269",
                                        "3.02035",
                                        "1.81133",
                                        "1.42844",
                                        "1.3969",
                                        "1.4113",
                                        "2.30558",
                                        "2.28711",
                                        "2.26618",
                                        "1.90916",
                                        "1.75875",
                                        "1.7232",
                                        "2.07928",
                                        "2.24172",
                                        "2.07794"
                                    ],
                                    "data_is_censored": [
                                        false,
                                        false,
                                        false,
                                        false,
                                        false,
                                        false,
                                        false,
                                        false,
                                        false,
                                        false,
                                        false,
                                        false,
                                        false,
                                        false,
                                        false,
                                        false,
                                        false,
                                        false
                                    ],
                                    "data_numeric_part": [
                                        2.9,
                                        2.9,
                                        2.5,
                                        1.8,
                                        3.0,
                                        1.8,
                                        1.4,
                                        1.4,
                                        1.4,
                                        2.3,
                                        2.3,
                                        2.3,
                                        1.9,
                                        1.8,
                                        1.7,
                                        2.1,
                                        2.2,
                                        2.1
                                    ],
                                    "preferred_visualization": "time_series"
                                }
                            ]
                        }
                    ]
                }
            ]
        },
        {
            "goalCode": "14",
            "targets": [
                {
                    "targetCode": "14.5",
                    "indicators": [
                        {
                            "indicatorCode": "14.5.1",
                            "facts": [
                                {
                                    "seriesCode": "ER_MRN_MARIN",
                                    "seriesTitle": "Coverage of protected areas in relation to marine areas (Exclusive Economic Zones) (%)",
                                    "hub": "2a0cad7f76284e8c978bfcb0fa15cd76",
                                    "slice_dimensions": {},
                                    "text_type": "8",
                                    "fact_text": "In <span class='fact-year'> 2018</span> , <span class='fact-value'> 0.01577</span>  <span class='fact-unit'>% </span> of the marine environment under national jurisdiction (up to 200 nautical miles from shore) was under protection.",
                                    "fact_values": [
                                        "0.01577"
                                    ],
                                    "fact_units": [
                                        "% "
                                    ],
                                    "fact_years": [
                                        "2018"
                                    ],
                                    "data_years": [
                                        "2018"
                                    ],
                                    "data_values": [
                                        "0.01577"
                                    ],
                                    "data_is_censored": [
                                        false
                                    ],
                                    "data_numeric_part": [
                                        0.02
                                    ],
                                    "preferred_visualization": "singleton"
                                }
                            ]
                        }
                    ]
                }
            ]
        },
        {
            "goalCode": "15",
            "targets": [
                {
                    "targetCode": "15.1",
                    "indicators": [
                        {
                            "indicatorCode": "15.1.1",
                            "facts": [
                                {
                                    "seriesCode": "AG_LND_FRST",
                                    "seriesTitle": "Forest area as a proportion of total land area (%)",
                                    "hub": "e23061ce674142b5b33c46ea5e031658",
                                    "slice_dimensions": {},
                                    "text_type": "1",
                                    "fact_text": "Land area covered by forest was <span class='fact-value'>91.80714</span> <span class='fact-unit'>%</span> in <span class='fact-year'>2015</span>.",
                                    "fact_values": [
                                        "91.80714"
                                    ],
                                    "fact_units": [
                                        "%"
                                    ],
                                    "fact_years": [
                                        "2015"
                                    ],
                                    "data_years": [
                                        "2015",
                                        "2010",
                                        "2005",
                                        "2000"
                                    ],
                                    "data_values": [
                                        "91.80714",
                                        "91.61286",
                                        "91.41857",
                                        "91.22286"
                                    ],
                                    "data_is_censored": [
                                        false,
                                        false,
                                        false,
                                        false
                                    ],
                                    "data_numeric_part": [
                                        92.0,
                                        92.0,
                                        91.0,
                                        91.0
                                    ],
                                    "preferred_visualization": "time_series"
                                }
                            ]
                        },
                        {
                            "indicatorCode": "15.1.2",
                            "facts": [
                                {
                                    "seriesCode": "ER_PTD_TERRS",
                                    "seriesTitle": "Average proportion of Terrestrial Key Biodiversity Areas (KBAs) covered by protected areas (%)",
                                    "hub": "c2c0216c53744dd7b5278e398328bc99",
                                    "slice_dimensions": {
                                        "Bounds": "MP"
                                    },
                                    "text_type": "7",
                                    "fact_text": "The average proportion of terrestrial key biodiversity areas (KBAs) covered by protected areas was <span class='fact-value'> 0.02579</span>  <span class='fact-unit'>%</span>  in <span class='fact-year'> 2018</span> .",
                                    "fact_values": [
                                        "0.02579"
                                    ],
                                    "fact_units": [
                                        "%"
                                    ],
                                    "fact_years": [
                                        "2018"
                                    ],
                                    "data_years": [
                                        "2004",
                                        "2005",
                                        "2006",
                                        "2007",
                                        "2008",
                                        "2009",
                                        "2003",
                                        "2000",
                                        "2001",
                                        "2002",
                                        "2010",
                                        "2018",
                                        "2011",
                                        "2012",
                                        "2013",
                                        "2014",
                                        "2015",
                                        "2016",
                                        "2017"
                                    ],
                                    "data_values": [
                                        "0.02579",
                                        "0.02579",
                                        "0.02579",
                                        "0.02579",
                                        "0.02579",
                                        "0.02579",
                                        "0.02579",
                                        "0.02579",
                                        "0.02579",
                                        "0.02579",
                                        "0.02579",
                                        "0.02579",
                                        "0.02579",
                                        "0.02579",
                                        "0.02579",
                                        "0.02579",
                                        "0.02579",
                                        "0.02579",
                                        "0.02579"
                                    ],
                                    "data_is_censored": [
                                        false,
                                        false,
                                        false,
                                        false,
                                        false,
                                        false,
                                        false,
                                        false,
                                        false,
                                        false,
                                        false,
                                        false,
                                        false,
                                        false,
                                        false,
                                        false,
                                        false,
                                        false,
                                        false
                                    ],
                                    "data_numeric_part": [
                                        0.03,
                                        0.03,
                                        0.03,
                                        0.03,
                                        0.03,
                                        0.03,
                                        0.03,
                                        0.03,
                                        0.03,
                                        0.03,
                                        0.03,
                                        0.03,
                                        0.03,
                                        0.03,
                                        0.03,
                                        0.03,
                                        0.03,
                                        0.03,
                                        0.03
                                    ],
                                    "preferred_visualization": "time_series"
                                }
                            ]
                        }
                    ]
                }
            ]
        },
        {
            "goalCode": "16",
            "targets": [
                {
                    "targetCode": "16.1",
                    "indicators": [
                        {
                            "indicatorCode": "16.1.1",
                            "facts": [
                                {
                                    "seriesCode": "VC_IHR_PSRC",
                                    "seriesTitle": "Number of victims of intentional homicide per 100,000 population, by sex (victims per 100,000 population)",
                                    "hub": "b65e89e905a744e5992889ddc27f8fc7",
                                    "slice_dimensions": {},
                                    "text_type": "11",
                                    "fact_text": "In <span class='fact-year'> 2015</span> , the intentional homicide rate was <span class='fact-value'> 4.67</span>  <span class='fact-unit'> per 100,000 population</span> . ",
                                    "fact_values": [
                                        "4.67"
                                    ],
                                    "fact_units": [
                                        " per 100,000 population"
                                    ],
                                    "fact_years": [
                                        "2015"
                                    ],
                                    "data_years": [
                                        "2010",
                                        "2015"
                                    ],
                                    "data_values": [
                                        "4.49",
                                        "4.67"
                                    ],
                                    "data_is_censored": [
                                        false,
                                        false
                                    ],
                                    "data_numeric_part": [
                                        4.5,
                                        4.7
                                    ],
                                    "preferred_visualization": "singleton"
                                }
                            ]
                        }
                    ]
                }
            ]
        },
        {
            "goalCode": "17",
            "targets": [
                {
                    "targetCode": "17.3",
                    "indicators": [
                        {
                            "indicatorCode": "17.3.2",
                            "facts": [
                                {
                                    "seriesCode": "BX_TRF_PWKR",
                                    "seriesTitle": "Volume of remittances (in United States dollars) as a proportion of total GDP (%)",
                                    "hub": "68e9ec78abe543889762bbdd36cd3d31",
                                    "slice_dimensions": {},
                                    "text_type": "9",
                                    "fact_text": "In <span class='fact-year'> 2016</span> , the inflow of personal remittances was <span class='fact-value'> 7.07</span>  <span class='fact-unit'>% of GDP</span> , up from <span class='fact-value'> 6.20</span>  <span class='fact-unit'>%</span>  in <span class='fact-year'> 2009</span> ",
                                    "fact_values": [
                                        "6.20% of GDP",
                                        "7.07% of GDP"
                                    ],
                                    "fact_units": [
                                        " per 100,000 population"
                                    ],
                                    "fact_years": [
                                        "2009",
                                        "2016"
                                    ],
                                    "data_years": [
                                        "2013",
                                        "2016",
                                        "2012",
                                        "2011",
                                        "2014",
                                        "2010",
                                        "2009",
                                        "2015"
                                    ],
                                    "data_values": [
                                        "6.98",
                                        "7.07",
                                        "6.38",
                                        "6.26",
                                        "7.34",
                                        "6.09",
                                        "6.20",
                                        "7.40"
                                    ],
                                    "data_is_censored": [
                                        false,
                                        false,
                                        false,
                                        false,
                                        false,
                                        false,
                                        false,
                                        false
                                    ],
                                    "data_numeric_part": [
                                        7.0,
                                        7.1,
                                        6.4,
                                        6.3,
                                        7.3,
                                        6.1,
                                        6.2,
                                        7.4
                                    ],
                                    "preferred_visualization": "time_series"
                                }
                            ]
                        }
                    ]
                }
            ]
        }
    ]
}